0.0246763650917211688116835796133877895789603645394099976359897,-0.240889007651213526882534207109382076787236620741423479087717,0.0505390603415123931348810221001411767957652630686290437200977,0.0791845864821371362590972108994973929452855100405176843961557,0.00607101556108307846689201354814565660150857805381759051839327,-0.298487871079521080065089373271327864643771585379680127993967,-0.284819785736531453310501992608975413722979522835132113000728,-0.165575777791219659283061669305735142559100992426097767531161,0.0488862504546929717654691656526569173295955938074768739963130,0.329324677548033083780212301817012569225331171666031395287689,-0.0707968297665360086919489255604329408517283662477674258515791,-0.0804549546925290041102416284211090823696379078804245252950685,0.0420179609141096657845009798748455755448624510622093388921651,0.254496190740397106013829693271999977120330576948420204394146,0.285607188682505270160368653896983435897802864463988266581686,-0.259774757232186015820908235456453621791123824253578371312940,-0.309696708240054319803787618988523808457634326127846999307897,0.144776756804787983483347268629344556555691341229510595801072,0.00581557680613789666568154228749745657758013363423269259047745,-0.529193217005922529462336472871340692006524689664652245766444
0.317033529755895214520978123578397618499352072293587746220013,0.182197597588116997315665819659970281103170251826336344649235,0.0600849575073740903637896255347606634754618020755690762404583,0.0263323045496664914491250068868932048128026908682759097241052,0.283803802809701181504645336952765187771093457923155390608323,0.137216067595993788434002283429968389024793523733748802380534,0.192792334172644268636851710311269684420034930979989494354843,0.0737498175583672537359096165641108907325470304946033452710022,0.299156503964791393582372669319152445776533705723371872317756,-0.0174623832835774793402402729078888048342375434019351555864607,0.151760808832425061956404243010476383719150743333140048682154,0.0571653006419604324771214353701003868467050102426029931669275,-0.188150579750888376653469138666102206749770721050424898819288,0.150013264827785665348794908571129712289083023994227673417839,0.0564091166521118197624685348486235144930360538436444853660003,-0.123663459073946870756955692294886244932134890464125291633425,0.0716932115379841666623969698088801542977881255157676752444553,-0.190226016786061427277356079949618969131272928156368634673998,-0.182157558939892349464168286321377803663428803977685190560147,-0.673070696965038128246141081411630155192899836508463422691938
-0.115997300717837500288840159142520406556431601143552413722505,-0.138756538541561609828374490391000441189228307618505622605693,0.144252861058729288024390643481812042060714357949652815794462,-0.348237943039438451002797971034900116142624056208996528545347,-0.0557760944866420273808386149257348446314714209505254264864385,0.148715571942139359167009478214341560213714647432556875746508,0.0370350978785716325760488926701112116543023502870042265954528,0.0609871215294880920091777122738738862641356923454625652719173,-0.401458456094689647373484145781310177259088719025722443959845,-0.115229607487228195468328630985459368065241066001905667507435,0.0975665757465909684434273881875690456914100201746582986596817,-0.131545194825286461629245491413748876517385703906879801516959,-0.217455261907089984845810923053329003683374240312933599633624,0.0182049857704616112231701047352739261896947112137370688954084,-0.136479587165250034736742388557845950774519500295292224665445,-0.139634949410116479845838169481988464957100352739519530931629,-0.271783443968877131599774261654901138551960201435913259851053,-0.190226016786061427277356079949618969131272928156368634673998,0.283963486461580826538218009603325777971019387817498988344442,-0.563199783962684893174695708122609820603288433310410808707538
0.000615623516441298905078532117375150867867033034451178630498870,-0.354358016299744565483546271386280563953107159367810514138028,-0.390648228319547425195072382611989944254089275169645539681256,-0.131836540397505418194155299842922487181730784238266612011893,-0.203179018989366830707605500437614022864189168627479660422112,-0.247146320346103940184885057681608203570260789116159938307092,0.0256262106968621095526714045819812529623576128519426196616957,0.211332284199308661978264571469430103879198440663190545687909,0.194155777920910888893087472819144060527559490111963467111245,0.121606735533812058696144862106813298051337257902662679225999,0.0545277137343798493115225531382631780206396926706803794541067,-0.145369139233922562785422313525008154570250343394919854542737,0.370969154919281476374115232652105173784583749487812364993486,0.418196560050485738203496088972149067403794494586742487216797,0.0279596515829387369795260931306883436431628334940796948743617,-0.317366388566094490919724924899741967371068902995362268630490,0.00680708018576161101285709169133801458057754444907982781950094,-0.193025877371330581448231708830081412167847544595788226438521,-0.0335413787482089502452356933867707432973521549184510496290365,0.166529083151535539803711801645412047848544813586334274165102
0.138664349736093250388441112538017707799875494214519556504839,-0.152941239955874954381742672889149093712103520791034696370286,-0.00175255047873540029014262043132851829167983341620177850571585,0.00711957756017527723134045122153184344203654503119337451658698,-0.533912542679358500261112526683666708824762950636303061041935,-0.312179879362788285661879163221961038778588901003647688472989,-0.378335186020856474520749952522016205701453302250038868690839,-0.184192176008463451506335978461927348124975414090995903779794,0.368446716195704326516746124727099703522102683618146641390628,-0.0673019876837175327068188061021654090649686005825053805962134,0.208780307755773843128393532461373750308285802166366302661909,-0.193753277177414152880507460879404138611656458983426769431958,-0.0922846113846083213272843004941069471423828485459564895151194,0.0122586039497034119226638461481844338180402406886136359645054,-0.274887655291839190224166276366659616259431654386634935656967,0.00768368941459457234006421776416958147292917454370674407058975,-0.143037992772579096724415864702203438095433658628335503732938,0.144769408028497936086173781622561059125885658446841169828891,-0.223967609552529915585700244834880815631642907664360858438027,0.0215325541100961886817850860860165459585584776961620797374608
0.326399026994639908865458460560224448583284967700867293307005,-0.176016936847951047084966625688786682936897157909019734238382,-0.0877088818160592302193903940373435271557562530508877537339167,-0.0805110118077907547853450477068634848754413588267971866469475,0.0135252596930255444200639015239498034438912106965517781573998,-0.0590839869544540684429352640330940179846388488104842833032984,-0.265164956840540072101248299433999947511561049505209062829186,-0.276684428915093641723969770444972928516399939127998446192324,0.114938306729423193618289501597885761063926502816385380989551,-0.0606086300432009218583615582038620180704939024226972376511810,-0.405336399636736639647197518251552613993628094373133763061066,-0.497682435290849682939736439208358555179907267173836437385277,0.309541882835423252708895366465860148011173868540465952059594,0.0735867620543797715052689676634390284828790002859972156418339,0.159664565296252994545744565139466598978099187926397468034845,0.255846454444190783879685379099712611829788720878514387452780,-0.175416862166966950793460305026569651355870596556062058542656,-0.193025877371330581448231708830081412167847544595788226438521,-0.0691501465580031134092063943187356861396281943323419961434071,0.0624776976848460123653863299165248587845482248517871182792033
0.0635367473474099063781269424903345915719565476659474044068179,-0.00136173015329680846352131871778990227404848951443379259225580,-0.278687039967450403064896683745504511646727853161137025401232,-0.0402915274205972794057367473534683868517647117022893159108240,-0.323267240481096873665090061818089439057063153216936064985193,-0.00295788427989899933071841740285263884329651550243633657927821,0.00225418305425053275385066230383887843376438518539360049814425,0.0374826378959530746519695368487140078197740370455473727675131,0.211059668487564157368889705681845572556008608548775763422395,-0.287195292527304713686714529440978132657604957135933269121474,-0.0596547420388079033694728005255812394297334408505554014712877,-0.173684640962541293273207287239813961967123719593033337382532,0.289258015911980005103893350195840173229959443924765757923344,-0.142556204514243367060554363066356057373025757924170811026459,0.463651106829346762631753894620111559124249651269112599895728,-0.194728048987078793481511508871608888810724224183507237962663,-0.250684843108041046143456319701810386492334932966336917216147,0.476969871441981510210277005652134309299673417132410999882044,0.0125219642180482624024841326223452857106671341489771406154142,-0.0511343587494242080245856406791514950882163417520789766776349
-0.0111872533330217035895566139800342669601608302496640646141831,0.0971078487902400234492146981406274511701046045683076547282348,-0.0798493490622501468792692547522818916931450837476507409599224,-0.245002341693042920824081883884178339389285393957739834614195,0.313882953724827378695069431551499956419577313801098537161023,-0.174037638994259364329452160185648026036416306177366181367435,-0.215257956087889253666105531876430747281903592631910860806111,0.186056874440090678343327204458191209715774243931266306213990,-0.0458241645430862656037235261976464675213491603040143874045533,-0.129009465027887982617713453163646320866438572752369144224220,-0.184449936994309061876467654774971095400427831168298368944115,0.00382393758198065917768196323102108852983812349188254643607819,-0.155391911071451858580294585545270041018489538567286600633965,0.302234530758133888099152567909808484636249970664658141923921,0.192541792916687881907667156408142140374835742652088723029029,-0.186557720577948584039074698158290244647313005901890053137579,-0.392041241547768526400717576300292419263814855010654878434406,-0.525228790376910838038059428528582494818237197542247865149068,-0.209537410820283515210443373277776437997810895367324512096800,-0.0257364335384536427199550270696176936862625647799489775773217
-0.0504502147935582143397234544810822270020199784313465601767419,-0.0893106256290544901695848676498915504328912973815289438156288,-0.226395442070414909922552934380694080293776486257303617121493,0.0317735340007438641858484431169143311180430630145724116873075,0.216712380717175279010517767217616945947180500614686182689437,0.0107318220058475453752608386716545177390445563418418114952097,0.0957667935154070124920335678070506290617071488700436360901209,0.0560976778900680666048060747939634881619454076789623775541059,-0.108498080347319520599839599738900879558596115293403505987828,0.109430876423234251031562189591366802697737890843399663010918,-0.339230340026437308715582553527070651855299075616285609720360,-0.0603877472038270711199708325035151566960030842500932174395449,0.423559907708972396876720010923594088433987791674310270833940,0.0996814726707318437681820587111684937813855141394335052536827,-0.452219701565208210105791553991287811250895285606983395358232,-0.0569148383885389011307216691938037592075214875444882257958423,-0.199464945369374379904179959469586669372817763509925206176671,-0.190226016786061427277356079949618969131272928156368634673998,-0.227968333512199854979345704546144866418471214900632593708259,-0.458609106643251701041722254532959460534738383500086200449740
0.128333959483330590987770602176536288613834068257343535359807,0.381285286120317717120884805213380118125871707380289681720031,-0.227898768184086217121147020444971395329973798675812709223427,-0.0664317760655591725546789375447684247786020409377171077336882,0.000491308965440781286872044502907879173307708360741647244954889,-0.141524066250232806170375699504766819226944973584306708275024,-0.181343582112388251656765630648801018751147270829910832586848,0.222254457121480499316955683814412923615184149090845672302508,0.0938816192441711045040614362623907703065664645533647391046399,0.0701579840264719732585515552286668214524251001379793163621951,0.0728325631234526644445012465808343098261815931352517231802774,0.0449135104882113452990341031731799843273202056999996473235289,-0.130905228905644709025580797981310999601908726945541588840502,-0.308689384418759664250507306786040165300442931539009280628114,-0.223021629534814759707891434942927889846128474986639614142547,-0.193026136546778046194674212355371136066510421333941305475358,-0.580854865147412866370364548266990632128240215153539880729023,0.144776756804787983483347268629344556555691341229510595801072,-0.0399951977661696088494958759372696061774622772887147105576353,-0.314731626684136102257917645992669997348363236656275023524246
-0.314783592152572963281425305724753330093855755765106369930746,0.00258113690363493589315763841755112035041887110313967386800774,0.119567982284635208641369408956669701598663778091614649629980,0.0323769523794072108393243637921852726558094392656077958572719,-0.137419459841930914193019115744200868442041510200776847413646,-0.0306891632084861710702596877255178091432524747215268347206949,-0.0746888138055924624037720794070858399438212291039052722589519,-0.0614564218680935740404602136824348364989370432525098866543831,0.0222079982352674325176969480883644558836399099308980771244111,-0.505231012254821615879470595907344341342454125995938695791126,-0.0965827149038044393132690534663472419301427459472954038942885,0.174133023173451418260984377026113832938839603586677450197194,-0.0844587091309108507166547166429674949622860929949061230666560,0.0885280011675173259956831094062765405561990759078489705909591,-0.0301329257174529052086805115364584245785729208477029041111013,-0.177054646210608437105791735168268916041544959058547066177154,-0.237378209640551568108193316803209339278491888201858945633515,0.144776756804787983483347268629344556555691341229510595801072,-0.506116243167642784851882171861973187811910469083898889462224,-0.424602539686489337329363019281690331937974639854327637508647
-0.238183507706763740108259729791835808264719609227901125802580,-0.0662350988959173448087017259925417175720856149992338626237668,-0.140439744570422388833778534261218037545571480422334928903633,0.119403477185490558473461356306428210971675443330108449936299,-0.330721384878506982211062180814604794122952346239718788931925,-0.242362204087085427282434691872857582172191654885505970720455,-0.0174026011537694744613279352744019969923469336424289469222085,0.148589248763835325354533436722684677832444879940363942777015,0.145008459761681927133043050486502451953086281381666653598989,0.102737568139174324119240176974605359125930698781752317439048,0.274881838902737549807824644403250898879403775218758107027943,0.243539169752459376262803805445515150150172805893283273975785,0.0217363765357435779014624625982346742452275553552982679870843,0.0383537667965714028625865019619415517530713982739475453747416,-0.0212598703918291449070332967907728214071686142693466951052417,0.189196395782437438931002696206747366018504033894295039976665,-0.231576142658634427583653612279295496315488840701500422869595,-0.525228790376910838038059428528582494818237197542247865149068,-0.0744307273195128970547327254709823445126127344706170144939967,-0.418002451501866175359474191654829683977562890046194451084557
0.0320040382244114259981510404397415146712243795599709740005336,-0.395741806120628405054433686966506790276453918383569057014629,0.0104564840924388778470445919984077911736624014095546651124857,0.222183247839053877986431093707226016144237772685519921189985,0.128818675895156118019473661632214462992903457855158048962170,0.0576280107639258663874588964680584093165351931609017734716025,0.0220315659935703738292182834925035385003447967137604271024961,0.0768838769177032287682815912581127592968338602825837410721673,-0.0182112429091899594372472219785258444546372973335545046220368,0.0630532725219444088952104539233454724264985836464402058661017,0.412614427560313726395523525017064393350064622312820949935252,-0.149722995119788545867817246475973031025115828320514660125637,-0.153594264822378551791119832132353351740027526077319828595309,0.00233122637852054824087235906360391634088254326324078262297715,-0.238418038256691183291091100792372849468890928685547977223962,-0.432668954748924924100799063558841369873338527340673318910087,-0.359930044258508478721243923490583592321143777819079661741483,-0.190226016786061427277356079949618969131272928156368634673998,-0.363075017012970473135056352352938959903669375797340091311063,-0.0663430886798391684022030899477474702434380582338407269425045
0.222314681979569858770875666924553575559840165544554266769564,-0.245928215819914314737187946919385375740951209191178976334496,0.0145593372628102783320082428691367976181451742547249279728372,0.343820853934081184520780081668680963068832380988626077232657,0.0814352482607620623989829313215125333210078712861577765343881,0.0672113100251185925837437876361885680573664123386901889983968,0.220153008595386107536736020804120330687346663000791868546057,0.0143611705363789191179027012317983298724954675467911486862665,0.0389659677468970177074087422942977170481661844737046194955848,-0.273910600728071639072012021560522481100482050288705470224072,-0.232213692394136467087708812510381137809441494541475317556035,0.0903146203749154650330187882411381472428337333981530546989220,-0.0134499711282711484332517985410097375723359862549939350120726,-0.164425857269574229755831562829373346913261579806440408304848,0.207938201638564305490866822257587099997598196350997086110444,0.0530850976241982938670501530451799891595151001048419602971500,-0.612966062436672914049838201076699459070911292345115097421946,-0.190226016786061427277356079949618969131272928156368634673998,0.113542408426517349075117103137892915728396203141300868656627,-0.274124971542750576575669583114540220791187743202383274159064
-0.177839730178173575708286440742241254145777012446127497099948,0.113869457199861393886698863785832539909877582340436538987809,-0.118539987507564783174246407726224851230852715516686269711736,0.00167996872711695828676540898062636048826580366698832844611559,0.144006088628758805240854175550130724053717317782271506719430,0.245335136367280633550227412331745338836623849921092005060587,-0.125726487762730707148588412409620277546012691076464102470921,-0.0552277036791467021661802062286198828456882176185394934028728,-0.148769968742563622252056703949825199302930343694052080070835,0.0375936183336143148763389005855981980751973728912027864573318,0.191415726239232621967524987486582143721269944375507238973088,-0.328741936371308353901274155697868756377803766067249655155245,0.201707210514017714455448585655007346475363415123524997990426,-0.294311124487121007451677286647367904098035587360651301154309,0.400826905455926159990077745664056565265153750489933796141889,0.0690565879603679029559326302322822091844805623802361995953539,-0.269489406929811615787666969612918166221162965393434162326438,-0.190226016786061427277356079949618969131272928156368634673998,-0.352578636974955826927269192786810665906051988653883310247961,-0.383995884545103811647114956403560555380799146400435888143464
0.0635367473474099063781269424903345915719565476659474044068179,-0.00136173015329680846352131871778990227404848951443379259225580,-0.278687039967450403064896683745504511646727853161137025401232,-0.0402915274205972794057367473534683868517647117022893159108240,-0.323267240481096873665090061818089439057063153216936064985193,-0.00295788427989899933071841740285263884329651550243633657927821,0.00225418305425053275385066230383887843376438518539360049814425,0.0374826378959530746519695368487140078197740370455473727675131,0.211059668487564157368889705681845572556008608548775763422395,-0.287195292527304713686714529440978132657604957135933269121474,-0.0596547420388079033694728005255812394297334408505554014712877,-0.173684640962541293273207287239813961967123719593033337382532,0.289258015911980005103893350195840173229959443924765757923344,-0.142556204514243367060554363066356057373025757924170811026459,-0.376982414805311887710259776259183810073029049131277772558191,0.0445439574270840550637449296969350839262293578847929269426054,-0.175176292059663884952208942113291240104966272137518960723267,-0.190226016786061427277356079949618969131272928156368634673998,0.566484964739324465576699158443151385021292326149179019100549,-0.118862280530795485235375296214402614265837438257215593840530
-0.203375480533335019544291936012667899618258652447783735204006,-0.0823596919703660531325117458006511648679433596283174282266713,-0.0227823342784631311258077523616304484399644451807629575161579,-0.248957494120784369206766127474967617953681753309607564682458,-0.0825824967689847014887927415812617320327242010822904766181053,0.199133325735865107732330747567981137291618832936749943317142,-0.253155338953145034867944077146066748713647929059236450075821,-0.110041137792041026035196892932475619281988629238782700582959,0.0310822255037099277406502556044125372993375506805357534530117,-0.558204115838198710201485186486304848748887840599238680976178,0.213710399998013894815901671985008940551293328090442854323881,-0.483131965625198108179967573526111252017381055048405589085212,0.0429189530332530613975382471705507381196247762830569222889485,0.0743756619468998448067680645932694728732421074053180387372402,0.0279596515829387369795260931306883436431628334940796948743617,-0.317366388566094490919724924899741967371068902995362268630490,0.00680708018576161101285709169133801458057754444907982781950094,-0.193025877371330581448231708830081412167847544595788226438521,-0.0335413787482089502452356933867707432973521549184510496290365,0.166529083151535539803711801645412047848544813586334274165102
0.125380101353821935958635590627961967143999005358568435254864,-0.253989598800263581682524703572815793872043739705751203742419,-0.0158943086049270420245461926415502416504116466732868015906033,-0.390212316591638713902151112168171944003880675260448764400011,-0.523053280563056497345451094748751504440698594417751604345595,-0.0995781829891678122191224625842075425606909196131137265773171,0.165016985521865681762979145446005253800360383807532154530454,0.153698596469712887554820547620507986821096201825534477518648,-0.0416291258354808653594697607071124618803022248625188563804755,-0.440021763044793380430259203773072690868842531807992026585164,-0.153505024469185128889844392903981118112044114234260057817651,0.0235122739617152099118503164755433941533150124318230127285005,-0.129905414424617111033205746158451461931546893113509336463902,0.169961159027719683401182055057797924744749748848470149412772,0.159664565296252994545744565139466598978099187926397468034845,0.255846454444190783879685379099712611829788720878514387452780,-0.175416862166966950793460305026569651355870596556062058542656,-0.193025877371330581448231708830081412167847544595788226438521,-0.0691501465580031134092063943187356861396281943323419961434071,0.0624776976848460123653863299165248587845482248517871182792033
0.262324973152288110809693871118579944556675536188190073429611,-0.142700457863940027044720637211266054551968354190768748875655,-0.254004034205345988344918009395195975082436733358285581179222,-0.420909526603492826668276487339247975903584237875999317959779,-0.241625656860313605354591915646709062605641078336419103582016,0.176448151989841686245616937017206309280647139986071464847082,0.113978935212909022584058153785833012741426688134256948314576,0.159927360589228985014906012900833828665816864421258314787108,-0.212608353604876107586576431464161767845253952248023030675610,0.102806870332581828159252795282771620044009055853325508716017,0.134495540374417042977807694776130360106596135330429703982999,-0.479366393783101224223081708905369042759078293826643632037659,0.156262615407862655121117800576024527206293546386491467294040,-0.212880789682711147884023462200835212605675122260740637413773,-0.274887655291839190224166276366659616259431654386634935656967,0.00768368941459457234006421776416958147292917454370674407058975,-0.143037992772579096724415864702203438095433658628335503732938,0.144769408028497936086173781622561059125885658446841169828891,-0.223967609552529915585700244834880815631642907664360858438027,0.0215325541100961886817850860860165459585584776961620797374608
0.0875974934622642402158452198370408233238191165092123534818137,0.112104665478416447490995264373463428091034968172932084395854,0.162497368074733920368151199625339412303171806654416653990207,0.170728627303537536894363164724664369240102858996039757197635,-0.114018704161727450923262308430042494963850191347597357879396,-0.0543012574568952656938379084431068848053610726226415189017961,-0.308191624412853439243606235514029528143697496494608410118209,-0.339423865741758737704426840354632942991073010459392230874040,0.0657915727155358472579080257145561590880648472140874240309284,-0.0794764537916029003422334626726239889241899802213111573560697,-0.184978883455316271492073722074225676434665463110270844649418,-0.108771528365306275990708916898351503783489027978913248186209,-0.0396904425867376132789024118023975522460703856662500403681121,-0.306253490065550523202733573979513684013234647621345792941672,-0.151875995887126458319942054407290910397281953994200587746860,-0.379277767612263357751963020685458698763928458746251544366358,-0.0508586230799727439506536368784940987448637641014530408635125,-0.525228790376910838038059428528582494818237197542247865149068,-0.0391163327852200377473424668123435757551877106911263924089860,-0.314811245958387959318981152077687293498363254887976512125796
-0.259327705836784118281489689571957247196202997197755386042855,0.244288475892371734327211839206387775591544430170818396307875,0.0185475095210342576298671119938813788553490034028059217360305,-0.00833572131122069722240038398850981509289179388243012534977715,-0.0322214783006438947719083744468312244643527367501915878112977,0.224085055362495934484711806925564555599635499192739771524087,0.208975261374961964854482709783544890132477780377246850446066,-0.132026971396127851160974428014349997192714316557001618729531,0.219724618648928553396544801571964772574760476191176211363307,-0.0103424533592052224984232044996975415120331555133995739183777,0.132611383290628842891729103302410723143578247479332721567655,0.0767720186546886554074342284205398273168696726891516247895761,0.319792501026896176520142539700804165312756502451259784594034,0.200414065177475176769339071608139608903679223183292415643408,0.0773220761432669920779580646410690110074848566261431934688253,-0.515389065770502502815915563847026075622917392535704624045873,-0.432248542858011230416838225675898061500286215745067715415864,-0.190226016786061427277356079949618969131272928156368634673998,0.148856802960810208382507361796531684485821226920791490741638,-0.170933765999272360535176543537397830311988108044165335200302
0.204895809238389160635227117589557753810817286379138420747148,0.101186008725730242209976110985467102233054637281668645242219,0.324269743877427040555285953870587982851424105431947011602454,-0.219901958153645780456924963071557195139488234027983021000876,-0.208602905735841264123844357608538419671350156629809031482915,0.103853396688945565477915652090571701314617698803089958028907,0.138234036409003327739285858756332691132916554350012041653183,-0.293779590061158220649583136184054334575026373799881904274398,0.0106197057770709430153284373666714978230270381426951943808142,0.262588879283170982694146397163965244765792551368119510551912,-0.0496339357535246428111731646044808093908043938844916595008805,-0.00893579133804714657223040121980562954504089671606921995554051,-0.0546017048500382853433646641669622421297654456565427303314719,0.118148684201989946245769779604991214621975798228486022160495,-0.107801912761393869878182343175854760478777588960694084582343,0.135805208645775872582166653333364694909093965299873265432936,-0.540647563837170162354243898891384989891768854419127043747565,-0.190226016786061427277356079949618969131272928156368634673998,-0.398389411547263332442446611011577728661094399576830713396074,-0.169534294223317384442696129524889860722637693392058665901266
0.150913427483130155657050043275209176161320331378236123174691,-0.0577591840403998002129881147539718645762300845284890784173343,-0.111652012625956908965793648865346690639038127719126499878801,-0.139573812138327796834311990559202230902163443841389718423648,-0.296461447157612151019372410306840699984277843558467640432499,-0.0533741696752671708488806347648680540743933135536338447264581,0.292442753132210354226010774114411846792778512035511993375757,0.208510085780092681753792472652678971171179222802543802317414,-0.221480783912188175613482079110348619686838865767694743367645,0.155775099656751696563159666412622378876163124840639669632566,-0.175796990401317235918711251470278344658549575513584457909374,0.177898567248425507273409971722763618961897060118393737086192,0.0288841174536718471301742897792167796918309478595966850033533,-0.198726332248579089906630424602038325867577089489845547248635,0.270210779960628846577168988047538476275040410765079903500271,-0.499417575434332893727033086659923855597951930260310384747669,-0.0887718873511499321546669942121167686505378887933867803203564,-0.190226016786061427277356079949618969131272928156368634673998,-0.317264242440662967619878934128171897148626964874392688162950,-0.280804679001625595606621916826418164901599511242217949184702
0.639902701547949022895132995492927152353630698559565190909220,-0.0634530763570995576674108514630279150182983069274808227133857,-0.237151340722251345793790256319737664108875886740655914637703,-0.00562354302741176598448853231413761624872990086727430476175280,-0.00724201277296170912554797555681371429619752637345605117556814,-0.0898275344297743675757767776703270933308793630906471726021925,-0.0139288468586294190407046938991607181136924849016186621494897,0.243261220645512556980988945728926251557643691203501540962152,0.290493695888205386312905859563521209424834749834805406002041,-0.294317392732188769701488483591756014213723832411098750130821,-0.0405056151832239890571431852507258906321869775370174563220052,-0.193292784305790950859784506090784431189139131418460735187492,-0.218686677449518520657599887491812049991525267013963443648850,-0.192958427728927026342071482448046018763618678647175487252968,0.0279596515829387369795260931306883436431628334940796948743617,-0.317366388566094490919724924899741967371068902995362268630490,0.00680708018576161101285709169133801458057754444907982781950094,-0.193025877371330581448231708830081412167847544595788226438521,-0.0335413787482089502452356933867707432973521549184510496290365,0.166529083151535539803711801645412047848544813586334274165102
0.158256762100526741592798060056258198483333988838836225484186,0.426767230213173514200213508568862635838237774411431384094698,-0.233163139055244301791479513521185359925507606319035607975603,-0.357782715075373021906322719905928703152475533813456047792611,-0.120899577439093056796875216273439981753785395725015201690353,0.0670473676946338407149638074481577043242539601534345525963987,-0.0251066765037638985690347362381038471879466631387681801130262,0.0968719992468166167761776398219551064514472000419562447273822,0.471253679704566408304763363350699835154144412071978376892817,-0.0307473018117486332821730258566316642985372459893117451962171,0.324322150721725580348616408551575800092591291158488761144958,-0.206835485889165672557400373981578393630789105375795230713662,0.114558252035708043361548164016041075793050220073773102175663,0.171884185047786667791721580628362951954638235716019597132119,0.159664565296252994545744565139466598978099187926397468034845,0.255846454444190783879685379099712611829788720878514387452780,-0.175416862166966950793460305026569651355870596556062058542656,-0.193025877371330581448231708830081412167847544595788226438521,-0.0691501465580031134092063943187356861396281943323419961434071,0.0624776976848460123653863299165248587845482248517871182792033
0.252238177610633315823958437834649892271580379685558961608749,-0.200450896799552760444940875792971978439716809864842047733914,0.00929675427777237402184806197859762013151146362081758590074095,0.0524729401272465958262505635943488912528549298894858186360310,-0.0399550412631465143320755970823318444560246453033258826123683,0.275784283184693468983429824790495279973261766610566089696866,0.376392874839954155172931801659615371213549430974996866957808,-0.111022820343423641242530132990497566819002562941772414615035,0.416337623259266716555450899287570828054592445505901035695900,-0.374818423728108052511321297713089152701740685649646317903600,0.0192736457929845814236510738672283560312759798169039939522746,-0.161434041214667770445513907897000956326660184113933434313703,0.232014375928176973971261361716769169152239898206961131686479,0.316148775996251416471552995455035683612953763718489942168897,-0.274887655291839190224166276366659616259431654386634935656967,0.00768368941459457234006421776416958147292917454370674407058975,-0.143037992772579096724415864702203438095433658628335503732938,0.144769408028497936086173781622561059125885658446841169828891,-0.223967609552529915585700244834880815631642907664360858438027,0.0215325541100961886817850860860165459585584776961620797374608
0.0635367473474099063781269424903345915719565476659474044068179,-0.00136173015329680846352131871778990227404848951443379259225580,-0.278687039967450403064896683745504511646727853161137025401232,-0.0402915274205972794057367473534683868517647117022893159108240,-0.323267240481096873665090061818089439057063153216936064985193,-0.00295788427989899933071841740285263884329651550243633657927821,0.00225418305425053275385066230383887843376438518539360049814425,0.0374826378959530746519695368487140078197740370455473727675131,0.211059668487564157368889705681845572556008608548775763422395,-0.287195292527304713686714529440978132657604957135933269121474,-0.0596547420388079033694728005255812394297334408505554014712877,-0.173684640962541293273207287239813961967123719593033337382532,0.289258015911980005103893350195840173229959443924765757923344,-0.142556204514243367060554363066356057373025757924170811026459,0.00717724063013769558184877712838301370136226202414513688494585,0.0763529856537606767595982201969520491879856157610528364542749,0.508896289788230125061533415198321229760785322041702050231907,-0.190226016786061427277356079949618969131272928156368634673998,-0.361847781807567456127346818147979963983295751520331463590574,-0.337682622241045234561222605601951193360145665485600187013435
0.215901434206844219424117061611025715682830218312445116160629,0.131410213880309360657985349148743142226494125293814693703721,0.377716587491567717236708811549390385619033061062926852347137,-0.211538833576585225608618970891377184609842487131465038013038,0.378450140918187207342889900367137719571749770806980033489991,-0.405331527720575147256574030447585657515379697981846232502113,0.0134320293217313249032046295134197070473037749404041390564330,-0.290699918138023885305122496485919318385331975639186842037614,-0.233644354018871318786497089510352487388880572622576915952780,0.132415615992436973942511754722175011966291887858561578973724,-0.161148676010988609951661519909530192347008764862703304409900,-0.160143220129745287324709248724033034873776128952291287561091,-0.00406099180490343662734809530516117670397518517716075798057869,0.255096333875484841875995225643900413937196119433490693817647,-0.187624216879191731525270658270154942621262021420477162909207,0.0615199341219037070400395458000293555412801821168478811777105,0.168609781981205339780603213335231636775293052106982230723155,-0.193025877371330581448231708830081412167847544595788226438521,0.102691525306212063654442087705506429436980349250793045772444,-0.229006780836381552169098131561936906633093038438121392444305
-0.0469600306371218580960074918356261315515320987067061550512731,0.306063153623806449673041764331344514000811752965574448064190,0.186734997317976441317565754773838598134721468266240802467858,-0.171318382997331374554358838329696829209656397561764884784436,0.0416549498077574190058549433248124156652024736510013569228600,-0.349202871835409562575091464610577662571975480159998400077390,0.280849114857436654285278030658987735719265857001641784676654,0.0234672520224811878692800071945624940825939356663430361026124,-0.137520421831071576711430743948594610481933096689928295662287,-0.0941724698420015942709339822959793349590876359566375896012124,0.184531180959892958265640139798981787318842751053981569706996,0.163852085202673896725422706447408590478651054889675891797668,-0.0243425462377359257609991684728350955431899132290546261889506,0.0389520288651108727488740886551257680964797812769876630576569,0.122121940450172045887756409325103481247655793940211738183759,-0.385831758341872528010389364488885438646744408860739984409270,0.0876362862188302442529935558692573693720826267411742780642848,0.476969871441981510210277005652134309299673417132410999882044,0.181513725406984041707234861189886277727602585047200807615809,-0.337784708749880070305335382449055941673894063694976631553651
0.254762103018999822835154002153418328322984203776729590526467,0.370939257652420351828009759537145199849009089613197208930826,0.0484880594692725143310761461142220528549246802827449734539535,-0.331015828496208501570633909940644618540700505683990383234888,0.0491094563356384483483957159607744365754294034361891562065136,-0.109799361682768712010847855619447470094540013544776446408575,0.300508114996019103034963267303008424278450767808649925294849,-0.0876400050980514841932598148838602798893752700742008999208740,-0.0714697401191817038753331585485493922926724346768992989559200,-0.484108900301288862226545739449412211140983636215171800439206,-0.150006506121503274367874328507159778706700863028965096750859,-0.253373593875483593953552725255177959410705541521960876817644,0.243180886341184070201124686636541420189021262853910213691060,-0.141958989243601126578491596229561043318065288292880274193662,-0.00657773068154471887205685984472261405374550554634808544618388,0.127663602993465732599968061380401657057788335989955883622123,0.228616834945007916513282627426363724654911668508072949425596,0.144769408028497936086173781622561059125885658446841169828891,0.109511010569421786478817242939569555189409135801384395854516,0.257114157097680811703275037170196700785111829197765273628132
-0.0469600306371218580960074918356261315515320987067061550512731,0.306063153623806449673041764331344514000811752965574448064190,0.186734997317976441317565754773838598134721468266240802467858,-0.171318382997331374554358838329696829209656397561764884784436,0.0416549498077574190058549433248124156652024736510013569228600,-0.349202871835409562575091464610577662571975480159998400077390,0.280849114857436654285278030658987735719265857001641784676654,0.0234672520224811878692800071945624940825939356663430361026124,-0.137520421831071576711430743948594610481933096689928295662287,-0.0941724698420015942709339822959793349590876359566375896012124,0.184531180959892958265640139798981787318842751053981569706996,0.163852085202673896725422706447408590478651054889675891797668,-0.0243425462377359257609991684728350955431899132290546261889506,0.0389520288651108727488740886551257680964797812769876630576569,-0.0325646260014975474826505654437507593009113524849884617823027,0.237264004461398828776633252224103538042844810729154418171384,-0.516358910527459667402272881535089560623917363046720798294160,-0.190226016786061427277356079949618969131272928156368634673998,0.396063886704260988113598251977718522778669141472980899412735,0.170212531889138831363650828793666985546263251850811940707944
-0.141679923153526211132845108109371168856952628444850689387421,-0.122063559874303592748371892568954625083790105355085176092393,0.141210418351388647145571896556215620528859370470656489104552,0.146171244245920770986669476696716767448121229705858825448154,-0.160714789843336611742326760578828190038153027506878321231726,-0.419210720643431513101474857366971464117965900366487868129727,0.308212062019228986323236839534476657692910680990890624184438,-0.0359216598838813719746683675977190330058984065387760479185136,-0.397713890769653630802499014388985724705816099428430743466822,-0.350623272763516999316858979764162055242368606297370880446243,-0.199444790961753852479360796160702760232629089452052558300572,0.197002857624030050127777331236249919306068037778088814363325,0.150359171125264716945580008473354783141216635885748585726146,-0.275489124674132026954030617483540223444077265293360859906910,-0.187624216879191731525270658270154942621262021420477162909207,0.0615199341219037070400395458000293555412801821168478811777105,0.168609781981205339780603213335231636775293052106982230723155,-0.193025877371330581448231708830081412167847544595788226438521,0.102691525306212063654442087705506429436980349250793045772444,-0.229006780836381552169098131561936906633093038438121392444305
0.0345281996305624809018771975388287180595304097112856328687070,0.175645430131183759638701213579708918976575853335887751755166,0.0496478663900548986699266073646690335956359011786179287711924,-0.161303882405085271810117522521163544820625022640363633778973,0.217884123402884023444546648655329283025932983266230894841570,-0.327955209154572911138625039536445243909945493351563972443030,-0.0538530313895924424664058979415593834240240175863116796644699,0.100267259104799827046293278714304309032273922226125324249443,-0.506018740577347393968143530186955180226997523621728545472568,-0.0462367390963916611590630200736262122768011078577428208617785,0.243337318264700836709467351364242916760230430179794533100423,-0.241663651838001638493182837690115862090027066305882785268825,-0.142428887013512319733831454300610516730116183634872486801233,-0.455776521670868192937683145035762102421757676107712779621133,0.0279596515829387369795260931306883436431628334940796948743617,-0.317366388566094490919724924899741967371068902995362268630490,0.00680708018576161101285709169133801458057754444907982781950094,-0.193025877371330581448231708830081412167847544595788226438521,-0.0335413787482089502452356933867707432973521549184510496290365,0.166529083151535539803711801645412047848544813586334274165102
-0.353136324306753226169297360119448542022519909162720596431764,0.0386476096887305568611711892497648555551573503985265267346372,0.296095961390078618485564925663004317836023251540091429309636,-0.103207399250426909999378426612677037319040191883603510381189,0.185171094912699218238019027129811152866105864336361063404770,0.0376566084598949254205815629243771293941956363496492898560290,0.336468690308991131747230597617216705903217898290303849442828,-0.254016781884136371177225800005119509344372331919148631327745,-0.380174813206286063725598490462905561597239827950632915778709,-0.126737770092310943968895834194959350764817961096290388634557,0.303116579240909407190261610482197163423693387533715983374702,-0.209804908746878458078912239496332387227548119001355484395036,0.308272166364183174895029794907970702413648981586052088534096,0.0533306820543102498759413328673195999548147662579526498007314,-0.274887655291839190224166276366659616259431654386634935656967,0.00768368941459457234006421776416958147292917454370674407058975,-0.143037992772579096724415864702203438095433658628335503732938,0.144769408028497936086173781622561059125885658446841169828891,-0.223967609552529915585700244834880815631642907664360858438027,0.0215325541100961886817850860860165459585584776961620797374608
0.0244414040889076859161417642548986657744352532086545210478456,0.117894991195571026238480974998002995088827397661814452896907,0.312948654873173261036692678738462628809584098157721095851155,0.312078584325654150684409528412433322335814145125121502816837,0.419554739000051114467062967219706501175549416299324115811218,-0.228619077959721128400812151763156273217330866727069347593246,0.208560908237452690122467749932222975048098725254428238978763,-0.170682921827852799211142867177027086452545505136905405152701,0.122927236286795430173883800564777415672848874132195520898943,-0.523862033157081541829637113069486985022550849360714647481395,0.128115423683268375155310730455340912684910274666268823069698,0.0762687007304318152843849633182522243423910434068274124551310,-0.0666771264931980008836878931598658747841698318144028224087934,0.0732530440080943714178933126201087937968712098715177999615366,0.0279596515829387369795260931306883436431628334940796948743617,-0.317366388566094490919724924899741967371068902995362268630490,0.00680708018576161101285709169133801458057754444907982781950094,-0.193025877371330581448231708830081412167847544595788226438521,-0.0335413787482089502452356933867707432973521549184510496290365,0.166529083151535539803711801645412047848544813586334274165102
-0.108803262406821405498682638681074937517617644964582899158099,0.558693269139133503134366319572723804626491408762097411744725,-0.0760584120989286126213614243234194977462365891750923172804478,0.178600845762186462982497868958960008299526371152851542055554,0.241438913280626828806249117896483332648760171185858081423517,-0.252585169959629860167388587334606217233021020599939588956012,0.118088399993599405991222957850367556704603634044590289540958,-0.0927482571067776427533112753962719133755474083223542807097793,0.115168914770393642861734109668826572328630537506066489806471,0.0586511884695277478312271981522789713279366795213094009427036,0.278382384229156856759100005294854157972006315940696260662036,-0.0333449022268508323414733592208718684780360800295294290788379,0.394822837585589871340333918647847320865813749073031024365711,-0.273566098654065042563491091912975196234188778425811412187563,-0.187624216879191731525270658270154942621262021420477162909207,0.0615199341219037070400395458000293555412801821168478811777105,0.168609781981205339780603213335231636775293052106982230723155,-0.193025877371330581448231708830081412167847544595788226438521,0.102691525306212063654442087705506429436980349250793045772444,-0.229006780836381552169098131561936906633093038438121392444305
0.490141857774530816270127571386146509949369441844628329681462,0.0575542253019970523262720835873881054048024030993631322479228,0.0817269549462904038175824217048971021671118099801984721880913,0.140126551842945693222899168548152964385911660558729749539516,0.260511578908722210601263793154259170602632539045195488847307,-0.251304251705744549887525962313931101228302559677747826063306,0.575695182403506747574469980864122736503173342447921637369159,0.0992855765534172118389600386562823614952599885231356102173661,-0.120763342821790605153342886503796889471742628796363263229679,0.137148953013698996531100868699589483770346047091849542210799,0.0489005640596715233172167532464623322402130819062556727288162,0.0800342725725286992412708279389944336006938046285893695026838,0.0466665358814115928398916602456079143024989382890317225962976,-0.214003407621516621272898214173995891682046019794540876189477,-0.274887655291839190224166276366659616259431654386634935656967,0.00768368941459457234006421776416958147292917454370674407058975,-0.143037992772579096724415864702203438095433658628335503732938,0.144769408028497936086173781622561059125885658446841169828891,-0.223967609552529915585700244834880815631642907664360858438027,0.0215325541100961886817850860860165459585584776961620797374608
-0.0469600306371218580960074918356261315515320987067061550512731,0.306063153623806449673041764331344514000811752965574448064190,0.186734997317976441317565754773838598134721468266240802467858,-0.171318382997331374554358838329696829209656397561764884784436,0.0416549498077574190058549433248124156652024736510013569228600,-0.349202871835409562575091464610577662571975480159998400077390,0.280849114857436654285278030658987735719265857001641784676654,0.0234672520224811878692800071945624940825939356663430361026124,-0.137520421831071576711430743948594610481933096689928295662287,-0.0941724698420015942709339822959793349590876359566375896012124,0.184531180959892958265640139798981787318842751053981569706996,0.163852085202673896725422706447408590478651054889675891797668,-0.0243425462377359257609991684728350955431899132290546261889506,0.0389520288651108727488740886551257680964797812769876630576569,0.351595029433952035809457987943816064473479958670434447660834,0.269073032688075450472486542724120503304601068605414327683053,0.167713671320434342611469475776522909241834231132500212661013,-0.190226016786061427277356079949618969131272928156368634673998,-0.532268859842630933590447724613412826225918936196529583278388,-0.0486078098211109179621964805938815935480449753775726524649608
-0.0110964940373249562365643115687629346043857625004173047229195,-0.0319339382967783443880597378387330732890028107641907414089778,0.317125745189806349321230057593306247984307863304652608320078,0.152869672430532736438728152083822424076678106457197428817856,-0.266158950997674580534300757972593823925932885217651521019059,-0.473656596638758467973628347865565046676012097590748341934102,0.211288843241279692094424722241267248915412525099501430827810,-0.328167820100558796648364885534571238187359116771361834524580,-0.0428103225142916649495026213402183953744746950130220278410927,0.364164358062170233525770546189180088919101278920442911745407,0.298186486998669355502753470958561973180685861609639431712730,0.0795737797009054972205478731503747261781764770636233352582176,0.173068601946321792170207247243313017151641356757038676730028,-0.00878637594288618300816288557776543910038710045875175297200336,0.0279596515829387369795260931306883436431628334940796948743617,-0.317366388566094490919724924899741967371068902995362268630490,0.00680708018576161101285709169133801458057754444907982781950094,-0.193025877371330581448231708830081412167847544595788226438521,-0.0335413787482089502452356933867707432973521549184510496290365,0.166529083151535539803711801645412047848544813586334274165102
-0.227181150005284331002738141462376075629278093442453261930405,-0.0360121283046207788001244205953055904245629518411540135072066,-0.0869963277241465381802277658521249355760166406327420297308411,0.127769103800902136664003664975161943901228430997369072168913,0.256330761273830798091533063864424322767384892975170338001474,-0.751549681490518537569127034235259756760853422453795375597204,-0.142205755905639355497792647145411143203093092868626008317350,0.151672182714879504009651837282900584245655498468057555150244,-0.0992546090515603974884796259036493518541840812617420476857126,-0.0274368738951614306221709532495845342694729058084056503517965,0.163369491624663643043182209726375734674273987520045208571531,0.0923336027111770229444765576902450260988008841258409922260975,0.0722776524979065015191659777754701298481740194664484108982137,0.175300828062328693149836406137222177587711940739770345009437,-0.274887655291839190224166276366659616259431654386634935656967,0.00768368941459457234006421776416958147292917454370674407058975,-0.143037992772579096724415864702203438095433658628335503732938,0.144769408028497936086173781622561059125885658446841169828891,-0.223967609552529915585700244834880815631642907664360858438027,0.0215325541100961886817850860860165459585584776961620797374608
0.0698665730156071598073457962816069827907461586535872101432415,-0.228754055987523309473111256938874473823075708965303455479948,0.0681612751025000293982262859295860702814794046503679833187709,-0.0865077296359866441501202002889023518994666266480326531082253,0.318644136675975495813265186606182971391706724984413049242598,-0.253148638271101421757692977446993145027734757229577819235099,0.0214701860028246959281877339584906107247249097064299881277246,0.221743590352155230498843967588055579325726559101668792844978,0.148606205848664440439757912721730255643905373170046561437069,0.144000657750944331883287056763149470383131611049414356504775,0.0228605357500758287744415809545368923906247020171684316714986,0.290636197788214776335466989015823186829291764601337225825544,0.0940113614690869309610002928755433566809762072404392134395458,-0.180983488217676783915051642932421370344915050824242427781437,-0.170444183717490581616207189919172527921204390965181469758488,0.298014435862237312864281255602600196310858062551417506341697,-0.0536522962733992713818619103413137240228090876528362771474706,0.141967097851132099449573657073170783612709147746531769406974,0.424643421373840765772380665927191485953521276418854344293957,-0.474117019476517896371037259934949096692038697478539751221465
-0.197045608189001967430010494946670647332018489389258589173138,-0.309753694595650725579404871467112879033428763456127519408227,0.324068538451035034335313848225837361396180647771410171831793,-0.295174037134458518210676358246995010681638746033941669295994,0.559333613842716828048825780058032639765578546025549214272356,-0.0510592731620094750150193336121986931534856151518660890086461,-0.233939194305761117423192972923298037850962627926725568543231,0.0742211734044630077002321312739758891593724584913791766314755,-0.0313716976670363260630685538169100580039091937559258779822395,-0.127004985920922297438936113047709993284306360175180078500626,0.296226286254573267870697848251987079815388342520673695610098,-0.0188077029724801600433913092936891184560280486051834455866608,-0.152329141158510633840308636097428565797775018677220509343406,0.0359480948806683768509786347580369841990197737592431883295689,0.237980984482879881071786624982820969385004621764973676602255,-0.0596213335641410374963849651392307957016555865470307927251633,0.130380480809618739951822574890018544314324507677358499674543,0.144769408028497936086173781622561059125885658446841169828891,-0.177774966115077160945401354110320243972888758095135331070307,-0.194716742376408352003349593180126434938105096360304886841744
0.0698665730156071598073457962816069827907461586535872101432415,-0.228754055987523309473111256938874473823075708965303455479948,0.0681612751025000293982262859295860702814794046503679833187709,-0.0865077296359866441501202002889023518994666266480326531082253,0.318644136675975495813265186606182971391706724984413049242598,-0.253148638271101421757692977446993145027734757229577819235099,0.0214701860028246959281877339584906107247249097064299881277246,0.221743590352155230498843967588055579325726559101668792844978,0.148606205848664440439757912721730255643905373170046561437069,0.144000657750944331883287056763149470383131611049414356504775,0.0228605357500758287744415809545368923906247020171684316714986,0.290636197788214776335466989015823186829291764601337225825544,0.0940113614690869309610002928755433566809762072404392134395458,-0.180983488217676783915051642932421370344915050824242427781437,-0.201107871909100582500561812127531411188955745813699936227914,-0.179261322884555810235409108193620404643807952521073416278658,0.386344455170273214448482808510946976718133432424481334123939,-0.525228790376910838038059428528582494818237197542247865149068,-0.218806555652895144410520998638945736075054658233772665439414,0.0205768287656049343659373237319916683343909161348867235527074
-0.139011943094157299365307572356760343075338200328255456972037,0.104845818661290569212278549127145741427402823078878654388692,0.313106535524582200984357669809193422466949037394460970608047,-0.126617918621624643994471303397438700788774588106018165712419,0.0697107917017583258181176510070860271793655017565486958109382,-0.0397956983657771794137304387314802603742370802206395414766159,0.134679646982801344655840042222582654329257591406302964360948,0.0336191889720377513227739141471161223921150178725933164789212,0.476832420981356382426145437306063252004580348821229233687166,0.0242275066208263557442924391736387347595526314949228137718559,0.494705907001703614288395565913500064889430676718848662226879,0.427799118214255739465011905650678962431022400290627156739381,-0.00975611715406872662610380933149569909335438076147179718996838,-0.0802514874810551763126846532310313210148116960597127410530437,-0.274887655291839190224166276366659616259431654386634935656967,0.00768368941459457234006421776416958147292917454370674407058975,-0.143037992772579096724415864702203438095433658628335503732938,0.144769408028497936086173781622561059125885658446841169828891,-0.223967609552529915585700244834880815631642907664360858438027,0.0215325541100961886817850860860165459585584776961620797374608
0.0487227341643893591117097756654463977080712731580922798301297,0.0817701217692144765090545963275081522026091859608936165205958,0.227150204187258371055109896203178413602872617759774995379846,-0.214248507989590676011156802325834029106252491964008726875953,0.617148594074142370499294079214702539448019663089403535010273,0.213300194042557037805213460457386760419712971972523863693074,0.247849876163117747075341695310598912519149844151132770222601,-0.0588730639345924388948598778359294579993095071644092259336089,0.223324011515075249527688814176849309546404168019467973286089,0.0309208642613429665927496870719421257540273296547309567168883,-0.119410800390806868487195484799426299412483219820651403496096,0.123869960100820209405782927321724545862771592100217488786062,0.392070377065962847410075857628471396060202336324950644384745,-0.0189233293763788167300795317157767263499729364623291613757152,0.159664565296252994545744565139466598978099187926397468034845,0.255846454444190783879685379099712611829788720878514387452780,-0.175416862166966950793460305026569651355870596556062058542656,-0.193025877371330581448231708830081412167847544595788226438521,-0.0691501465580031134092063943187356861396281943323419961434071,0.0624776976848460123653863299165248587845482248517871182792033
0.132788680562687973110497259844707863945209239806481680643510,0.124240533285069406745542786882197035378678141393512203016674,0.180120911037562988554187160647754101918796818159624944077102,0.00503634832317348909386574904619685848382061571100313641999110,0.198555881093477028783196046381452306742694932392997573057903,-0.00896209073444723613533730700289374713781475001414746035321027,-0.00190166669628450135817112601025938615357311831292249594331262,0.0478958555830608601398264510022038678766434770813399241806836,0.165512748591550147210244657829485703070329153534084831821830,-0.264802426227439174333501107215049192164447420046545519017812,-0.0913221913435967780830067628224344205432018060444437939746711,0.262321558460400492877348344527776293500751144018890431866765,0.0123030486902542780314095183403327059474323652290586013161407,-0.741738638564167635692320813643020213021772976957652078575072,0.237980984482879881071786624982820969385004621764973676602255,-0.0596213335641410374963849651392307957016555865470307927251633,0.130380480809618739951822574890018544314324507677358499674543,0.144769408028497936086173781622561059125885658446841169828891,-0.177774966115077160945401354110320243972888758095135331070307,-0.194716742376408352003349593180126434938105096360304886841744
-0.0349437320423959301484117612944385970019966529789016090266120,-0.464621869415822972032655596652982948962803305523321478581661,0.292265640374480514430919173935182807310019910355210997404428,-0.189744730149744448756425070830757973539883292168561435879587,-0.0510152877194622227395990483661830536724901808548552060807247,0.0696050859294306661169226908375683445821560996119973707740676,0.273765258699474265808932932246519514258630942679328092788550,0.0966745503144501195615022872259948446064846822518953865386471,-0.207029612328086133465194357508798350994818015498772173881261,0.157781678765156817185718260313042019102098933337560067684090,0.304879296654395076917586852138054624903435520890789605064920,0.155268210320320187799330570726888313302733211839778755415384,0.0319482462180858851334658272284877523198889455512465679284085,-0.465016462211552991988429696060229485575125054036472975598936,0.159664565296252994545744565139466598978099187926397468034845,0.255846454444190783879685379099712611829788720878514387452780,-0.175416862166966950793460305026569651355870596556062058542656,-0.193025877371330581448231708830081412167847544595788226438521,-0.0691501465580031134092063943187356861396281943323419961434071,0.0624776976848460123653863299165248587845482248517871182792033
-0.0781353420924220207536130715412415274195101011688982465237554,0.0282314197685036552714707685476643367702822561199844605120907,0.201959141304558955008715641583030551820949507465670607888502,-0.656933764708475985739558478088354864362988097113943309911995,0.134050354774232387485918581548282879463345713974977813277046,-0.162062272131304243397338826917316062114239714251155952581109,0.0364739868450292736653890390969887951059607969836680577952465,0.205848352878544089902490802775076095640789257602897666200075,-0.234642737579672332387231845817833980388490502348951918790286,-0.0342824750553423613261882189880414124130745165036147519646751,-0.292189470652976578800690951570635773555803313871815455266021,0.308816275277203189763147151694268896342746788645973935828265,0.0301505867131687624056087497532507649764155450044801762343643,-0.165110946344910549800450472113014485218176951332348954131840,-0.274887655291839190224166276366659616259431654386634935656967,0.00768368941459457234006421776416958147292917454370674407058975,-0.143037992772579096724415864702203438095433658628335503732938,0.144769408028497936086173781622561059125885658446841169828891,-0.223967609552529915585700244834880815631642907664360858438027,0.0215325541100961886817850860860165459585584776961620797374608
-0.0175102362396466485515032646634063871075587009995424873263626,-0.172357873058040186954629702768452485065989991408258786132097,-0.0988744813340631156749855385504736336322840012209715728788429,0.0127746492813157128418256180308042600105087696196255969321537,0.291840495368495577874422408841365042186259661289373457608412,-0.202733847824145677793555512252882087905177726834796098750251,-0.268720365604555392565644369863612529659213575951408764618583,0.0507165164488607699188093903628667431717784892744581707447124,0.581150943623996015964854895000388645862202595678002550561869,-0.298971939035996200306265560830601321146783848523230828001592,0.139003809119144225398911836399820559350422269993062112551999,-0.0609474598460196047294684096532510168622923277293314613260141,0.354387873164375774123302144362141316724723099316991849537670,-0.124814280857087320949757064448654300710043133182974885638291,-0.00657773068154471887205685984472261405374550554634808544618388,0.127663602993465732599968061380401657057788335989955883622123,0.228616834945007916513282627426363724654911668508072949425596,0.144769408028497936086173781622561059125885658446841169828891,0.109511010569421786478817242939569555189409135801384395854516,0.257114157097680811703275037170196700785111829197765273628132
-0.0648510937101507063238075496311857867636336123129471252737806,0.129279778612892282572252799231331036930222475034700967884224,0.216100899430750596743119213793252275179681320722755630973389,-0.259601870556661994606066914698651076917070876822301170995397,0.123191092657930384570257149613367675079281357756426356580706,-0.374663968504924716840095527555069558332137695641689914476780,-0.506878184697692882618340058871032664395852889073902965426046,-0.132042419599632249158665723307359239305282358313632715098368,0.175433104451512859488984039616378185013914406131713578980817,0.338437300305733486397252178682865869390799414721871894024275,0.0700958615719823932175469737947190948645266025288109052135384,0.0915507241380738269707893743393213635777753172307241536678070,0.0677713897531775521115301954175952797655795895720330231831472,-0.322813501422926821278968681022627976144886459492205467580107,0.159664565296252994545744565139466598978099187926397468034845,0.255846454444190783879685379099712611829788720878514387452780,-0.175416862166966950793460305026569651355870596556062058542656,-0.193025877371330581448231708830081412167847544595788226438521,-0.0691501465580031134092063943187356861396281943323419961434071,0.0624776976848460123653863299165248587845482248517871182792033
0.0291303217999558679073528281472059070246127785337756108507826,-0.497938348399833992072901585130503577347732109241572463944389,0.458560792763767272556446789293035255236700390662608824849733,0.150653784645957623126506368801626517488259586880640695433245,0.204135628833876927035056768804475812377042108178115675658691,-0.165927053014865088571629510212731982683129889184558377376313,-0.105378633353974828876373520973313445994356794960137918355212,-0.339937239189872507177373496119811912575732121297361374440785,0.120517048006213167739671575553249177914362439565636237783900,-0.00563382161062593283189609317359161901240402493846267868310800,-0.234952643356758605707418360889628349196788708812773861979145,0.136952168812571729082675840423898800881904238492585950067766,0.185227513645646482721243393118323373124769267705221052693963,-0.178548910474462072599137266195955244486570931489735122543329,-0.274887655291839190224166276366659616259431654386634935656967,0.00768368941459457234006421776416958147292917454370674407058975,-0.143037992772579096724415864702203438095433658628335503732938,0.144769408028497936086173781622561059125885658446841169828891,-0.223967609552529915585700244834880815631642907664360858438027,0.0215325541100961886817850860860165459585584776961620797374608
0.0698665730156071598073457962816069827907461586535872101432415,-0.228754055987523309473111256938874473823075708965303455479948,0.0681612751025000293982262859295860702814794046503679833187709,-0.0865077296359866441501202002889023518994666266480326531082253,0.318644136675975495813265186606182971391706724984413049242598,-0.253148638271101421757692977446993145027734757229577819235099,0.0214701860028246959281877339584906107247249097064299881277246,0.221743590352155230498843967588055579325726559101668792844978,0.148606205848664440439757912721730255643905373170046561437069,0.144000657750944331883287056763149470383131611049414356504775,0.0228605357500758287744415809545368923906247020171684316714986,0.290636197788214776335466989015823186829291764601337225825544,0.0940113614690869309610002928755433566809762072404392134395458,-0.180983488217676783915051642932421370344915050824242427781437,0.255365994290108484549343305364197134233931643431267526782868,-0.450342357525395280476518837262181342642517792465633490695596,-0.373236677725997956756506926389184639534986822583557633324115,0.141967097851132099449573657073170783612709147746531769406974,0.155563190372720574119309952131379513618908227435535938766575,0.307125092257225960902574288654791366606320239868407933888507
-0.506498397468819750879557203530844137540554425718632331635211,-0.166664406657575601070592633041055613556130711046817488407968,0.0266240234402669091529050343555018217735834297306353190335491,-0.121176649046920163115801018482588012449180267659989170830149,0.00261887487707190720113852150065199817470329013897396381135901,-0.166280876650776808744445587014174857377196176039660226058110,0.0376533908592070272352049724708825849224769794406387858678728,0.0159669191368569651371020767427077201981982265410289289064405,0.0691748306242556497904262710851085541730538938112428929310339,0.151121702038561654064132238483520120100613670267215910339008,0.00371113757400706028565897556655464810962486416325404180144077,0.310245203532268880951710537093552570119639932042431312511520,0.601958881059054275063124638484249929723541381730834409958476,-0.130583650784754871146753242222825126854359803723734104105307,0.237980984482879881071786624982820969385004621764973676602255,-0.0596213335641410374963849651392307957016555865470307927251633,0.130380480809618739951822574890018544314324507677358499674543,0.144769408028497936086173781622561059125885658446841169828891,-0.177774966115077160945401354110320243972888758095135331070307,-0.194716742376408352003349593180126434938105096360304886841744
0.0534601851163113700624882014215190278842795961572735172356811,-0.178373008349869662317164937248821984454900785363289522401420,0.657875733681103607814392209259855087121834847812388124378412,0.135100746032572729011997236287374992489160827753105573709491,0.162578828086436626548331381221494545227539673436892980546085,0.110785065071480514950236498974829594085752845031715187587374,0.350559018445688360663680165045832455961926593838092427107309,0.0712089189036824852471663111065518666634316769952181776831196,0.146287046926225227884094358343346339581058154258031131930828,0.212632755695723788364434557390744288469503550393509380541505,0.138942514233746170353577372693687965329269976399346542654755,-0.192733516962858904665615392256638345809113137955284481347490,-0.115193291685134506012640238325184511838149958696009836927555,0.208820684445773634757197319970704327462372807410037950744989,0.0434844014905040280244365112285612609281725381680093445008952,-0.0757259588439192674436473140053404428290619239866318349675492,-0.215959322982047559740689337614178830873802517557095945367200,0.144769408028497936086173781622561059125885658446841169828891,0.292231565098185290052284356005631504415122529958111793653818,-0.0839299688313686483817105300760868118055652105336224665238495
-0.135239779368762538239037378593742855697721301580521811005664,0.0207159954952327485167200233537415606865357850168573761199322,0.369887156849618106943338358645560935138247289345687857608560,0.0423356691917637851833860567463807843226514347780242754984092,-0.120734864605295721092723163875471440304728952302449022965076,-0.167955885697815053082374132468345958590728023082920630359237,-0.0235794828425575457213917324693740437538643000080320416947612,0.219713033376084888689788605976886342330544052646175059331371,-0.0589889165071552055772236665305807602064425394894117152619633,0.300251555063350359769380884260146112310111545129196456443557,0.0600132439701998735487674140373045279335979033433736328131085,-0.204983885910093650290427975043934567552947255722188683644944,-0.0579470914107975950514200646068183536019617331771575082843160,-0.249883504633187666301914113855171538521827097130837031677842,0.320269251463838092009016606656763996489372495314407461503898,-0.00567335409515561603637934044964598474526853297515380089232954,0.437184324427025892195728305488605199486686946109583457352569,-0.190226016786061427277356079949618969131272928156368634673998,0.145790480216727718177220517413535227293646992605371610380551,-0.441396100455976726672499474726670095146853389632361952187216
-0.334028533911813836669869756635625046417140209934067804559537,0.162054865924232638881386216917794234127840764545833054268351,0.345204823597194620035455334124749789901322567587662394704789,0.422953683448161179757643840007575841169936959936689702054873,-0.202379722297694585227029081744920635630591586265683811514201,-0.347363182285731233851682546337194115431127152606613733291088,-0.135304392253981126343560616050662772046950331864652145979282,0.0972702072437426298574524294613980681310982055301008701652054,0.364680226955041908822270830589889638272855049082663057278864,-0.0897505115196535156834022587257689284504564623781112525382762,-0.134137035799431755874161781900820132595259266551981411087299,0.100695074608670071958329991316077658645773134166041018829349,0.0750500147801253145383522336424389754527325063876859620339086,-0.179561813315217063363367508119134800488661982772546094960738,0.0434844014905040280244365112285612609281725381680093445008952,-0.0757259588439192674436473140053404428290619239866318349675492,-0.215959322982047559740689337614178830873802517557095945367200,0.144769408028497936086173781622561059125885658446841169828891,0.292231565098185290052284356005631504415122529958111793653818,-0.0839299688313686483817105300760868118055652105336224665238495
-0.336605903759152390276085819774901942957711072373953251979405,-0.0108355259940036963137975554759046480305718136804880984447654,0.255145608835059254801208882733961048491963729233712631173724,0.213684591029435103713967349311244226478616545827446741835229,0.392441857114488782741803588748199007932706059257685679074482,-0.103850659805840495449681910246706152121318529279298749321762,-0.220257066623039562755781208793260089330165808135776382456353,0.0673011217608866572588811062459242094991107650144811438185664,0.0539941852079104846228325778235601335241719213440249850287238,0.253909204142550832482864861834974521943277210468134306843423,-0.103420868274800888351278957880016825457601015756827818256078,-0.443273469036896236599120337449588474072938519370434076257103,0.336731181881998528697744763270779881725827392727758029370463,0.0485246581043237070569820182097045267789413368299879349169742,0.0279596515829387369795260931306883436431628334940796948743617,-0.317366388566094490919724924899741967371068902995362268630490,0.00680708018576161101285709169133801458057754444907982781950094,-0.193025877371330581448231708830081412167847544595788226438521,-0.0335413787482089502452356933867707432973521549184510496290365,0.166529083151535539803711801645412047848544813586334274165102
-0.00785032187199543477315829313427207619545341456760108152053521,-0.182465432823901224863810513248069277034672193757921873960513,0.262033634508595343902470442454041255281516527741188787099279,0.0724297685585807590185823646180399004284176238766055421176763,-0.0480289266795830131148547644192907644752683340777754486530080,-0.402562168530873415401135120398894831973628281829162419216221,0.197915257851971153875142013798811913183842504730992222149921,0.331040856022640570848898546798907815602195596078798321920173,-0.0187171661312803084772874384879648656554678541990296248047634,0.372091556935956162254090844548206679823322519259380961234437,-0.470636292741999912057025022769006884120938458081530730397609,0.0633707705500170814926975525520661720977575481097945255566091,0.163906814424128356267000769941777681674655723331191770617612,0.144110155185143545651396008674232978650448978273140045592506,0.159664565296252994545744565139466598978099187926397468034845,0.255846454444190783879685379099712611829788720878514387452780,-0.175416862166966950793460305026569651355870596556062058542656,-0.193025877371330581448231708830081412167847544595788226438521,-0.0691501465580031134092063943187356861396281943323419961434071,0.0624776976848460123653863299165248587845482248517871182792033
-0.135239779368762538239037378593742855697721301580521811005664,0.0207159954952327485167200233537415606865357850168573761199322,0.369887156849618106943338358645560935138247289345687857608560,0.0423356691917637851833860567463807843226514347780242754984092,-0.120734864605295721092723163875471440304728952302449022965076,-0.167955885697815053082374132468345958590728023082920630359237,-0.0235794828425575457213917324693740437538643000080320416947612,0.219713033376084888689788605976886342330544052646175059331371,-0.0589889165071552055772236665305807602064425394894117152619633,0.300251555063350359769380884260146112310111545129196456443557,0.0600132439701998735487674140373045279335979033433736328131085,-0.204983885910093650290427975043934567552947255722188683644944,-0.0579470914107975950514200646068183536019617331771575082843160,-0.249883504633187666301914113855171538521827097130837031677842,0.147910992429388587262704729186669698647873865957421429202941,-0.112007937965501214766395008583424183061145358988475932826877,-0.178366344508538294447862017516495917313192495040348863541765,0.476969871441981510210277005652134309299673417132410999882044,-0.499409855755732419115079581527125358678823468569154441437287,0.0534563185700089841083878129104988649803337080582456315801623
-0.0231022292058432762464112848421992391873653415152553543771899,0.101728334496847793103758218749854119888027037301050813080231,0.105703149928867139226809020451566911538844095543944470269938,0.288572059809814092514823864703970095105328003786969623720424,0.371674584648501529196191711667435490192617322187677849741514,-0.134594207281160794582523423883939227467559043559461638620656,0.0309790433588710903047623967415791400677027564678140182233429,0.587246771321492855963839822419823389573154395345981130973043,0.229549574366692677317448935789195581885080168362445010041214,0.0202004414535629846397379364470805258000472804797327943637825,0.261409916178711762238775375120809897903840101079288488482983,-0.138883818051837504519168404332014350082170383615058374059318,-0.191497378402943244668750490686892316276871742826671366337981,-0.218020531678983090790358431901780520467556342103184767977828,0.159664565296252994545744565139466598978099187926397468034845,0.255846454444190783879685379099712611829788720878514387452780,-0.175416862166966950793460305026569651355870596556062058542656,-0.193025877371330581448231708830081412167847544595788226438521,-0.0691501465580031134092063943187356861396281943323419961434071,0.0624776976848460123653863299165248587845482248517871182792033
0.149790816712090007914561234804610971420013541236783965333152,0.598659813689016854819949266707073922756672740021320024272212,0.419518723772898467306063311544845839610098196591798718804931,-0.153516406119286844693585055444966315542327125698583893663042,0.0342505148706907607958755197448832766351354388246890100787514,-0.0883684804901356345012862552691289240791135325595679283127301,0.147182370651345145753435872978726813033538228740281422375199,0.216580571070148525646811615151432818174444355457564020959646,0.258380735652375210934388452043590908971117067760985284976809,0.219737519590395470275772956584761717473448015367406536812222,-0.200841855754654181019931167355694262048986859593722348706758,0.00190442389477397172071949209549593303721878612891914938568402,-0.0925040884594450767455662986942864163168778060828474922002112,-0.102202219817555524760378499669553136798707280597582844492172,0.0279596515829387369795260931306883436431628334940796948743617,-0.317366388566094490919724924899741967371068902995362268630490,0.00680708018576161101285709169133801458057754444907982781950094,-0.193025877371330581448231708830081412167847544595788226438521,-0.0335413787482089502452356933867707432973521549184510496290365,0.166529083151535539803711801645412047848544813586334274165102
-0.200038466577500337602930552120197327404325204445503183178387,-0.361933689657804552666199202498959468323551068887393736371362,0.319101238101499013838167699215518461458399800933275677881067,0.0684764227781581012081826933868392083249102625792672833756809,-0.444496691746361385593240471527241431638307364516614800651572,-0.0293899204471626680101954959495267941434699218330377162063134,0.160019462298928501479179193387228320111790075787380545068915,0.0349414718070779044756901777096839231832557621304595321205056,0.0581895618229147917227597777763182609172748267706140843780207,-0.0571021425585325179916492842997115835728337142064655617668034,-0.0724745956158030540238383008139385966086135682541464395463426,-0.423585160854878213665942581609486803953655374846950901176600,0.362218824388817956356090873807948174904651448442836653406419,-0.0837509423035834018421765973285471733425183929293233738787753,-0.00657773068154471887205685984472261405374550554634808544618388,0.127663602993465732599968061380401657057788335989955883622123,0.228616834945007916513282627426363724654911668508072949425596,0.144769408028497936086173781622561059125885658446841169828891,0.109511010569421786478817242939569555189409135801384395854516,0.257114157097680811703275037170196700785111829197765273628132
-0.135239779368762538239037378593742855697721301580521811005664,0.0207159954952327485167200233537415606865357850168573761199322,0.369887156849618106943338358645560935138247289345687857608560,0.0423356691917637851833860567463807843226514347780242754984092,-0.120734864605295721092723163875471440304728952302449022965076,-0.167955885697815053082374132468345958590728023082920630359237,-0.0235794828425575457213917324693740437538643000080320416947612,0.219713033376084888689788605976886342330544052646175059331371,-0.0589889165071552055772236665305807602064425394894117152619633,0.300251555063350359769380884260146112310111545129196456443557,0.0600132439701998735487674140373045279335979033433736328131085,-0.204983885910093650290427975043934567552947255722188683644944,-0.0579470914107975950514200646068183536019617331771575082843160,-0.249883504633187666301914113855171538521827097130837031677842,-0.692722529205270063079308941692625670549404834442968943250978,0.127264068448661633778861429985119789675808223079824232078392,-0.102857793460161133256614639927976770925823834211530907048885,-0.190226016786061427277356079949618969131272928156368634673998,0.0545531447655437840591354442936807406318017234310474370478479,-0.0142716032113622931024018426247522541972873884468909855827323
-0.537624829399970363182908689707164424396997034716252110031546,-0.0888081879463162309113556333599337589657183954772195679488022,0.326960182046191442996053084129754333997308335611313583317038,-0.0960167137544128554028387151500642326498227706062048359178342,-0.144136683141593259023711407524502299951883745856617703428513,-0.144344855840554239225869108797819676697370600081928192595780,0.209924875739366191108446236086745111981755625176964834903287,0.497684147145693186537671424311405124836606905968014067529539,-0.102573247356993574354926684481438089420056806334879252341303,-0.125503928859041626089032783734236150855071418917160482090560,0.148410506892750622406074167467554670423982964382045886987338,0.0779212402156686562524664182343134752602837602352253738566743,-0.102716115378041835044356349353531728216893368926217259153034,0.144899055077663618952895105604063423040812085392460868687912,0.0279596515829387369795260931306883436431628334940796948743617,-0.317366388566094490919724924899741967371068902995362268630490,0.00680708018576161101285709169133801458057754444907982781950094,-0.193025877371330581448231708830081412167847544595788226438521,-0.0335413787482089502452356933867707432973521549184510496290365,0.166529083151535539803711801645412047848544813586334274165102
-0.211841425921771753222528761264315126681579100049835995355040,0.0895328915054772874872240123375601220504916059815712119508428,0.629899528549679637971735072704400751095641357730071369264377,-0.0446911851646981919940284630140052303435333451947354105528886,0.0725675955407991161039579944370615263561966334674137351509990,0.0437174775510956325160806848506945088882513402237474624080135,-0.0808662917980359905454734679292360884921630371801868475875952,0.00966743403129088283543708239700209244100852617682507564930521,-0.181790718548481269629724655702696388883689793630457338462996,-0.307719294436054606643539204044911466976902579242520398967739,-0.311453606478365866552645903922261121590284822661768255527835,-0.274392055841258463901847707449036925349373163543691208985866,-0.164143387461900058709576215539776753990303249873563672086925,-0.199710742918442347745332015704646615880103408908284402887051,0.159664565296252994545744565139466598978099187926397468034845,0.255846454444190783879685379099712611829788720878514387452780,-0.175416862166966950793460305026569651355870596556062058542656,-0.193025877371330581448231708830081412167847544595788226438521,-0.0691501465580031134092063943187356861396281943323419961434071,0.0624776976848460123653863299165248587845482248517871182792033
-0.210367910495618976248616998055062809660340167960397287634766,0.172295648016167566218408252595677273287975931146099001762982,0.0929533398705840319806799451608823331105656676455785920312826,-0.00507542071550692414197309855320397817568382297050299042149323,0.0899071635213503096794915292920370105885302860342001459457176,0.141264849066898738055813553901973232628108888383105420028982,0.357009728979784370761247490257186446395929658519643671026133,0.441389743841435066378694420824159244921890484042355088732108,-0.216374842845538525281051725601371833094501586783506614787373,0.0803583464966458451826693426591681006585211940577196367739538,-0.208421803180788556024747619586063522796948933387918009766209,-0.184918041997016999384244256709887245501648700677175843776352,0.323597241572596290986754334712570449801408901320133918843068,-0.404701206947631623170054816468154446912377345721900368339017,0.0434844014905040280244365112285612609281725381680093445008952,-0.0757259588439192674436473140053404428290619239866318349675492,-0.215959322982047559740689337614178830873802517557095945367200,0.144769408028497936086173781622561059125885658446841169828891,0.292231565098185290052284356005631504415122529958111793653818,-0.0839299688313686483817105300760868118055652105336224665238495
-0.0788829822231468680315040738513867208151357388041143657219204,0.0265153012405631626290948337449700521064620576712746382444104,-0.0691424933778561723440690095359350487339191099524691071207548,0.288087962717861589590175211638180182740891579250413247546349,-0.000737983953841838376511263551086409725010432067931058861051563,-0.125749691566266640563180050444765869543528188922790522683736,0.215379157541067525208199008793063343774723805045668841434661,-0.448030288249961375691651546457548615308946220210750720195910,0.0587292804968088225992850370497937986915850595363900294694856,0.0102048518115257776943403594828133905492341305671779727608954,0.0895444535160293081364563088173019339408738496156690310367038,0.0845307748266648018662005025395213708085559665392692360507060,-0.249264990552176445429913234793184697628840541058560022020056,0.124539985878451913022321404903955463634689605707609595137371,0.127380547646476237509805683250294531221816941175470751472453,-0.0216448444313252251252618176367482047702339952505480401905335,0.0937076689201645939335570740248239066369386191579025222570608,-0.190226016786061427277356079949618969131272928156368634673998,0.611911525618200894179606813338238808928095184400555789285139,-0.331525187453623491601054101437649760557241986434309338202815
0.119904193378615751929200409217368865475934402943791953755069,-0.114823220904844738089587678875963824096281797127500166255849,-0.0444579424342214619627374604326351312204166027500559309314069,-0.0925276149946051249986825943963023552059785434709692694198824,0.0809059779977463923105170859281272891638348039247107809638641,0.0536554392366614816287420931391367817498907850965813332126310,0.327105481283332372261543747316190094484760316298113545823060,-0.325589145729104219761479596292199625514088873173711964913033,-0.364939864879944286295399256825597111705054235778602243820891,0.400209207700138758583875965345745970317626691193700406388271,0.283695836124153422302841785282644668607646172880966995666005,-0.221149073913365195075964354391983566511797563368200629487550,-0.382264362125055882813250945253183715560359155962383625517294,0.0542173702773478462640231529770116336968770802652962166988189,0.237980984482879881071786624982820969385004621764973676602255,-0.0596213335641410374963849651392307957016555865470307927251633,0.130380480809618739951822574890018544314324507677358499674543,0.144769408028497936086173781622561059125885658446841169828891,-0.177774966115077160945401354110320243972888758095135331070307,-0.194716742376408352003349593180126434938105096360304886841744
0.129995467399614212500389902417632278807673339924790196571504,-0.307086064716870438995149075295927039546145283989908382890239,-0.314087761035442111243062342810868420940221363796251915964386,0.328199638156180416563775645543658692788470113983784738660413,0.248197705260411869922581896511588608468616144270099101370733,-0.339105425467954201523366769831091217864594813799157988818138,0.102171443088199613216145829879496294222860531296573756865919,-0.259907555508001433981068500868515604816178837723033126310469,-0.269495405743963525031636132018868832266491988705760147899372,0.129979140053103459042974485781099721400954841701569244108586,-0.382300088861184163734845685091156998910942752542074785064437,-0.0526293791180417802259685201345253472532408692082135768652438,-0.145498656769314056902740185505274663941282206870532329311738,0.0238075689274322729719065437380070216993854162148400038073611,0.0279596515829387369795260931306883436431628334940796948743617,-0.317366388566094490919724924899741967371068902995362268630490,0.00680708018576161101285709169133801458057754444907982781950094,-0.193025877371330581448231708830081412167847544595788226438521,-0.0335413787482089502452356933867707432973521549184510496290365,0.166529083151535539803711801645412047848544813586334274165102
-0.351650472047808068801945033019036675062623369795938768853530,0.183134241853402632872475284735963511310390797349003823917845,-0.310099559368435067240751600012316116756853083374631609302286,-0.0239595338917808393580585420481323941152755189623970043704448,0.134540140594280522251254655794962341011028274918539950855948,-0.182230523343545993232626184712606420209461490555076263619546,0.0909936134430651336878157875405531651486063530594242389023828,-0.406296776906697374185879806775486749922375328884578422545240,-0.0887354219276025030397786282316902065371823264685871770085959,0.393549230973543595462289943516224071316141428123356249043190,-0.0174723229562345943290860912888553081861644838465685675974743,-0.0661720807014165019235843880253193096948908431655480723914142,0.187746272715912507116407866002578461843293280217204216512774,0.388650181704145967105699606814415992417642330578035088192449,0.159664565296252994545744565139466598978099187926397468034845,0.255846454444190783879685379099712611829788720878514387452780,-0.175416862166966950793460305026569651355870596556062058542656,-0.193025877371330581448231708830081412167847544595788226438521,-0.0691501465580031134092063943187356861396281943323419961434071,0.0624776976848460123653863299165248587845482248517871182792033
-0.0788829822231468680315040738513867208151357388041143657219204,0.0265153012405631626290948337449700521064620576712746382444104,-0.0691424933778561723440690095359350487339191099524691071207548,0.288087962717861589590175211638180182740891579250413247546349,-0.000737983953841838376511263551086409725010432067931058861051563,-0.125749691566266640563180050444765869543528188922790522683736,0.215379157541067525208199008793063343774723805045668841434661,-0.448030288249961375691651546457548615308946220210750720195910,0.0587292804968088225992850370497937986915850595363900294694856,0.0102048518115257776943403594828133905492341305671779727608954,0.0895444535160293081364563088173019339408738496156690310367038,0.0845307748266648018662005025395213708085559665392692360507060,-0.249264990552176445429913234793184697628840541058560022020056,0.124539985878451913022321404903955463634689605707609595137371,-0.0449777113879732672365061942197997666196816881815152808285040,-0.127979428301670823855277485770526403086110821263870172125081,-0.521843000015399592710033248980277210162940821992029798637273,0.476969871441981510210277005652134309299673417132410999882044,-0.0332888103542592431126932856024217770443752767739702625326986,0.163327231572362219179833186199519199569945111256298245564563
-0.267584525649509454803157548839775208825485403147549368040150,0.225604653369257563108963475290652394486459752781622410413923,-0.357128852518130449741674335567740428440928882974781660605030,0.195325322420983325746964009323898493474797588712614858925499,-0.284052572386384819464843377038287891694296455777866011096422,-0.404492808120550267173176952172886927766989212541747587665831,-0.158757929416337114745697033780305133524116609404631027263531,-0.299527857389044075151193477937353424046422344638829272430947,-0.146546684851127605357222784579053813013257340953970318472855,0.0978259404847614545360391492292327533976666784220797733084899,0.0106162860909754960751026306881365706831169299296390419239506,0.0722795176581637815479810291807324379430887087531248706892891,-0.192021055659796062262258473285560228269476690878687826555831,-0.334165127483642851856541675112827494254157709917287829006908,0.237980984482879881071786624982820969385004621764973676602255,-0.0596213335641410374963849651392307957016555865470307927251633,0.130380480809618739951822574890018544314324507677358499674543,0.144769408028497936086173781622561059125885658446841169828891,-0.177774966115077160945401354110320243972888758095135331070307,-0.194716742376408352003349593180126434938105096360304886841744
-0.399779040128360715909360494155260069393870280223860831939507,-0.213428819839285445042694195407791521477191485709206076878528,-0.249161213497846012149479701135155342224429555926127119746627,0.159753155843186802142354565775554559710229719500974360624903,0.152089948798401624013725253406377072992000732491256846595228,-0.0808881127776350253481007582300160625883371320519237621976970,0.114181060975594650449450052167429493020773651742546369619285,-0.0932642643849488182922956233560182955817675278338173807011039,-0.353351486969676790909275378012342056031080940841609775435911,-0.367616345741894329300149142501343109277439096474972199216411,0.236746710773566370728253505145404555633978669921501832320510,-0.0380789094523902054661996544522780440907146570827827285651786,-0.412121586571484248214097304800584073832831299127941359082384,0.0245964688199523462734056406678374660897485233341608269027674,0.159664565296252994545744565139466598978099187926397468034845,0.255846454444190783879685379099712611829788720878514387452780,-0.175416862166966950793460305026569651355870596556062058542656,-0.193025877371330581448231708830081412167847544595788226438521,-0.0691501465580031134092063943187356861396281943323419961434071,0.0624776976848460123653863299165248587845482248517871182792033
-0.226885994210427431748387974508449858786491397471821512229165,0.283502659352883616673496852549428281391454217011063134313453,0.0646543603461853159297745899581235858468245451217271287883664,-0.282335310085914135066054354373381850937425409984579156758562,-0.185334120979409144386590938516175140565481150871731993067535,-0.0346623859866098652668635896152057591998916210520300518897714,0.230384388268068705898123528404577165986609124015013773771141,-0.463930464636293148609323830624408866980477567722234490714501,-0.324520325683994257292335861757946728945044041443069500500316,-0.168079267605061843664114122363661917604038361587298456767972,-0.225505061159799572530453037331099604318848290751509004869232,0.102709332494221270773688241975232239028674512661194794879823,-0.313128296627986080290913112807978173872837362384117484944614,0.140414780681379912303385572900064849758597584839762750388423,0.0279596515829387369795260931306883436431628334940796948743617,-0.317366388566094490919724924899741967371068902995362268630490,0.00680708018576161101285709169133801458057754444907982781950094,-0.193025877371330581448231708830081412167847544595788226438521,-0.0335413787482089502452356933867707432973521549184510496290365,0.166529083151535539803711801645412047848544813586334274165102
0.299439565327971070807707639500633125700394191333508055601844,0.0225726006327658005351874898226965698711569749203685670202814,-0.467400962219319611973036847208946126248881251742437675642042,0.215421071421169106053819381881496915486168972182597996808265,-0.186587140476474857863886285288540308415484080811464975700079,-0.0980191354254747211497940855015466130018013265863486765289738,0.292324309984538097119092350375875602676509368273430349747707,-0.349093802684706457542902337203308771501682842390632970799796,0.247582776411088055732524191991701592161057553655326184723218,0.228242254585064855716546517562854642455149202845649656887306,0.126473358988724379831055773430478148142680100353355412607906,-0.263288830786904639762041454751545464918061842492348645226903,0.124452652197830525150359835206386166962138962031828733363782,-0.106545005460407851536712546229679651212185826676921857269041,-0.00657773068154471887205685984472261405374550554634808544618388,0.127663602993465732599968061380401657057788335989955883622123,0.228616834945007916513282627426363724654911668508072949425596,0.144769408028497936086173781622561059125885658446841169828891,0.109511010569421786478817242939569555189409135801384395854516,0.257114157097680811703275037170196700785111829197765273628132
-0.0788829822231468680315040738513867208151357388041143657219204,0.0265153012405631626290948337449700521064620576712746382444104,-0.0691424933778561723440690095359350487339191099524691071207548,0.288087962717861589590175211638180182740891579250413247546349,-0.000737983953841838376511263551086409725010432067931058861051563,-0.125749691566266640563180050444765869543528188922790522683736,0.215379157541067525208199008793063343774723805045668841434661,-0.448030288249961375691651546457548615308946220210750720195910,0.0587292804968088225992850370497937986915850595363900294694856,0.0102048518115257776943403594828133905492341305671779727608954,0.0895444535160293081364563088173019339408738496156690310367038,0.0845307748266648018662005025395213708085559665392692360507060,-0.249264990552176445429913234793184697628840541058560022020056,0.124539985878451913022321404903955463634689605707609595137371,-0.501451577587182334286411311711528312042569077426482743839286,0.143101606339168646385832243298034534912599018680689902291857,0.237738132880871578494956485919854406090179433016009168810780,-0.190226016786061427277356079949618969131272928156368634673998,-0.407658556379874961642524236372747026738338162443278866738687,-0.123221031919258807356803778723280498701984212477222964771237
-0.0381467974944989547722704980863339712922776389372408712513153,0.295698102344254122290031058961722279228989648330542735442841,-0.459542018274627182815151462294710253709972717064399770206072,0.0509279348885981494427979733445934745114359389971258775147499,0.113772868128293268705642778714198823270939537848532121522980,-0.212974070818866292365467698349839495555702004835239152918441,0.342229723424975786748359393075392394546474917663014639582079,0.113648872653908824519078909398412430151668301446921564609237,0.0868199672311796896548377297339452418237259205498328480038944,0.159840468284555747619163018128330075172911498134954736563549,0.347358461497278056260968241711971415175276632989547739141587,0.238217570283642230156367545092254814295877292589827629806371,-0.340482287569029266250087387955093736159405855337225179195670,0.122104991920839169258359156702930945171144651644862385297647,0.0279596515829387369795260931306883436431628334940796948743617,-0.317366388566094490919724924899741967371068902995362268630490,0.00680708018576161101285709169133801458057754444907982781950094,-0.193025877371330581448231708830081412167847544595788226438521,-0.0335413787482089502452356933867707432973521549184510496290365,0.166529083151535539803711801645412047848544813586334274165102
0.287636605983699655188109430356515326423140295729175243425191,0.474039181796047640688610704659216160245199649789333515342486,-0.156602671771138987839469473720063836611639694945641984258733,0.102253463478312812851608225480652476817725364408595302879696,0.330477146810685643833312180675762649579019917172563560102492,-0.0249117374272164206235179047013253099700800645295634979146469,0.0514385558875736050944396890594111940725562553058629570911974,-0.374367840460493479183155432515990602243930078344267427270996,0.00760249603969199438003975851268694236009293325425476188220070,-0.0223748972924572329353434021823452409489196621904051803136301,-0.112505651873838432697751829677844376838991154054266403373586,-0.114095725773284889997946580591095586313779631189088953036169,-0.401909559652887489915307254141338761932815736284571592129562,-0.222504806075266797439867964605779093749770842655882886277317,0.159664565296252994545744565139466598978099187926397468034845,0.255846454444190783879685379099712611829788720878514387452780,-0.175416862166966950793460305026569651355870596556062058542656,-0.193025877371330581448231708830081412167847544595788226438521,-0.0691501465580031134092063943187356861396281943323419961434071,0.0624776976848460123653863299165248587845482248517871182792033
-0.154010697774969389367640223543143024353780517676509962936240,0.178094996525579757045765272386829509758846463707815059050295,-0.346079547761622675429683653157814290017737585937762296198573,0.240678684988054644341874121696715541285615973570907303044943,0.209904929029827166464193552563046972674441849555111167333145,0.183471354426931487472132035839569390984861455072466190504024,0.595970131444473514947984720401326443390886123820404708385116,-0.226358501724004264887387632465923642740449493489605783266188,-0.0986557777875652153185180100185826884807675790662159241675820,-0.209690495559629065268463342381690990239105406645061163998897,-0.178890375871813765629639827906008823593892892419823266785684,0.104598753620910163982974582163135620228084983622618205807544,0.132277931652989233036287188925315888025146055874229794645768,-0.0302749554370948473076525258059762444592441868874115228025168,0.237980984482879881071786624982820969385004621764973676602255,-0.0596213335641410374963849651392307957016555865470307927251633,0.130380480809618739951822574890018544314324507677358499674543,0.144769408028497936086173781622561059125885658446841169828891,-0.177774966115077160945401354110320243972888758095135331070307,-0.194716742376408352003349593180126434938105096360304886841744
-0.0153389828451700585506142498850385563798805510772418201893052,0.176810476407207293829420440033110285105287111465094109254391,-0.00839428028144646680567911728647605093160850737785309344428735,-0.515014921875837945104823721854475129098480220316236772309436,0.294027155221833331162340355854219377311076132071825129927316,0.131397829667608768300825044819424814341484285704996100746911,-0.0563573294271795176054876197326542028705666591401113477878107,-0.206263579262974998707895439687647093875977658446112269254474,0.221800866756516764659969813244692579908093007590154576715418,0.326545724770279804215341271565679618314065903850160305020140,-0.00319956587437449790943625787899339571545275077122273318583340,0.196344815809789159760162058356577455968533378416702340927788,-0.369475413044364767652654187419103669106745838391569303332124,0.234919082565555256535109113130553256056574442124631389412360,0.0434844014905040280244365112285612609281725381680093445008952,-0.0757259588439192674436473140053404428290619239866318349675492,-0.215959322982047559740689337614178830873802517557095945367200,0.144769408028497936086173781622561059125885658446841169828891,0.292231565098185290052284356005631504415122529958111793653818,-0.0839299688313686483817105300760868118055652105336224665238495
-0.110057717512666776415141985316415527700513462147344388250444,-0.251316640791699801290998990949742586630199793494539830890791,-0.0539198386270421740860624268967833257001092170282437755878657,-0.197522574799286008994815215063151472235780478730370970512772,0.0916564325325780930305867031723348383771189404597971580100785,0.0613921031762549930337690184651017988978919882792851604334606,-0.0289962394285431744020606787298261080658595886762991556213113,-0.265650705308502469821191465048294403098511764712546139253795,-0.0383913050089548481857632300826656679870278922958030527689663,0.0700950993952990994850223136331373553997137279248840454933460,-0.387174043507510579306838386856638308645998801559306758274364,0.229492687706707765714816540170160121666926800664565428687261,-0.194772079930065021762604864365781897348021134824679953429874,-0.0795217718123946806593065810119216649578930584431242094292910,-0.107076131580221404510143709723256440157111016680132043031926,-0.249720460183633382946436821327318061787755475071286904729755,0.469026205996868730719178144666661332127505078384788952616637,0.141967097851132099449573657073170783612709147746531769406974,-0.00645941033904620442261496741898898251340635256471707553481563,-0.481662188708995669089139990989345404860269210538787808479145
-0.110057717512666776415141985316415527700513462147344388250444,-0.251316640791699801290998990949742586630199793494539830890791,-0.0539198386270421740860624268967833257001092170282437755878657,-0.197522574799286008994815215063151472235780478730370970512772,0.0916564325325780930305867031723348383771189404597971580100785,0.0613921031762549930337690184651017988978919882792851604334606,-0.0289962394285431744020606787298261080658595886762991556213113,-0.265650705308502469821191465048294403098511764712546139253795,-0.0383913050089548481857632300826656679870278922958030527689663,0.0700950993952990994850223136331373553997137279248840454933460,-0.387174043507510579306838386856638308645998801559306758274364,0.229492687706707765714816540170160121666926800664565428687261,-0.194772079930065021762604864365781897348021134824679953429874,-0.0795217718123946806593065810119216649578930584431242094292910,-0.261762698031890997880550684492110680705678163105332242997988,0.373375302619637973840585795385670914901833744518607497850899,-0.134968990749421180936088292737685597868494911403106123741809,-0.525228790376910838038059428528582494818237197542247865149068,0.208090750958230741983748423368843262537660203861063016262111,0.0263350519300232325798462202533775223598881050070007637824505
-0.372920340205540489107576419605435440919663397834537625737355,-0.0766632973474056595769368016845874822049971191838057605417224,-0.244900449421625536896816032279650816021782197970123456686872,-0.157304844053331948509535274266381177040516503478912908848243,-0.245137775539690487922876305091746532298826666242033224794400,0.117518636744752402455924217900039007738898083320354465119296,0.238422703270318143814544590288402747775040246910375137340195,0.0485146789911675146225586892005531915034559106542985248646270,0.0577313300057344526439678883660593425911574807843007492013760,-0.156493163985674169044029462920657448894594590305772154399827,-0.0414956808251397404371355341301659636010730753605719870765061,0.553490893563564497212648638316860410148377545147082442852204,-0.215055250114196614079726083640587709261554017328659959625400,-0.295666375984061612294916729996887381324698942602220164312197,0.0434844014905040280244365112285612609281725381680093445008952,-0.0757259588439192674436473140053404428290619239866318349675492,-0.215959322982047559740689337614178830873802517557095945367200,0.144769408028497936086173781622561059125885658446841169828891,0.292231565098185290052284356005631504415122529958111793653818,-0.0839299688313686483817105300760868118055652105336224665238495
-0.375497710052879042713792482744712337460234260274423073157223,-0.249553689265641994772120574078286364363409697410126913254839,-0.334959664183760902131062483670439557431141036324073220217936,-0.366573936472058024553211764962712791731836917588155869067887,0.349683803872492880045956365401373111264470979281336265794283,0.361031159224643140857924853990526971048706706647669449088623,0.153470028901259707402323997545805430491824770639250900863123,0.0185455935083115420239873659850793328714684701386787985179880,-0.252954711741396971555470364400270162157525646954337323048765,0.187166551676530179122237657640086001499139082540473404981872,-0.0107795133005088729142527101093626564634148245654183942452846,0.00952234991799818865519830955119427742966589161060734776575191,0.0466259169876766000796664459877531970115408690114121077111546,-0.0675799045645208418745672036680480540570956229996861344344844,0.0279596515829387369795260931306883436431628334940796948743617,-0.317366388566094490919724924899741967371068902995362268630490,0.00680708018576161101285709169133801458057754444907982781950094,-0.193025877371330581448231708830081412167847544595788226438521,-0.0335413787482089502452356933867707432973521549184510496290365,0.166529083151535539803711801645412047848544813586334274165102
-0.237448983833227091230429902324069780528225799094354695282883,-0.0481369129217723836703169755811548941224060588333510954870977,0.0539360136570511227738672785102218685312684054293705409576036,-0.227617818514377329127716013898258461108069588318695882539407,0.0189502801825012104924493391553204253038971972725128651744603,0.295997600207958795380930748450174135840378594760181698922727,-0.250491367816458876671097359558192028171986144462730587489412,-0.376978866699460571460613183946278119132705384615507650949715,-0.0786637734666035339318117124923145191629824534481541487693817,-0.00174217154099941228072601056889270561716677594469465484033992,0.143473080720885120902618269213747915824231284930267528962518,-0.0388617880254934014398868378032017066117402239778995671234691,-0.416627849316213197621733087158458923915425729022356746797451,-0.473517860665303168155399446492012687642849876897814985686776,-0.274887655291839190224166276366659616259431654386634935656967,0.00768368941459457234006421776416958147292917454370674407058975,-0.143037992772579096724415864702203438095433658628335503732938,0.144769408028497936086173781622561059125885658446841169828891,-0.223967609552529915585700244834880815631642907664360858438027,0.0215325541100961886817850860860165459585584776961620797374608
-0.268837634538981766216033003426754911668485351680018520603373,-0.00675020490072759651961382521702719876336317205901010471555072,-0.347168775861051060781903627330812676595043554256965539941632,-0.581639245130252572908638264755010913262730785490075062643246,-0.313048364610964680979231496894516599554770905881682651270340,-0.00877715585103441465960695010493157388773848115975680304677665,-0.246896885573939376789988591391258338720703177190823229826205,-0.242531026359579579479371573084515037356153573310870914817088,0.133703381653206328498635232677664501244309680102737529162610,0.0568108265160234978592574298752237462717286392501853627118313,-0.214616675723923722286851931386619957653336295424715715386931,-0.0345068280822301492401651309962710021760088584749640789013218,0.107936703029587694716076924714029017636055568747277187001849,-0.0576525441838017800642648041686982447483167582147299352114042,-0.00657773068154471887205685984472261405374550554634808544618388,0.127663602993465732599968061380401657057788335989955883622123,0.228616834945007916513282627426363724654911668508072949425596,0.144769408028497936086173781622561059125885658446841169828891,0.109511010569421786478817242939569555189409135801384395854516,0.257114157097680811703275037170196700785111829197765273628132
-0.499158333469073903135045241325274574217034302248093590081995,-0.259794471357576922109142609756169403523544864010392860749470,-0.0827081804571503140762870947065721006403841363819894175444299,0.0614551676916100793464051735980670276137838653190368234084788,0.0573969180534479851394357543644154650453491069814523083343639,-0.127596872127986831049571246248640377010529334342049704231448,-0.338844092332505789702484108762043787951055219745044916142291,-0.325573943089380894497254625377681843919323808373575420048914,0.328100358059183462547852191790991309209830988911832349017473,0.0170576936602308182561660562551489723901614261046425156696421,0.0635052540808479272363331275758807337382748422705182044336257,0.295135466523685259997772557577159181577087726453824210371453,-0.201921309804794376368735655082378277337135525921035849098004,0.157559489067893717932120104680971592366619739949668138943794,0.0279596515829387369795260931306883436431628334940796948743617,-0.317366388566094490919724924899741967371068902995362268630490,0.00680708018576161101285709169133801458057754444907982781950094,-0.193025877371330581448231708830081412167847544595788226438521,-0.0335413787482089502452356933867707432973521549184510496290365,0.166529083151535539803711801645412047848544813586334274165102
-0.0334578797834507727810594341940267300421001136121197814483782,-0.320135237251150896021351501166784293207569858572844181398454,-0.313929880384033171295397351740137627282856424559512041207494,-0.110496864791098378115105186266213330336118619247354929868842,-0.101646242037880918726363419701031865527567770272676318629547,-0.150282045874010252536285056799415205021501027292728182701508,0.0282901818335482677495181221698559735040193974484484822481047,-0.0556054447081108834471517195443723959715183147135344046788476,0.0844097789505974272206255047224170040652394859832735648888513,0.678068679831011356616904038024225441183058322557206705361837,-0.0157096055427489246017608496329978467064223504894949459072565,0.298901038365782143954658422197901390835390487675586167419006,-0.0885776474301847826451561016769044882504667558176013040929134,-0.129696962561717274758671422113133093112297489716390537207219,-0.274887655291839190224166276366659616259431654386634935656967,0.00768368941459457234006421776416958147292917454370674407058975,-0.143037992772579096724415864702203438095433658628335503732938,0.144769408028497936086173781622561059125885658446841169828891,-0.223967609552529915585700244834880815631642907664360858438027,0.0215325541100961886817850860860165459585584776961620797374608
-0.171901414564722516200753549673172959480377435492238767685214,0.00130936460490687502062127619944162873014946261292570896231448,-0.316715022632757725091660233675444101527126804347724408830185,0.152396460730516010607270790194927282087922812954738668904820,0.291440764716391553842638691180954775585763138872270157708595,0.158012832779466146232111416451152532314950154122983908393315,-0.191759239092087610049682854591602453536881186402366080019445,-0.381868346393639014656231628864927723834040230299234398846345,0.214298762570638511621727150671057565535386208463204986571403,0.222919969015918289527868182648553223903754039079522634534156,-0.293327055992691251194488659477737459482657055499445692319922,0.0322961843109996043610618826329584608151552655414229927384265,0.224392047145843749662375028983723900681166744325315328898097,-0.392040772957401524190829817391246277586569691164693098083135,0.0434844014905040280244365112285612609281725381680093445008952,-0.0757259588439192674436473140053404428290619239866318349675492,-0.215959322982047559740689337614178830873802517557095945367200,0.144769408028497936086173781622561059125885658446841169828891,0.292231565098185290052284356005631504415122529958111793653818,-0.0839299688313686483817105300760868118055652105336224665238495
-0.110057717512666776415141985316415527700513462147344388250444,-0.251316640791699801290998990949742586630199793494539830890791,-0.0539198386270421740860624268967833257001092170282437755878657,-0.197522574799286008994815215063151472235780478730370970512772,0.0916564325325780930305867031723348383771189404597971580100785,0.0613921031762549930337690184651017988978919882792851604334606,-0.0289962394285431744020606787298261080658595886762991556213113,-0.265650705308502469821191465048294403098511764712546139253795,-0.0383913050089548481857632300826656679870278922958030527689663,0.0700950993952990994850223136331373553997137279248840454933460,-0.387174043507510579306838386856638308645998801559306758274364,0.229492687706707765714816540170160121666926800664565428687261,-0.194772079930065021762604864365781897348021134824679953429874,-0.0795217718123946806593065810119216649578930584431242094292910,0.578870823602767652461462986387184688491600537295058129455931,0.134103296205475125295329356817126942164880162450307332945631,-0.210477541797798342127335670326204744255863572231924080234688,0.141967097851132099449573657073170783612709147746531769406974,-0.345872249563045461190466602451962836772964988139138862223024,0.0940629737113945097906358757886286415375092015121373809453451
0.218164674310741244137820471523248011361613233038988001529872,-0.166228117750959090982746105573475707694179509069875714994341,0.0860151022132866279215230928504499371027443142309510843745025,0.0738126157336536359053006771710580480984670948803975007790818,0.0615777356883393976491664836542503128805967530514774591801973,0.372648557656787156632029825672688278522021528433997845302450,0.379056845976640313369778519247490091755211215571502729544217,-0.377960549250843186667946424004300066669719318318497364981792,0.306591624288953254882988931190843771592272441377211133473507,0.181643520569091245409437878204322990429980379004897708232238,-0.0509636734841441924896323289040326686957860633432713314090886,0.282836136385036936294566827825908589078980646956572587648039,-0.227532426421289285048009972612240492882810607098452537399920,-0.231744746615951596490614515630246476903138220584643082255120,0.0279596515829387369795260931306883436431628334940796948743617,-0.317366388566094490919724924899741967371068902995362268630490,0.00680708018576161101285709169133801458057754444907982781950094,-0.193025877371330581448231708830081412167847544595788226438521,-0.0335413787482089502452356933867707432973521549184510496290365,0.166529083151535539803711801645412047848544813586334274165102
0.00208001834278186937164664162963487033672090209695204432238690,-0.170306307758801525394810788330048224829739650146838987092569,-0.318106970700666259579934730594981246457580189706443553676417,0.0487120471040230361305761900623975679230174194205691441301390,0.584067447959844776275000305491268459573914531244299318200730,0.0947554728050270870365311393029935684371802035709508116393483,0.0255622468297212657775611498608116996367055976033752903990575,0.101879453564595113990070298813171755763295296920922024693032,0.250147337751684522344011926627412815112563055128491113628887,-0.209957711388240418738503621234441632758593805723950853864966,-0.185780668858149904949203590136218907202197937432865554550288,0.295595959395308462018495512365778888999605054018790244615919,-0.328323375869704575699051242080083380186277944389042803231735,-0.0476575426107367203326152239152588602150391793861209842736793,-0.274887655291839190224166276366659616259431654386634935656967,0.00768368941459457234006421776416958147292917454370674407058975,-0.143037992772579096724415864702203438095433658628335503732938,0.144769408028497936086173781622561059125885658446841169828891,-0.223967609552529915585700244834880815631642907664360858438027,0.0215325541100961886817850860860165459585584776961620797374608
-0.265949438846829939549673679180160976732371066346611224072621,-0.273830692788883077158132816086906173428073574112042774746649,-0.128337997340639315392581155237329707471772398655594821751900,0.0860116801558467901742674536968776926905261136717210772944248,0.264775811962155222641197249565914498554885425920359719173945,-0.0642395606650769276477610212619394304439995135145983132841906,0.00388425680833681800135522643176474851170547548264796758476754,0.273698251521573124531271291040608553026326474783756989137583,0.0256452376686965314159361978886788030192673043877913432261475,0.355098483957578832270800681811025625788252029081779642464269,-0.0344447910066796888494107214628995682543306987079763397765272,-0.171710996526403174101279433136461791299025146751077017371894,-0.398573943272620608892676543332161175299392211682498174190918,0.444195748679227918878832266825610668184274766900661732402183,-0.187624216879191731525270658270154942621262021420477162909207,0.0615199341219037070400395458000293555412801821168478811777105,0.168609781981205339780603213335231636775293052106982230723155,-0.193025877371330581448231708830081412167847544595788226438521,0.102691525306212063654442087705506429436980349250793045772444,-0.229006780836381552169098131561936906633093038438121392444305
-0.203026349379530420575774154202925501500446136467004083926484,0.0791649995534430118045219980173766267495273150322887001161041,-0.0163787432499770467324466825166357802193036356893018366600726,0.177555086731776692244741011930582063938628507591944888818844,0.144684139796849321753088047251984034123126877725899507893642,0.179947526656589584665174494783145673045074547356601193660949,-0.0194876105102844751540742936027537692573304217607837327421367,0.0998481453349526627552459260887015852138791331264453767779996,0.0425503708229459563642994226175042641161308626254153484689427,-0.0537052658590433346632705289417200522733364327653885207062445,-0.148626590701436829764935146158913479993070463015469848949720,-0.200026304011593081861726587299691616323566312700288267660758,-0.480279407710799639085129696347283572250964350636158843641552,-0.116557207602109843943143922968533335467697878983977162068352,0.251642592130264723280903852535656858751117973794099021488643,0.177874628040167776889211189628135039476834591037358665960385,-0.0915655605445764595858752676749363939284832123447700166043145,0.476969871441981510210277005652134309299673417132410999882044,0.146495511718397835899844198611363164560082022235588048539993,-0.440110452519755532658678024683679968095274953832781188280371
-0.167163963612800505249975123917100329304169112493057530279663,-0.258833765514177263805598257376888507927360508711257429959702,0.114010506861087511667622079381232571991835425704888720168381,0.501745714752679415630424828808136303683336132671852969490264,-0.163129001271314190108324006812253218634716850780240396755594,0.0554977038083896233771344549685953659809900271821752322876143,-0.0890500968095169964613443848563689100941044367154064231347370,-0.251786363555364090514205439922446399171299046139606995229617,0.137261797981788489978132694837554595570040194701768145216141,0.404631860450299111299553052967355386619230259818301058358772,-0.0349737413681382123537158019846231947409038592794477461690701,-0.284307292752679509710336436945404430856729464514078977395125,-0.282871621605253603760341066969932007217185550695645152414203,-0.164296759135249072703552965704765223774223947292325985962430,0.159664565296252994545744565139466598978099187926397468034845,0.255846454444190783879685379099712611829788720878514387452780,-0.175416862166966950793460305026569651355870596556062058542656,-0.193025877371330581448231708830081412167847544595788226438521,-0.0691501465580031134092063943187356861396281943323419961434071,0.0624776976848460123653863299165248587845482248517871182792033
-0.210355573662826595855176434163903259721682560683054167776806,0.234019523670149363498528107823758777805725052932048509134050,0.0237040077911659522454185470290803165027650228153483306524545,0.0345566801939478786472914215505394128602313277264710954578560,0.0219366412223804201171936231022127145011190440495926226021770,-0.176169654252345286137127062786289040715405786680978091067562,-0.326341368663961988604888278005899629246774582411066458128040,-0.142612560991270120173216924373365148136994470788604715568189,0.109648672730202291056095206528518966176367707851588400307116,0.212567706629799932787646573666271955104056809977126238710008,-0.632042508675509868071993605693313593200142694042052806500012,-0.130759227795796507746519855978023847816715887707883796982244,-0.284669281110170726488198144445168994560658951242411544108247,0.135608756731393369484426258242449776582724155411798035504666,-0.274887655291839190224166276366659616259431654386634935656967,0.00768368941459457234006421776416958147292917454370674407058975,-0.143037992772579096724415864702203438095433658628335503732938,0.144769408028497936086173781622561059125885658446841169828891,-0.223967609552529915585700244834880815631642907664360858438027,0.0215325541100961886817850860860165459585584776961620797374608
-0.284516423046833188896676456889477816033387148698362499475062,0.209585563718547650138553857719573482302905400976226195638519,0.120709643884997556486657003045021463790032739487053670287112,0.167540632128985229258887032851751788988527616442754100740834,-0.0315436597337916386349458755040689333987968119502850381675911,0.158698615886802251289238026037300257242494828740072281932602,0.315216463016532238669291823087715689478335898069139471658954,0.0230490475803998803082227130811102135604029053976213160090994,0.411047989260045813993256604218204033167033650541104055013466,-0.101642087055107197865313165842955179527189973249822841542411,-0.207432463245788647001145013574532623175238619852015049486671,0.205489166280385404747702675333333751036531195352019206089330,-0.362196788017417005225832149194259973419592921575916364481363,0.378170770673265014450710286034046431712798918844290762031729,0.159664565296252994545744565139466598978099187926397468034845,0.255846454444190783879685379099712611829788720878514387452780,-0.175416862166966950793460305026569651355870596556062058542656,-0.193025877371330581448231708830081412167847544595788226438521,-0.0691501465580031134092063943187356861396281943323419961434071,0.0624776976848460123653863299165248587845482248517871182792033
0.0638848499048600009908340756112175345448566628491290457440272,0.160163535091837055166814842262403740984033330737596947678253,-0.272285624754111361173707842815412966949156228267380049506591,0.386222065613478797478809560990069561855985475416665883010410,-0.0960019207870845766244324841106658344679981877121919220405072,-0.0221423782375146887680789946526344844283286483768796846287547,0.235921784417813434066377073344803400209094985096451040184686,0.247372933700170976970865610768836531743597493373717736686791,0.222529683927283004689249409535074564093505651677802053030217,0.217301043651061955376235687643686426908110969210414201947083,-0.421993268604849734803115332537321068612920847273093829361296,0.109418264906477478819460220685003620657754045872996860081531,-0.233941753423855697020958388894399903554184827776219063531371,-0.333490984765608093664467181575446529036517983816233534502458,-0.187624216879191731525270658270154942621262021420477162909207,0.0615199341219037070400395458000293555412801821168478811777105,0.168609781981205339780603213335231636775293052106982230723155,-0.193025877371330581448231708830081412167847544595788226438521,0.102691525306212063654442087705506429436980349250793045772444,-0.229006780836381552169098131561936906633093038438121392444305
-0.147571551248367014045618176398859838620710617868740861300316,0.320874704654871204776357924081123221622980786491208650505283,-0.117400081715421389833714813708624269641992347197945109301507,0.136843422117131116492761657680675757088824053827203547181066,0.249883963968951253355913303597973508436260704131047462595988,0.434724950865811749753977425638714109083832888339257473357002,0.264178412707575579490370831427543448419402202395864265443075,0.0292778116999159777683081783614360554051235679933451532775596,0.240068761490650571766149933461154727202081923155599880718331,0.441186546322268010724198833212889131385661614411494693758769,0.0805681015978135248665070741055788550434016297126747123139786,-0.297389501464431029387229350047578685875862110906447438676830,-0.0760287581849372390715086024597839842817524820759155607234208,-0.00467117803716581683449523122458670563762595226492002479481627,-0.274887655291839190224166276366659616259431654386634935656967,0.00768368941459457234006421776416958147292917454370674407058975,-0.143037992772579096724415864702203438095433658628335503732938,0.144769408028497936086173781622561059125885658446841169828891,-0.223967609552529915585700244834880815631642907664360858438027,0.0215325541100961886817850860860165459585584776961620797374608
-0.203026349379530420575774154202925501500446136467004083926484,0.0791649995534430118045219980173766267495273150322887001161041,-0.0163787432499770467324466825166357802193036356893018366600726,0.177555086731776692244741011930582063938628507591944888818844,0.144684139796849321753088047251984034123126877725899507893642,0.179947526656589584665174494783145673045074547356601193660949,-0.0194876105102844751540742936027537692573304217607837327421367,0.0998481453349526627552459260887015852138791331264453767779996,0.0425503708229459563642994226175042641161308626254153484689427,-0.0537052658590433346632705289417200522733364327653885207062445,-0.148626590701436829764935146158913479993070463015469848949720,-0.200026304011593081861726587299691616323566312700288267660758,-0.480279407710799639085129696347283572250964350636158843641552,-0.116557207602109843943143922968533335467697878983977162068352,0.220978903938654722396549230327297975483366618945580555019216,-0.299401130706625346210479174168085561477831424035132256659970,0.348431190899096026244469451177324306812459307732547594667095,-0.190226016786061427277356079949618969131272928156368634673998,-0.496954465308338074283057465954774057468493912417038961193378,0.0545833957223672980782965589832607969311546597806452864938010
-0.203026349379530420575774154202925501500446136467004083926484,0.0791649995534430118045219980173766267495273150322887001161041,-0.0163787432499770467324466825166357802193036356893018366600726,0.177555086731776692244741011930582063938628507591944888818844,0.144684139796849321753088047251984034123126877725899507893642,0.179947526656589584665174494783145673045074547356601193660949,-0.0194876105102844751540742936027537692573304217607837327421367,0.0998481453349526627552459260887015852138791331264453767779996,0.0425503708229459563642994226175042641161308626254153484689427,-0.0537052658590433346632705289417200522733364327653885207062445,-0.148626590701436829764935146158913479993070463015469848949720,-0.200026304011593081861726587299691616323566312700288267660758,-0.480279407710799639085129696347283572250964350636158843641552,-0.116557207602109843943143922968533335467697878983977162068352,-0.163180751496794860895559323060268848291024692209842354423921,-0.331210158933301967906332464668102526739587681911392166171639,-0.335641390948797983769272906134288163053292286446673416288078,-0.190226016786061427277356079949618969131272928156368634673998,0.431378281238553847420988510636357291536094165252471521497745,0.273403737432617047404143868370809376025462887009029879666706
-0.779393332176424041448590855894377517427032688158219880369199,0.141256919478570559701713947924780491134388278036760342164967,-0.0579166183103231465057253388573057512802447867074870923850457,0.142888114520106194256531965829239560151033622974332623089704,-0.171342404783107568987677250135113852204524862421026347483044,0.266818481928124786540028530585673746194169547650517431290580,-0.00330470767670218176086230990210263039086045906116674774164538,-0.105929424737382606045320227892565339096034827068566504858320,-0.0368817864572124538830061944240341080319915474764675995188121,-0.0465856794549479851237610152508624076270530389777257288982734,-0.167777253423611850930070475301586237429440541645633518715410,-0.180420916412929678500722846750323200170487877756947993816189,0.0276638770589158850341797457679628845569652155208013024064274,-0.0661568950897812225156276345341310373996571977637400085122494,-0.187624216879191731525270658270154942621262021420477162909207,0.0615199341219037070400395458000293555412801821168478811777105,0.168609781981205339780603213335231636775293052106982230723155,-0.193025877371330581448231708830081412167847544595788226438521,0.102691525306212063654442087705506429436980349250793045772444,-0.229006780836381552169098131561936906633093038438121392444305
-0.274429627505178393910941023605547763748291992195731387654201,0.267336002654160383538774096301279406190653856650299494496777,-0.142591144598120805880109068328772131423915457492049496792851,-0.305841834601754193235640018081845078167911551322731035854976,-0.233214275330958729657462194068446151548413244983378259137239,0.0593624846919504685514251382640112865498802021155776570828186,0.0528025233894871060804181752139333310062131552283995530157210,0.293999228513052506565658858972441609045222332760652045411243,-0.217897987604097010148770726533528562732812747212820011358045,0.375983207005582682805260927152905593218559768253148985077205,-0.0922105686643561854469883926656306190999184643384893394559468,-0.112443186288048049029865125675034335395886914360690991634626,-0.437948548537731324075975710335004615365539273396386028873802,-0.150858795005697549904866171621824464505829967134939817550941,0.159664565296252994545744565139466598978099187926397468034845,0.255846454444190783879685379099712611829788720878514387452780,-0.175416862166966950793460305026569651355870596556062058542656,-0.193025877371330581448231708830081412167847544595788226438521,-0.0691501465580031134092063943187356861396281943323419961434071,0.0624776976848460123653863299165248587845482248517871182792033
-0.180448211995071819679780645827156069960045601349008651529638,-0.359882124358565891106380288060555208087300727625973937331835,0.0998687487348958699332185071710108486331036124478036970834934,0.104413820600865424496933265418432516237418912380210830573666,-0.152269739155012187192662574877338014250652494561688940059254,0.268099400182010096819891155606348862198888008572709194183286,0.454302074733205159822384713111652549407709249342164600086556,0.0861044089228122485469510861599889357747725697769233860688254,-0.272814044049396701898083190596657569832364713778897352554962,0.0319120850892232635761126552964481048153563285928144123698223,-0.397259073593097184371953727349978063161233775680074106648630,-0.0670417416135501469179786595904568980917579930988291952346669,-0.320492424645262393466262512634276522006349595263197999362986,-0.00659420405723280122503475679515173284751443913246947251416369,-0.274887655291839190224166276366659616259431654386634935656967,0.00768368941459457234006421776416958147292917454370674407058975,-0.143037992772579096724415864702203438095433658628335503732938,0.144769408028497936086173781622561059125885658446841169828891,-0.223967609552529915585700244834880815631642907664360858438027,0.0215325541100961886817850860860165459585584776961620797374608
-0.227088770034674336138636738637768364092217080882326749706783,-0.0343016490167720859881084056985041158055586097926602595195430,-0.457566525362934518298213820672498040235880779435776700645083,-0.0334653147637764857877474853523897412403319048808042679274248,-0.0645648726203935363532969348404487844414349414504311581095326,0.231292605372729507597965153566198756976840170922471472809348,0.290960342482624596133113864221353465742852468350893753823184,0.476758164561545525643133972642667591522283180348742931254323,0.187819851568386146327100128850481898115475442333468960223008,-0.261426032336147003898256812360561597319023494991953736948661,-0.0233026211171943532656235300605291546140227968742381321174862,-0.264941370272141480730122909667606715835954559320746606628447,-0.151332065126533102064203761390458578406395763651427202519279,0.0471404255601419504243454449521492109290133591742907643908747,-0.00657773068154471887205685984472261405374550554634808544618388,0.127663602993465732599968061380401657057788335989955883622123,0.228616834945007916513282627426363724654911668508072949425596,0.144769408028497936086173781622561059125885658446841169828891,0.109511010569421786478817242939569555189409135801384395854516,0.257114157097680811703275037170196700785111829197765273628132
-0.0410207499167390607555993031591883462757914460235802643515220,0.193504478265209482851378895581626961193407585231121776408027,-0.0114377867094146686194031962307195993454950109184814865743185,-0.0206031666838140530174626088676099729732348870553459951439507,0.189088871158071134976624211906451633653502711499931941158983,-0.436529559546620650792749849436068984396688180823576093957165,0.214819361616658348200423235687031385041043477122841459228378,-0.303172810395391352655317547329066504526710449208993619386830,0.225548392436291830931868777638029379617821003554397296608542,0.0911529091971406662311055032920416099980656304887093962066142,-0.300211652038669241947442872916287985519719348848889746641114,0.524893838273399774224187405848092474183763239980268922639021,-0.00165937649686336756514921561638759526773903935018255769589293,-0.0587751621226072534531395561418589238246876557485301739871078,-0.00657773068154471887205685984472261405374550554634808544618388,0.127663602993465732599968061380401657057788335989955883622123,0.228616834945007916513282627426363724654911668508072949425596,0.144769408028497936086173781622561059125885658446841169828891,0.109511010569421786478817242939569555189409135801384395854516,0.257114157097680811703275037170196700785111829197765273628132
-0.238800887588440591280279582323906449564469876417195233060201,0.288122428986194135107378127849043374858545738810959513209507,0.250207448146419256218088619532798152002516359038521447356251,0.251240898064261668845135966574355170018076985814659772902324,-0.127544804628701286179992192375428585503178658040603018706480,0.00478232908007497980922186338224191387108886244788306918233809,0.476622975027042178674867181880639461695907380598452564989298,-0.0627419397383219329834954843613337505442743770858094489581665,-0.0491462488668164075154899653088805577865587427915165347293297,-0.0188684098077888290686311282781948064512594739741735044292525,0.220356152147095152925607387759769640546023372064720920141137,-0.0399984513373134207241527229922238350875277388622034168274921,-0.349232618099492786268111746799250735039338156382200890782737,-0.379842510433229970787313529597765295575168235871203475797926,-0.00657773068154471887205685984472261405374550554634808544618388,0.127663602993465732599968061380401657057788335989955883622123,0.228616834945007916513282627426363724654911668508072949425596,0.144769408028497936086173781622561059125885658446841169828891,0.109511010569421786478817242939569555189409135801384395854516,0.257114157097680811703275037170196700785111829197765273628132
-0.450196625845351784055242348325212349339184682034110100464749,-0.331789100617053317616069115036035714713573909169390675730017,-0.00830248687693961976361509335806040513069185239398546169609045,0.0647155297549345415125083198548878849950727521103506088697890,0.179525797476629905013835431046358872391631812031010400161527,-0.210418730826829049957094181437028505679551484872652994263831,-0.190811165711304387916191458411575351465053757584241031489836,0.247843745715096659708290609513353245765553621993153971428573,-0.108000723684667402488679194883839752024754563606795837688993,0.107758569781335115781168392178935936370313165719229902271831,-0.277528910266937540396692964817385859842087485503915988048906,0.0334448397550980187980668386532930413726098632857727777530224,-0.198118927409063593314221729988904374433866394153167281511795,-0.447557260910571538646344816698841717170511336033934300321351,-0.00657773068154471887205685984472261405374550554634808544618388,0.127663602993465732599968061380401657057788335989955883622123,0.228616834945007916513282627426363724654911668508072949425596,0.144769408028497936086173781622561059125885658446841169828891,0.109511010569421786478817242939569555189409135801384395854516,0.257114157097680811703275037170196700785111829197765273628132
0.441091707957165511381360911065424009998450946945132697433859,-0.0123261913352751100456520896275085061164549166405797373260196,-0.0558281994502785032933422535007819353279395418470371017637735,0.203815657264956846465399554102592514221601262105371801793717,0.384569986652709078548327560501604779889022047491781418487328,-0.114564233351488040156695975389479605032395806323882306600614,-0.158654892070692091553874081321814472894834153330356042127083,0.140483041346929744247234452081654916636256319853899335447843,-0.333406524142032142299905980128156022772201352129192763529111,-0.0728094454650465334310791814412797360956793764738478354321800,0.254206032787006030459268473723630588406622342666744146622160,0.0724043544170260871540529396519836371265796162868552358120431,-0.356333973185430391399193909532623896482077718699674574048010,0.271549418173051203862110980323940174839525242725390239643443,0.0434844014905040280244365112285612609281725381680093445008952,-0.0757259588439192674436473140053404428290619239866318349675492,-0.215959322982047559740689337614178830873802517557095945367200,0.144769408028497936086173781622561059125885658446841169828891,0.292231565098185290052284356005631504415122529958111793653818,-0.0839299688313686483817105300760868118055652105336224665238495
-0.135272780221875806244925702158573826673073856231668951370723,0.0497647778616468639221344666538206471145422461657799027138798,-0.0973652357624996201561688735380337612668720212318761328599208,0.169146128478453011768040898783345869952091064786360101201082,0.0685418697441133202225811855684608532135797071364325393318684,-0.0276944007945347290546787520238715904886609734276769958754787,-0.142470794955794081267249961415908411034075427481051897536915,-0.0652947835219027472564762943414168377843533554737796381160922,-0.412835950936245497188275478387751590139071882486932867709221,-0.0656889786477672662274483955444165302179827725162120772289682,0.235054732743693547171139530334438636422983595733348478250389,0.0920105385239667453716972867434880210064391644080535991732873,0.151611735179770988363600717442862284469794145127496602610134,0.321948216132040048672980149362319548563662889503904378715754,0.0224445200998712728830037334872969373463511631737552402729574,0.313985926198406921953163732789702416335823524826811745639900,0.289824359233462026880309321122467568826939239298844657948037,0.141967097851132099449573657073170783612709147746531769406974,-0.0414776240276324102300056299975120956809269153763298346106315,-0.583987932478871131442482633223969431281650100676592365205865
-0.135272780221875806244925702158573826673073856231668951370723,0.0497647778616468639221344666538206471145422461657799027138798,-0.0973652357624996201561688735380337612668720212318761328599208,0.169146128478453011768040898783345869952091064786360101201082,0.0685418697441133202225811855684608532135797071364325393318684,-0.0276944007945347290546787520238715904886609734276769958754787,-0.142470794955794081267249961415908411034075427481051897536915,-0.0652947835219027472564762943414168377843533554737796381160922,-0.412835950936245497188275478387751590139071882486932867709221,-0.0656889786477672662274483955444165302179827725162120772289682,0.235054732743693547171139530334438636422983595733348478250389,0.0920105385239667453716972867434880210064391644080535991732873,0.151611735179770988363600717442862284469794145127496602610134,0.321948216132040048672980149362319548563662889503904378715754,-0.392378823527188311293459442108628769695791502830186135639606,-0.195098860775062822842379921506535149880598748121939086492124,0.0457485288292405026969116826631157997021301651969412582642735,-0.525228790376910838038059428528582494818237197542247865149068,0.243405145492523601291138682027482031295085227640553638347121,0.129526257473501448620339259830519912839087740165218702741212
0.0660913494088431529021378498303536987420666470136430273741164,0.0813168190761207557722218970179522365082876143224534892248274,0.0173783218287622193897764448145484951078584498892829952257717,-0.00220123389239813817471191022618623074193266079411025118466502,-0.444635236846826185649549050081410211983719149994551124507803,-0.0918010694117627247373028967924341657306779265744786531206666,0.0542055643699047864831093591057765752435004959766438048140538,0.0871182667735021448797228424690363523764169335872758356194377,-0.525822531887982211999950018389509495293606926473383127956622,-0.0193448980624802837366050231274955522316801610556691359670410,0.398491020820016194971336529729683532007747204739037714095942,0.330299288585282122348206065603065158275352107415147434048328,-0.243065847429922429779868751093128225557353791639291730441675,0.0235405847997263118998094742423116537298654795092910596049257,-0.274887655291839190224166276366659616259431654386634935656967,0.00768368941459457234006421776416958147292917454370674407058975,-0.143037992772579096724415864702203438095433658628335503732938,0.144769408028497936086173781622561059125885658446841169828891,-0.223967609552529915585700244834880815631642907664360858438027,0.0215325541100961886817850860860165459585584776961620797374608
-0.0723521853724285905175562656487925306962106748664759588627194,0.402761420932178526814194674384178158446006935508223379585596,0.0145931795800376655935135628792420208635880701010706276030806,0.260692091629216250547664066234954381682108771407983347588997,-0.0515482300925537130805469391994235708703882408496046481696615,0.216493809241713674031093576458133571605773254841233437974156,-0.165843856555731091316091617655681851797400087874170757453496,-0.239144634912025986329357066851518975486104981998424158548060,-0.395933548267941127598848372440868933823460203993451706274070,-0.474493608877573350825640878503167769510984444533353206794722,0.120873570370073868378608719884943919231512499729086967683277,0.0636944345304995827546095260381222282551168852809842593677486,0.0699038471461061025276623795675001633742797085036249025493353,-0.238803225595957937532348921035801530744406721939011501270990,0.0434844014905040280244365112285612609281725381680093445008952,-0.0757259588439192674436473140053404428290619239866318349675492,-0.215959322982047559740689337614178830873802517557095945367200,0.144769408028497936086173781622561059125885658446841169828891,0.292231565098185290052284356005631504415122529958111793653818,-0.0839299688313686483817105300760868118055652105336224665238495
0.253826026667389811379155197852560439525476120499990764176283,0.0582411221840446630689979442183146472834939772044684513567312,-0.0685780095085616105394713287914665137562179697454029800024292,-0.0898318232603641701913974091545815590594105646521008123481995,0.102802565525557859031627378126206300284935011338303714691532,0.161294822996571492481641002396432855063272125618684752049024,0.167375793550221188902611012193792833433392748721473610675706,-0.00537398613312804533791094951400922801500759144972670679309241,-0.779330941354263344898406641518723437751783107275144388357698,-0.0126515404219636728881477752291921612372054628958609930220086,-0.215625686572494287804254520983242832294166691800462351627033,0.0263701304718465922889770872741107417071012992247377660950088,0.158760646790109144256310915866838869596202925447130711133039,0.0848687429044026714824145957575662483947042391066746392822542,0.159664565296252994545744565139466598978099187926397468034845,0.255846454444190783879685379099712611829788720878514387452780,-0.175416862166966950793460305026569651355870596556062058542656,-0.193025877371330581448231708830081412167847544595788226438521,-0.0691501465580031134092063943187356861396281943323419961434071,0.0624776976848460123653863299165248587845482248517871182792033
0.192949425665654532767460697037041623869648021340633553728002,0.134855521076831577009805724797796051940614544163362645233333,0.0425693847114616354361706994346963568897815601833873827171159,0.440484022826487171553689765536334604514802944355824331851377,0.0384630024530837973638264475850094480009547991198745972254240,0.283561396762098556465249390582268656803274759649201163153516,0.265581453687993259893062015319386692656689543144108517241408,-0.177603150039634383917627838141969201263681831180031056514246,-0.0678557827932346300850293583948262053587122561049632358802456,0.0458584412542050441823328829324879859354216851026765727145224,0.571269691082185905284831996500893006151067298790201765865868,0.145352973408899141990841841230520807795376910869390987006124,0.118853942922871655224598356782092405526432999681178737708706,0.169728201768258044970180414639549412598069494379310852361050,0.159664565296252994545744565139466598978099187926397468034845,0.255846454444190783879685379099712611829788720878514387452780,-0.175416862166966950793460305026569651355870596556062058542656,-0.193025877371330581448231708830081412167847544595788226438521,-0.0691501465580031134092063943187356861396281943323419961434071,0.0624776976848460123653863299165248587845482248517871182792033
0.149757815615628442162259386790238693452134573150636916230858,0.627708810261158204313932089998443337673700105806668584327085,-0.0477371143584599239860328329174558985992888427061530067988103,-0.0267050117322443654294436417212622863083018605895575421810313,0.223528644946778407589344077499475381136790693949707616583195,0.0518940387013636469509878728273842501068789457860478397983402,0.0282901818335482677495181221698559735040193974484484822481047,-0.0684293474755404135766393225928879502293772558290287768528183,-0.0954689080448208290070668467038618347523847429551429807892708,-0.146205712566294134329573596368595445579751764738498246934242,-0.0257990762251857504334458072077973923081715359724032944650737,0.298901038365782143954658422197901390835390487675586167419006,0.117056283417954532496741279306855418182959599134412346014662,0.469633717634900487158159638586764412955017597083434873828147,-0.274887655291839190224166276366659616259431654386634935656967,0.00768368941459457234006421776416958147292917454370674407058975,-0.143037992772579096724415864702203438095433658628335503732938,0.144769408028497936086173781622561059125885658446841169828891,-0.223967609552529915585700244834880815631642907664360858438027,0.0215325541100961886817850860860165459585584776961620797374608
0.130165403251194950957902439271998202768676078526320247251511,0.0480003400921097357319759085404316081233588106042025038621002,0.183673474218048977515304060172400943034538930196680822671077,0.338197280903303933708219529406198260286210218255091880128167,-0.189484320293487035874893232910751345934186860961580242768387,-0.327333208356058479425855097842734492995963915371034401271047,-0.324938327683544308202197094114056385009487241662822206329708,-0.349493522730820481859152940876770404805799869961980925359995,-0.198275871553682910795084085327461966384426471408974716291460,-0.182760398438263033754219376614129190346183119331691882334239,-0.141340919191137487653668683297999442092477024964525752948122,0.311983247077533663631551335300075645854523134067954628700710,-0.0897865800023618321920911852032926047524734694853172456761203,0.310008136536817231289101904106585894818419602056028912660533,0.159664565296252994545744565139466598978099187926397468034845,0.255846454444190783879685379099712611829788720878514387452780,-0.175416862166966950793460305026569651355870596556062058542656,-0.193025877371330581448231708830081412167847544595788226438521,-0.0691501465580031134092063943187356861396281943323419961434071,0.0624776976848460123653863299165248587845482248517871182792033
0.131638918677347727931814202481250519789915010615758954971785,0.130763096602800014463160148798548759360843135768730293674240,-0.353272714461046628475751067371117474950536759887811954562017,0.377813045352495201560274893866999512454059740479324300259562,-0.172144752312935842299359698055775861701853208394793831973669,-0.229785836840255373886122228791455769256106367211676443650078,0.112937693094276053104523864072366149878605454037008312284020,0.0822287870793237016841043975503867476750820879035490877228078,-0.232859995850740166446411155226137410595238264562023992615837,0.205317242494437418071989170089950377289240653968548153407455,-0.0383091158935601771257703989618018432991411356906755071864968,0.401457260921775128149154786039225325702247596934469993910224,0.397954049032134517504239365049054599039238681708380345253873,0.105017672507627955864379103343078063786145665242412947208567,0.0434844014905040280244365112285612609281725381680093445008952,-0.0757259588439192674436473140053404428290619239866318349675492,-0.215959322982047559740689337614178830873802517557095945367200,0.144769408028497936086173781622561059125885658446841169828891,0.292231565098185290052284356005631504415122529958111793653818,-0.0839299688313686483817105300760868118055652105336224665238495
0.267110275049661125808960719762616180181352609355941885426258,0.159289481028433290369779974901981347443434196119184958728864,-0.0544362513823699688050677565812447903974861564883179569175417,0.307500070891449820942094154235122228386506655639541326568398,0.0919433034092558561159659461912910959008706551197522579951921,-0.0513068733770489809611156982413206411546258557718492098466479,-0.375976377992500967381118085774228626068420937336097412545586,-0.343264758611304384399067475596444562961079207366257088091535,-0.369255099323078153022190756084511272349378198794478890586595,0.360068234939112174835292622441715120566668468329625652966942,0.146659645652464684213983404382112036126163224600164008852527,-0.190895420667282770503380690080836791057870172190512016065450,0.196381449830117933962232361531183384385366970014683558081822,-0.0728338121736135999961036131520472425320052690531818741660125,-0.274887655291839190224166276366659616259431654386634935656967,0.00768368941459457234006421776416958147292917454370674407058975,-0.143037992772579096724415864702203438095433658628335503732938,0.144769408028497936086173781622561059125885658446841169828891,-0.223967609552529915585700244834880815631642907664360858438027,0.0215325541100961886817850860860165459585584776961620797374608
-0.135272780221875806244925702158573826673073856231668951370723,0.0497647778616468639221344666538206471145422461657799027138798,-0.0973652357624996201561688735380337612668720212318761328599208,0.169146128478453011768040898783345869952091064786360101201082,0.0685418697441133202225811855684608532135797071364325393318684,-0.0276944007945347290546787520238715904886609734276769958754787,-0.142470794955794081267249961415908411034075427481051897536915,-0.0652947835219027472564762943414168377843533554737796381160922,-0.412835950936245497188275478387751590139071882486932867709221,-0.0656889786477672662274483955444165302179827725162120772289682,0.235054732743693547171139530334438636422983595733348478250389,0.0920105385239667453716972867434880210064391644080535991732873,0.151611735179770988363600717442862284469794145127496602610134,0.321948216132040048672980149362319548563662889503904378715754,0.448254698107470339048554228770666599501487197570204236814313,-0.434370867189225671387636360075079122617552330190239251397392,-0.0297600222191366584943356949254033466852384956318766982286064,0.141967097851132099449573657073170783612709147746531769406974,-0.310557855028752601883076343793324068015539964359648240138014,0.197254179254872725831128915365771032016708836670355319904107
0.187593056263353803715942157523707654709846146342355997019791,-0.195886872643210000394686354877645989985105200164683951295961,-0.394602695029883097269566763545118560991374588726149548261118,0.137191334010542218661585011202056730057350696931533511459907,-0.222505533180088933593244292247131196976824990461726362710329,-0.254739218870131223117127970313835993261618573188635210394302,-0.349194448217451950738375052980418608744970671381067924165478,0.104215594250325163475758318684786973156080404989140689885229,-0.421504009245342578461240560695184101435984679616609811081918,-0.342544343719302839787163023131735608138016641073822777740488,0.0427889229374568060818528002160040264687387980132511644210622,-0.158447289474993221846274249700864821017962620604811184017067,0.121078142888522070969537202600508790260723688439171916285963,-0.0210222085763058327372629369753113259653659576139710849803215,-0.00657773068154471887205685984472261405374550554634808544618388,0.127663602993465732599968061380401657057788335989955883622123,0.228616834945007916513282627426363724654911668508072949425596,0.144769408028497936086173781622561059125885658446841169828891,0.109511010569421786478817242939569555189409135801384395854516,0.257114157097680811703275037170196700785111829197765273628132
0.236901594362325231942335786086930774623632053992269327612320,-0.294557969449409643552307795543596715755654389564033798627168,0.334728696241140844800651337551368129815699470081235330970953,0.00228130650763871396512498187872351929820569638067161880042550,-0.0797848181696126468721655206981062095685240143095571276173863,0.161482598216803699792542450361805315704158084607450837632748,-0.359385131003299028716501001402013528443766979974384737725596,-0.216897312532488990322982286053056527193416781171309490902834,-0.00759159311211541345777942844727459267342838747931614670589971,0.325644553090410782748357863463074883998284420303239065796094,0.362983168425011441743278965000757943043587585378316410417370,0.270248599773823801303104574790714039851188308129644569752769,-0.208197504909540664004205366448159635573801159819819263473858,0.120480798999396266254702825529896632687371813312916796968506,-0.187624216879191731525270658270154942621262021420477162909207,0.0615199341219037070400395458000293555412801821168478811777105,0.168609781981205339780603213335231636775293052106982230723155,-0.193025877371330581448231708830081412167847544595788226438521,0.102691525306212063654442087705506429436980349250793045772444,-0.229006780836381552169098131561936906633093038438121392444305
0.161773267577521203481971123934829251901061322968352836934950,-0.142977415372739126131508236521549161689053957742005876500322,0.0577917255579386153448965893881605169355447575155690158733489,-0.0451297627959851745437426371469142408224929083684083725197393,0.130857135315407054439255057693147332667225223786217609650298,0.470701100538240057305724760501612493013969033685513670989686,0.0212040983351287414254475932489025688272797024088804605680662,0.00477774253783273400656619917375705544285388658776198188303552,-0.164975867934131508787227550003412143519801968291739690225364,0.105748350680316558840706738861664950664697854191927984141242,0.0945469815468877835607167324459458729556895190598111065655902,0.290313814463989482519752796513206070181676885284070238540691,0.173345977122445893957734534749432919019332368878238373014993,-0.0343348074891547677590054958922363523760867213172598943569915,0.549467323494231542406916725705123917894139305934751242719584,-0.141784652253394761100331883611213361604257466764606880571845,0.0557944046489874057295437166912012367312644944659687828002170,0.144776756804787983483347268629344556555691341229510595801072,0.333763615962757964307070346022410487534655930217289493531175,-0.297518620496861127888694866186380631960478242788550775261722
-0.0184463125912566600075020689642642759050667842762813136765465,-0.485056008526415875713641518087283037631505103816987543706192,-0.215940550311897240545533013456162200243426651249119526335226,0.253958654517160044221062118816867319491798710651515167818842,0.345533604558414988557654071006796905895765269191488016093431,0.0683603368551945266989333457629982372526344123286650997073473,-0.401852687050353306697996624972828120504271595038585079237726,0.132982535413784208774158255732717795046146167898932363872494,-0.126710257611085625058218587969785399596908076920242538839909,0.172485420843328989032132403389618728756994324796079979415606,0.0733846286681532119625316439237375057629564412215648576758247,0.218796264501310581513061402876037684255514513017367181586639,0.269967633613300848178488373592438766131904761910212346979648,0.102013451290916477111149127538472991002726394216580027837625,0.159664565296252994545744565139466598978099187926397468034845,0.255846454444190783879685379099712611829788720878514387452780,-0.175416862166966950793460305026569651355870596556062058542656,-0.193025877371330581448231708830081412167847544595788226438521,-0.0691501465580031134092063943187356861396281943323419961434071,0.0624776976848460123653863299165248587845482248517871182792033
0.154446733326676624153470450682545934702312098475758006033795,0.0118754706657531860025495298699367652371405989032816674857892,0.0978750235321340875337212776371167278278274497987347221997676,-0.188129811411940892987346801332069091155856418834038349564624,0.00810953478060422015733787908424469233828338582849917643066794,0.114586063646219686780170514377808540641079923328558810015273,-0.285649359757879251249323148735680447538436122766117675085870,-0.237683664837560121542869951535672776352563871989484746140903,-0.0978790963254030914412790717153900725108711775217022639043138,0.372022498980161474668167423527299920430395059683753721864045,-0.388867143265212731296174898552766654189870519451445979513917,0.359584506447922057752949299303547967374903682761344705031640,0.368960923556799016101672565585044666091898698654036221117418,0.217831763152344043141129059770700374671575455722181951323281,0.0279596515829387369795260931306883436431628334940796948743617,-0.317366388566094490919724924899741967371068902995362268630490,0.00680708018576161101285709169133801458057754444907982781950094,-0.193025877371330581448231708830081412167847544595788226438521,-0.0335413787482089502452356933867707432973521549184510496290365,0.166529083151535539803711801645412047848544813586334274165102
0.275762263174480835353372726629323387263786039456553801978159,-0.0550289256772986523822833851551946581331394252446512834000628,0.00550016821884564189501867211619979705159108930105345207776988,-0.117195688411984561996889957170543914632652322171853726421424,-0.409125502752161405866659705104469492564844381680348004900864,0.457014764254610135038268625189943503124997769044520623726286,-0.0723090453290112505847423636124248112126199871061389514871799,-0.0138373994925165892111196044509974886974600756063235487860939,0.154583020787574201453384502514528502422779750466361470290960,-0.290879963203315053420699630708512339108991103770494313616836,0.374125338314496777327066156403128356683895487212054618076411,0.177018226028085494674261098259569115314258895559974980496216,0.0390443732365468428242674154935429613191952882112517081977810,-0.276574524119689702199783996343564824567889594413454171042802,-0.00657773068154471887205685984472261405374550554634808544618388,0.127663602993465732599968061380401657057788335989955883622123,0.228616834945007916513282627426363724654911668508072949425596,0.144769408028497936086173781622561059125885658446841169828891,0.109511010569421786478817242939569555189409135801384395854516,0.257114157097680811703275037170196700785111829197765273628132
-0.0370132967912599093545048466735811152060828666280325890789878,-0.00163975201898514841695484428080338190052612872871857332102453,0.0331070909137396313337051448261889710183784868935289657037865,0.335487606490298483305681697971741415789800213422548191265251,0.0492141328624681272815109459368134739420830313208432587518943,0.291298513407073705635932393062237924939128754583335694924140,-0.0905204808421578860300600283168771795376411724520935751635398,-0.117666668527389035448890322226780544419777401487203309255989,0.258692493980263657519101818359739830550858269233070172947409,-0.284255150169357041103981444264362076558447677535522504591074,-0.0996030435709557461892026481878955491579514799224738520343190,0.595996427308099160362043511345833226591070855120463405047863,0.306344788868504451845332767730339968011704052016794156689204,0.0359884732849535726830271467469087545312505461602090574671707,-0.187624216879191731525270658270154942621262021420477162909207,0.0615199341219037070400395458000293555412801821168478811777105,0.168609781981205339780603213335231636775293052106982230723155,-0.193025877371330581448231708830081412167847544595788226438521,0.102691525306212063654442087705506429436980349250793045772444,-0.229006780836381552169098131561936906633093038438121392444305
0.139194825992828782680217458974618771710400171528103733177141,0.296069237986502203970118261867860162159839829962254354526534,-0.0584554610475941171419401443653576159148449823985095946295732,0.0280124798392924405088946987538611035210539610763257320381239,0.427813046108688762468384355170970947006169042093952474825190,0.382554024895932307598782210892764145147149161598259590610838,-0.452585574250979314819702765792913220654575871029295879012448,0.0185222504612921635720713240852427976183949272776980629119670,0.150387644172569894353457302561770375029676845039772370941664,0.0201313834977682970538145154261737664071198209041055549933901,0.343179065655498942999625499337050127834908039709373239366676,0.157329917846067471741083342419467445194975751036491805415713,0.0135567307297274151659213049563746681403712324961730841618253,-0.144298923711782593300625380805313124446429864654142862247053,0.0279596515829387369795260931306883436431628334940796948743617,-0.317366388566094490919724924899741967371068902995362268630490,0.00680708018576161101285709169133801458057754444907982781950094,-0.193025877371330581448231708830081412167847544595788226438521,-0.0335413787482089502452356933867707432973521549184510496290365,0.166529083151535539803711801645412047848544813586334274165102
0.467950407879985738183144985615248638472657829334455903636010,0.124439331156604675420105304095695533155739449884820579010786,-0.0515674353740580280406785846452774091252921838910334387040186,-0.113242342631561904186490285939343222529144960874515467679429,-0.0126577376853830333882739979965188254018053512415086529023000,0.0838425161708993876473290007405754652948394090483959207163788,-0.0344132497759685981887795432008412181405675581625272744061734,0.282261984723046077162088764638226403721479758342015241013574,0.0776762928333791012533372862502453758500370694967177611081764,0.138313736291173626825040498139405924287165129695352209384405,-0.0240363588117000807061205655519399308284294026153296727748559,0.663974157432980789832901232421122091365671818516720407229426,-0.159267636728142757264822688372627531910800436900393174591026,-0.0487134266309627547062113903407846725749222232109907515715210,0.159664565296252994545744565139466598978099187926397468034845,0.255846454444190783879685379099712611829788720878514387452780,-0.175416862166966950793460305026569651355870596556062058542656,-0.193025877371330581448231708830081412167847544595788226438521,-0.0691501465580031134092063943187356861396281943323419961434071,0.0624776976848460123653863299165248587845482248517871182792033
0.161773267577521203481971123934829251901061322968352836934950,-0.142977415372739126131508236521549161689053957742005876500322,0.0577917255579386153448965893881605169355447575155690158733489,-0.0451297627959851745437426371469142408224929083684083725197393,0.130857135315407054439255057693147332667225223786217609650298,0.470701100538240057305724760501612493013969033685513670989686,0.0212040983351287414254475932489025688272797024088804605680662,0.00477774253783273400656619917375705544285388658776198188303552,-0.164975867934131508787227550003412143519801968291739690225364,0.105748350680316558840706738861664950664697854191927984141242,0.0945469815468877835607167324459458729556895190598111065655902,0.290313814463989482519752796513206070181676885284070238540691,0.173345977122445893957734534749432919019332368878238373014993,-0.0343348074891547677590054958922363523760867213172598943569915,-0.0793648017394270293893002692566989253702467126672022525921558,0.0229617985170991104107621773235693780785755471666310619105457,0.199824868609694390290943128586231736184505308324075429353936,0.144776756804787983483347268629344556555691341229510595801072,-0.685806466035317891515060703688575348131777416626545162492651,-0.0892144649624964436444445434720113701052204688314644018301436
0.161773267577521203481971123934829251901061322968352836934950,-0.142977415372739126131508236521549161689053957742005876500322,0.0577917255579386153448965893881605169355447575155690158733489,-0.0451297627959851745437426371469142408224929083684083725197393,0.130857135315407054439255057693147332667225223786217609650298,0.470701100538240057305724760501612493013969033685513670989686,0.0212040983351287414254475932489025688272797024088804605680662,0.00477774253783273400656619917375705544285388658776198188303552,-0.164975867934131508787227550003412143519801968291739690225364,0.105748350680316558840706738861664950664697854191927984141242,0.0945469815468877835607167324459458729556895190598111065655902,0.290313814463989482519752796513206070181676885284070238540691,0.173345977122445893957734534749432919019332368878238373014993,-0.0343348074891547677590054958922363523760867213172598943569915,-0.463524457174876612681408822644265749144638023822625162035293,-0.00884722970957751128509111317644758718318071070962884760112378,-0.484247713238199619722799228725380733681246285855145581601237,0.144776756804787983483347268629344556555691341229510595801072,0.242526280511574030188985272902556000872810661042965320198472,0.129605876747753305681402765915537208989087758396920191342762
0.106318165246123977046054989546322540371065188047835942947819,-0.384687591026934891912619950273818267550441684154928233310583,0.158813369402723142624993176514277502360250977247239211755427,-0.00441712167697325148693369350838213733035118037066698456927591,0.0256593429847253219198084766956594243192558434012160721699477,0.215928474212130654664695940860398898262204281831711311437122,-0.262461912225349734487688884108804119666268824082995544368968,0.0753488476841884343507142318837956779880439290612762957032327,-0.362495161367477379310775821496041922004769791894724862331629,-0.389143077735276450094271662490267260163185464914574726395556,-0.134648109535411766238835302118506790369727365683375579595933,0.387677677696948354210334032876589232979079868844110048857876,-0.230906935730597739228832605218117869584225880691109354477740,-0.146221949731849577691164906375878151656318351521692309966400,0.0279596515829387369795260931306883436431628334940796948743617,-0.317366388566094490919724924899741967371068902995362268630490,0.00680708018576161101285709169133801458057754444907982781950094,-0.193025877371330581448231708830081412167847544595788226438521,-0.0335413787482089502452356933867707432973521549184510496290365,0.166529083151535539803711801645412047848544813586334274165102
-0.375327774201298304256279945890346413499231521672893022477216,0.105532715543338179955004409758072283306094397183983973497500,0.162801571069730186627303919312829806543619257668859518417526,-0.356576293724934507408767881100173224234096813316848727600134,-0.0879982216814060257515187640209668431383320259503430783448372,0.372803376336538862955436525978883695917337605075793036635714,-0.273639741870484214016018926447747248740523002320145062332504,-0.0710403737145075058540970740231754671181525621002690005315373,-0.181735177551116357318918317708863296275460129657551891440853,-0.125572986814836313674956204755142910247998878492787721460952,0.230179656369537803166924291683794900355050903012130637871030,0.374134976113573632512718164985795270537429894886775553331706,0.102337993754628824790315446289735256200349606396627191346773,0.218620663044864116442628156700530819061938562841502774418687,0.159664565296252994545744565139466598978099187926397468034845,0.255846454444190783879685379099712611829788720878514387452780,-0.175416862166966950793460305026569651355870596556062058542656,-0.193025877371330581448231708830081412167847544595788226438521,-0.0691501465580031134092063943187356861396281943323419961434071,0.0624776976848460123653863299165248587845482248517871182792033
-0.0269265012496051143687694133896510629209877101254014772581264,0.0561106869166275849832653943009025419872223269453547255372344,-0.230193697569378731033060926547604624195569710085574201376177,-0.137894860240440939188845352961855451366638954342936945330559,-0.152456482734698963741005372627563744207533401712249962217753,0.191962382212221922898119505288948954246514127958841070074357,-0.352934420469203018618933676190659538009763915292833493806773,0.153283512405263590808545823664550851065042025875827420146154,-0.370253482883879166622925512391992765348988128520853893424101,0.193370143891332839566592648731498696187302063967449322028543,0.0156188510104767153649539727210064549173686755910518579964052,0.278064074739665706584475710337465140158652745407753207323907,0.230593028348190132995189206589595326065757700196324492296765,-0.493041092394008991672549310908962141687378339819021522115499,-0.187624216879191731525270658270154942621262021420477162909207,0.0615199341219037070400395458000293555412801821168478811777105,0.168609781981205339780603213335231636775293052106982230723155,-0.193025877371330581448231708830081412167847544595788226438521,0.102691525306212063654442087705506429436980349250793045772444,-0.229006780836381552169098131561936906633093038438121392444305
0.0614769625779673021348714942219655530088646336281321648943658,0.342357023441818565135912232302694765179890448426968232433486,0.135415397184077257986348763870041448038453200513585333408754,0.186949237378160784968479707039090672152963815308905250018047,0.0611371822456052436091747536887277220218382812509795010900847,0.233140642175127702484581967080270093200844814222247802751605,-0.276138624476714386466286297725504044587515450224496656655983,0.127816938472364978531660329746905141899309931718071989311502,-0.0169366987383477730344485096720594496324103222294899103691051,0.248219390452062799577415744180474639790480281521246607363239,-0.150316822973888201984852477433826632593175130956940359896596,-0.0699371368270518232992147129017817191533383076406933229767592,0.0834508750781994942108305147751301714012791302062886502907898,0.180794721083006626730114496359548037893556491827066574775116,-0.299964835397583259009354633129725905424666570819068753063372,-0.265691950519802992035319298514420281812720937346681144027959,0.125549550490007432457006913202880039277756751433108017521129,0.141967097851132099449573657073170783612709147746531769406974,0.459661635062426971579771328505714599121041839230467103369773,-0.371791275706642434017694617700325070270657807340735194494745
0.123320301395526011850118964506225647845869489478138227637460,0.0897316893770125561617865295510586198275529144728795879449549,0.398211182138058621376869327411369240051552355679412986483256,-0.162969876119433585274384497999545311356498921780254014652309,-0.138646023238060946067512049940909605788303650167092490809204,0.136522084456442256298746992594163721320905499286290843477603,-0.113377874877720087376081885119817920479157477029791626050456,0.244033563171276099857699396033024628285844807437500392482195,-0.269627174306652315586632027281936716103981877667824409176650,0.0953968680825581945150024013095436494747099704993773294344769,-0.244167773946469169175759706651766631875512419232654134328020,0.127260543131321833053705180444308872515547510954138766376795,-0.335714072880297094005808422252736991848536052003015447994092,0.493314469014762533240777407597588924566747344838376924116500,0.237980984482879881071786624982820969385004621764973676602255,-0.0596213335641410374963849651392307957016555865470307927251633,0.130380480809618739951822574890018544314324507677358499674543,0.144769408028497936086173781622561059125885658446841169828891,-0.177774966115077160945401354110320243972888758095135331070307,-0.194716742376408352003349593180126434938105096360304886841744
0.0614769625779673021348714942219655530088646336281321648943658,0.342357023441818565135912232302694765179890448426968232433486,0.135415397184077257986348763870041448038453200513585333408754,0.186949237378160784968479707039090672152963815308905250018047,0.0611371822456052436091747536887277220218382812509795010900847,0.233140642175127702484581967080270093200844814222247802751605,-0.276138624476714386466286297725504044587515450224496656655983,0.127816938472364978531660329746905141899309931718071989311502,-0.0169366987383477730344485096720594496324103222294899103691051,0.248219390452062799577415744180474639790480281521246607363239,-0.150316822973888201984852477433826632593175130956940359896596,-0.0699371368270518232992147129017817191533383076406933229767592,0.0834508750781994942108305147751301714012791302062886502907898,0.180794721083006626730114496359548037893556491827066574775116,-0.0704917464138032690876530545110133221988424060888460435862961,0.389212840510144986447556608698585660138624540119473168064365,0.205626935591611530815482833110145579147508355824433952117857,-0.525228790376910838038059428528582494818237197542247865149068,-0.254120950187188003717911257297584504832479682013263287524424,-0.0826143767778732816745557158451507221448087190233312154060545
0.196195597830984054230866715471532482278580369273449776930386,-0.0156759734502913034659450506115401518050548388303684873182031,-0.0125227259697493699825889157045686358130097753800764385036834,0.360044118954535194133543978070552080866542461775232445151197,0.256593026771175364783272441138312507451619350259750669591476,0.354655824869983609037742618048938871505658575410787085871398,0.252207868298684721673779306876931356925119522775599308563519,0.481605526083564983579635594191509852525872881670129099930508,-0.0437626264102232736128141755425726756397054152909708328439163,0.0537856401279909729106531812915145768396429254416146222035524,-0.197553088658483362274946497226675851150557020900968396244472,0.129149964258010726262991520632212253714957981915562177304516,0.109692155400678219321391879480557070049447366255331831596290,0.322624732896287773629739308891547830348905573111202650925560,0.0279596515829387369795260931306883436431628334940796948743617,-0.317366388566094490919724924899741967371068902995362268630490,0.00680708018576161101285709169133801458057754444907982781950094,-0.193025877371330581448231708830081412167847544595788226438521,-0.0335413787482089502452356933867707432973521549184510496290365,0.166529083151535539803711801645412047848544813586334274165102
0.334244324050636005714229295892175039210588830453518154804726,0.185740802893578307635858547885591318435948799746407330449538,0.376372951871062654922340846476092790149399666373367322671856,0.499000236912215889559039729135006411490309791044692431679677,-0.0741404969188163047702345851077401785089544317490727310283468,0.289622265853299263560748512508586036297330463523299335705501,-0.151753528419033862399642050227066101738691392326382179789015,0.0860810658757928700950350442601524005216990269159426504628044,0.130528311864570164010844476365382967354837778215212341435466,-0.135123083089538618492310486917464130276662933043553437618660,-0.0433004946370893684580755179035652788629109114052824730366695,0.0807658263145191361679063732778162696735518663270552624152946,-0.353561610903211578380007653665655050877519231778437022912315,-0.0833132232044945526510929339324168032368486807869262003267321,-0.274887655291839190224166276366659616259431654386634935656967,0.00768368941459457234006421776416958147292917454370674407058975,-0.143037992772579096724415864702203438095433658628335503732938,0.144769408028497936086173781622561059125885658446841169828891,-0.223967609552529915585700244834880815631642907664360858438027,0.0215325541100961886817850860860165459585584776961620797374608
-0.201384395218139613072680735785875005354578373798889787681268,0.517014744635836698638167499975039282227550197941162305985959,-0.0555638174524377084812009084614406433137172945586061831443280,0.227169803219338103316732341850791881552869936504062565416283,-0.275657250875621324604152832411563992711293249788214442875679,0.289268442217387543387932435707143161603264176668197487023704,-0.00872150420585200628806355678287007082185761792560547556593080,0.441985224202522342409510617122672033295629374754332953810030,0.0791860944826126460615991718972423436135292324608189965826003,0.0216324405596489684037178447396476088363547621621251514034566,0.195363286293676297535001818552617718443502661570745430743916,0.254058861034216288036941069947470038911287559876900624859049,0.0631697565101962139618735917002715057212528822471763343521978,-0.0353479635147873511987089099592866856046375530209251818887095,0.237980984482879881071786624982820969385004621764973676602255,-0.0596213335641410374963849651392307957016555865470307927251633,0.130380480809618739951822574890018544314324507677358499674543,0.144769408028497936086173781622561059125885658446841169828891,-0.177774966115077160945401354110320243972888758095135331070307,-0.194716742376408352003349593180126434938105096360304886841744
0.302855673344881330728626194789489908070329277867854329484235,0.227127510914623094786561698249719013794991686520748321221085,-0.0247318376470395286334300593649417549769122933129687582273791,0.144978810296340645778117478278253959335648593873313251575839,-0.406139141712282196241915421157577203367622534903268247473147,-0.0151524902056939464797891860465196734307866123966391662640022,-0.148159046176514362518533282060132412287408425054474822125809,0.220528906215673862076276655121915482298250838220579386595432,0.342895466984380026441291421535361987762129911766104019367458,-0.0765700850325157083523270464733476783877675178486734200664883,-0.401390251081898211647545718503933152340478491760265717386119,0.0851207862577823883676280800847469741092832318299907506374419,0.171002941442589313957802358206832890673962065991196910886984,0.332552093277006835440041708390897639657684437896158850148640,-0.00657773068154471887205685984472261405374550554634808544618388,0.127663602993465732599968061380401657057788335989955883622123,0.228616834945007916513282627426363724654911668508072949425596,0.144769408028497936086173781622561059125885658446841169828891,0.109511010569421786478817242939569555189409135801384395854516,0.257114157097680811703275037170196700785111829197765273628132
-0.0433334043450249063712098284821721685863663319178569626748839,0.106493421386737838258548762137353178902278752483119404287269,0.359520258387968012371213093400634479175838819755737656130337,0.0837142533361348288752517741098960518354554540359674184816511,-0.308524141006168200999278525197635526818397983712035783434795,0.555897952272915317382142227196119438908856966600017973154776,-0.0238457463474954207748792025420723708835722192905065693249499,0.00274720581950929812895211143205997762987220013369942428776020,-0.372573737628511329888637814662300009915250923867616095242185,0.262001179975231979368430791957063503981069955220870821228178,0.131700660920551663576875362123290971875872201462164687268334,-0.205307783162791137195390829536768341896387296081127634434873,0.0213876819541695973987100344021815263202995816220178880305741,-0.103235585158278674193044913685205997078905124400491350487537,0.0279596515829387369795260931306883436431628334940796948743617,-0.317366388566094490919724924899741967371068902995362268630490,0.00680708018576161101285709169133801458057754444907982781950094,-0.193025877371330581448231708830081412167847544595788226438521,-0.0335413787482089502452356933867707432973521549184510496290365,0.166529083151535539803711801645412047848544813586334274165102
-0.259418060312984281137383658375785309611258662859892919882369,0.102415231378895403846484079380780661766718611406156132189040,-0.0446018145259848751302447300447967043844856841816569819205823,0.0586136847065042291005272870012355716600057785761390618327083,0.213965571265337177626555296639382619874919794480786075585739,0.278004867421155247786643540826424728824015641736970939491674,-0.377340345494414468367096571928750763002077837258634008470110,0.482587208634947598786968834249531800062886815373118813962585,-0.429018024165780062427614819225730966394960310116336115086805,-0.129600051982099684779510707481701119207504229507977740869026,-0.00311633445345404888269589910889526663053967262742953587286548,-0.192547960152519611471462144996898041975762889018909977466993,-0.0794032674942456932523312350656613609831677556685723778012402,0.0808516188469362019649543780297816196091939167980307474939032,-0.274887655291839190224166276366659616259431654386634935656967,0.00768368941459457234006421776416958147292917454370674407058975,-0.143037992772579096724415864702203438095433658628335503732938,0.144769408028497936086173781622561059125885658446841169828891,-0.223967609552529915585700244834880815631642907664360858438027,0.0215325541100961886817850860860165459585584776961620797374608
0.0826217699564439887953493901749002978068754838024103718264756,0.0318336833933865025972531522922827329225584502434388640454249,-0.0235720307262571442945795981144947742362010724170958029101402,0.314690756387463875538633865697735033055724076916940001031753,-0.237364474645036621145764488463022356917118955073226508838091,-0.233308337677498145607566369963517447246192092203426692298457,-0.502520192562125908019902447304700219989883210449436427085128,0.408436170418525173315829748720080071219900030520905610765749,-0.0916535334737856636515189501030438001721951771787252271491893,0.361302076172381492715155672902438320476415010508755559510939,-0.00804642669569410057020403863253045687354719855150608753483745,0.0968307282952643438279979676498090714299617070460688421862610,-0.214606831912107075977153782730319046245175380497585789605308,0.0187345608497397690808501595846965805539920500813263447211684,0.0279596515829387369795260931306883436431628334940796948743617,-0.317366388566094490919724924899741967371068902995362268630490,0.00680708018576161101285709169133801458057754444907982781950094,-0.193025877371330581448231708830081412167847544595788226438521,-0.0335413787482089502452356933867707432973521549184510496290365,0.166529083151535539803711801645412047848544813586334274165102
-0.305042753980871718275825167483376962275174835071595857473996,-0.105164137049066700180276872037661330498860052693922360975104,0.222876064273766575521058720183840510004186277944377697628304,0.372787239542122237349372961606221540557308907673700124429537,-0.270077503135221426352292109988540487076946074003096340274891,0.132303479936969690951640232497304926057949037497786570000601,-0.112198470863542333806265951745924130662641294572820897977830,0.0541521294295889750923106700006562528432537763756316551885613,0.0341903938972756665910260896210058184575625184923704025446699,0.280801045176462209905322858781105181988398157270207991738160,0.0517328342805144699105902204854237897899157588024153627394423,0.128689471386387524242268565843592546292440654350596143060049,0.236094221465588418651707466478262172898589784723338785730020,0.527841764574918211894474637487778282930564492446991774143033,-0.274887655291839190224166276366659616259431654386634935656967,0.00768368941459457234006421776416958147292917454370674407058975,-0.143037992772579096724415864702203438095433658628335503732938,0.144769408028497936086173781622561059125885658446841169828891,-0.223967609552529915585700244834880815631642907664360858438027,0.0215325541100961886817850860860165459585584776961620797374608
0.0614769625779673021348714942219655530088646336281321648943658,0.342357023441818565135912232302694765179890448426968232433486,0.135415397184077257986348763870041448038453200513585333408754,0.186949237378160784968479707039090672152963815308905250018047,0.0611371822456052436091747536887277220218382812509795010900847,0.233140642175127702484581967080270093200844814222247802751605,-0.276138624476714386466286297725504044587515450224496656655983,0.127816938472364978531660329746905141899309931718071989311502,-0.0169366987383477730344485096720594496324103222294899103691051,0.248219390452062799577415744180474639790480281521246607363239,-0.150316822973888201984852477433826632593175130956940359896596,-0.0699371368270518232992147129017817191533383076406933229767592,0.0834508750781994942108305147751301714012791302062886502907898,0.180794721083006626730114496359548037893556491827066574775116,0.385982119785405797962252062980715223224044983156121419424486,0.118131805869305516206446879630024722139914700174913093647427,-0.553954197304659640389506901789986037105611899183605015330197,0.141967097851132099449573657073170783612709147746531769406974,0.120248795838427714811919693472740744861483203656045316681564,0.203933886713747744862081249077648976127120604710189994929745
-0.0332421303240264458000203352819087552546273949368587198584487,-0.0857694224252878626470126342826100365475847343792888123471217,0.0898904397867473630908882110224011894560340587095416710973585,0.504441506486920370437710014049857099829904111490721426561947,-0.141232413743502723387213714614174207513616643366647463027926,0.163137087568299634230033364225891439294371367704278651124007,-0.248779784542628179820277119978766171145472004292046358282091,0.0684287960406120839093632068557439983277822355843782628903237,-0.277129278492530568624874689855571730476688676794773999320666,-0.00822888767180332017247068760758274493560189427126034105150723,-0.534295264064785922460812108250510695642716723960877093462108,-0.0367880883674677223453949952793101226378306019211405818125665,0.258153387309911423309220794150090577939376530713869184236130,-0.133645386508194247485161522924210609076396788450947563378995,0.237980984482879881071786624982820969385004621764973676602255,-0.0596213335641410374963849651392307957016555865470307927251633,0.130380480809618739951822574890018544314324507677358499674543,0.144769408028497936086173781622561059125885658446841169828891,-0.177774966115077160945401354110320243972888758095135331070307,-0.194716742376408352003349593180126434938105096360304886841744
-0.0900832365668967460378065273710703961653675482004190164570850,0.0619001859739555231993348671386488451544011437052293994630169,-0.0797436090265654959950664733045966202327457179154867991473553,0.00345383782874229743577325658308618582653956379432197123090172,0.381117801201027892485985885443621539027303461931125394142544,0.0176449621268798831310207541766447851427332475943729366020711,0.163820384786205868438214941764180251285740222275273908886309,0.322026959230826366304868211293830443673170836952729910143944,-0.313118304459690522551841248116220552953507014413527218785380,-0.251014849414758951336051777855931464313495408996394583372419,0.328714522183386577241854833668130341049883672565733523986032,0.463105105916676670499245116829218280024716238669242742154272,0.203606637119061665670717693763120038309752156223656608611114,-0.113532300007064420972611436354527080798217894362297461997871,-0.00657773068154471887205685984472261405374550554634808544618388,0.127663602993465732599968061380401657057788335989955883622123,0.228616834945007916513282627426363724654911668508072949425596,0.144769408028497936086173781622561059125885658446841169828891,0.109511010569421786478817242939569555189409135801384395854516,0.257114157097680811703275037170196700785111829197765273628132
-0.302518828572505211264629603164608526223771010980425228556278,0.466226017402906412092673763292455847789865846784116895689637,0.262067369465266715830286804319464942727599494606305085181516,-0.0107015290813328600475115119287719692362465278997760774413814,-0.181013005536436463671820796945434206045492025263581301456009,-0.253280164930492490042637447912637824009852742657555966104839,-0.188083230707477385944234486102531077597739957739167839640789,0.0775349446749611321415809881072935397728810692432031698827227,-0.453616969481172753839757968215114401889702361690429932107150,0.171510568603281400190098417044782123549155206704682509202554,-0.117547317633973385880935181888964344948061084043453727963691,0.0367499187255717007342297484854155432083952969425687005561089,0.247260731878595514881570791398034423935371149370287867734602,0.0697339993350656688444300458031815559995454404356215577804746,-0.00657773068154471887205685984472261405374550554634808544618388,0.127663602993465732599968061380401657057788335989955883622123,0.228616834945007916513282627426363724654911668508072949425596,0.144769408028497936086173781622561059125885658446841169828891,0.109511010569421786478817242939569555189409135801384395854516,0.257114157097680811703275037170196700785111829197765273628132
0.142531839948663464621578842867089343924333619530384285202759,0.0164952402990637044364308051695518587042321207031780463818432,0.283428111332368027822035307211791293983519263715529040767652,0.345446396738234910923843519615667929799645976965200580096263,0.0658988511313120783639366252249912474005858786596281507917232,0.154030778712904531856255967375256213712060406828471931087382,-0.0394107729989057784725794952596181518291378661826788838677126,0.163504860060411094082958394727402340083639318646940295615431,0.177494980491774758335566824733676098647614121129850701866673,0.521233356777434489263650417612767031583173947296878674202765,0.0569940700416819941598855265381025906750011433647839454964523,0.216876722616387366255108334336091893258701431237946493324325,0.332856602085292310124473931593772104925397904655952815279295,-0.302425527962265839949570042727129770662190364988784274863068,-0.00657773068154471887205685984472261405374550554634808544618388,0.127663602993465732599968061380401657057788335989955883622123,0.228616834945007916513282627426363724654911668508072949425596,0.144769408028497936086173781622561059125885658446841169828891,0.109511010569421786478817242939569555189409135801384395854516,0.257114157097680811703275037170196700785111829197765273628132
-0.234144970973853975041370366445971486282171319178221192359558,-0.298661914037069533710021608988093782660986402307078843576916,-0.0714362520943451235542534143749309597797543877545425492489127,0.216627492771607620551374220687252394404547692679205317000742,-0.153685784718787826818529833036067169800030711036792852354563,0.207736873216430301090678633029179378591282318336009807510341,0.0437912446178177816721081601662322011239330290920534675282292,-0.517006175646030580173177051048439345071282604532858216058716,-0.405406080844594709891157489067861539268546988074204083610452,0.133416569581977175323763338664343396505687570342173680622571,0.0323308646365366026493636565626972484051397122069972893339787,0.317681631215834665308077084215828199250157157770222138818464,0.112232393916751306579127117480080347369438348354682822534892,-0.0598085274633304028858059701575117841048854995514386799824732,-0.00657773068154471887205685984472261405374550554634808544618388,0.127663602993465732599968061380401657057788335989955883622123,0.228616834945007916513282627426363724654911668508072949425596,0.144769408028497936086173781622561059125885658446841169828891,0.109511010569421786478817242939569555189409135801384395854516,0.257114157097680811703275037170196700785111829197765273628132
-0.222303468137301321139369889993732128467540007714574937710136,0.267688289875601231426392206414743286189843940517293448084977,-0.257998742539958498758363567858546855550930202565809076383403,0.694944282731166161822623156221980463049758988634736376600753,0.269004087649175925117260926997551374065076792005740203467675,0.00353758000583884039123251830767180654156717516455079811561782,-0.198994970722785393832062375338708173066995157119460607036978,-0.0264339546389878437708395158546108001046128914387724716243197,0.0311731058501841008914858042301323936113511957870131003120230,-0.00416466772961665722221698520161809679636408251565359269773629,-0.0111385158391467120294478204545474785944557076045038272479579,0.0235296028436769729895781091569255358652535623153850093437628,-0.111213230704277823223089200435299721227322340023235111731497,0.187187403069239498312265294000937181002683212381849527638635,-0.00657773068154471887205685984472261405374550554634808544618388,0.127663602993465732599968061380401657057788335989955883622123,0.228616834945007916513282627426363724654911668508072949425596,0.144769408028497936086173781622561059125885658446841169828891,0.109511010569421786478817242939569555189409135801384395854516,0.257114157097680811703275037170196700785111829197765273628132
-0.0732576602244390108902448200725975802577720154410199223034863,0.331931837948725665497987395557713213384689148478431922104274,0.0309567264887469944305798395766086318460359455326035612359403,-0.0897585857782119605809389868415363452144575394765760054801552,0.146723681149577514511646444681409930761037613005547678743248,0.593024989365053134563020725625615501188180883367190221131713,-0.0203152279721167646688806890963082347579412672671665409243817,0.0277422155246767421219994496375647112905208676960676394255109,-0.104215022677927834007266415684052234922955225300196770792551,-0.0110102688897975879262342509400749749399656932108626943106148,-0.466697478116786933873320981751558986824533008996364491085510,0.240012275409703139808248703160949406109199466835517952945931,-0.153340296489015562336646428457519086099080814485203346395347,-0.153224371337999744638021584249299481803205679690269771502642,-0.00657773068154471887205685984472261405374550554634808544618388,0.127663602993465732599968061380401657057788335989955883622123,0.228616834945007916513282627426363724654911668508072949425596,0.144769408028497936086173781622561059125885658446841169828891,0.109511010569421786478817242939569555189409135801384395854516,0.257114157097680811703275037170196700785111829197765273628132
-0.260973069397074610759844191118743275520431458865349535652292,-0.193558884044026491732974466218932214428983443453541859820949,0.0577325997159778549006966683726196916111887797491346747805746,-0.0579491899751461713045754931333656552225623362573563374819520,0.388120741671516102027033447177458073412716933649534987462956,0.114767119138042129326091948050725912688642592326227164893306,0.198210552352506529086576805713848154254183273618405230955576,-0.474164287550367623492023712485778197254247871950956516778657,0.183090829005088981170254684280727806468830241591385416635558,-0.0856806320657924113713476775734695192099163578238466591271040,-0.211378611800627075000796813322152084828388222464883095161618,-0.377314055268246666559661843959771778252659303651807981933389,-0.223657846624583066474739140935232716082381119026647323308753,0.119205439450637950515937545306587820537993481234129127524923,-0.00657773068154471887205685984472261405374550554634808544618388,0.127663602993465732599968061380401657057788335989955883622123,0.228616834945007916513282627426363724654911668508072949425596,0.144769408028497936086173781622561059125885658446841169828891,0.109511010569421786478817242939569555189409135801384395854516,0.257114157097680811703275037170196700785111829197765273628132
0.219908887332323370825211518096632946752538797707992791433163,-0.0637340164038852706103483907136872008674395886660256560253314,0.422261465114722017189817152606298955982906558874937304625242,0.144551939597527310714525335947974204153192613346429148396164,0.238575402622584199647776634397499559860330090627891351082903,0.322496545233119209172108212050721251820437237425065556379192,-0.291907813137084909327278634490488857531380874634530895335485,-0.105193776270021568098695271383633358278398927917396531906774,-0.200500252474899492199264048788642036455843306943904039613912,-0.242992443374060733392575192834228674590221420165670321823964,0.0394599324567248858065787048188622440147591040637125901968954,-0.0890406310950459011868531432262922824664685138120968051522496,0.303943173560464382783133888041566386575467906189815956404518,0.349859969283045668012161928532668092293134321342229925271925,-0.00657773068154471887205685984472261405374550554634808544618388,0.127663602993465732599968061380401657057788335989955883622123,0.228616834945007916513282627426363724654911668508072949425596,0.144769408028497936086173781622561059125885658446841169828891,0.109511010569421786478817242939569555189409135801384395854516,0.257114157097680811703275037170196700785111829197765273628132
-0.152449233116350023908986427867503785782448703596619185520585,0.0171742864746491945498412970710743450085738941327611889130995,0.0536023331003905707444209882977976503329212147351219373510550,-0.430331756813132908665857833566142762059706503810163757250774,0.237210637593606126330185440464846457138568805100477597129786,-0.320362310630545628206382126904217454218587709279088700355820,0.320967627524721617824640559620840478283304266646698864162704,0.207383949053783325548799531498947439755391957900175180052123,0.109641046588906073386184503327372981736546646106844732720595,0.417914340156723237324244865164922693912552791118742636104709,0.255076109061623879939137104286502068312131324837223748133467,-0.228585501596930979432330901514259195642314789095991455794495,0.107462125017247085670746575750985866793743877413767961906290,-0.0165577530440766219969241190883017090525972239069992074240145,-0.00657773068154471887205685984472261405374550554634808544618388,0.127663602993465732599968061380401657057788335989955883622123,0.228616834945007916513282627426363724654911668508072949425596,0.144769408028497936086173781622561059125885658446841169828891,0.109511010569421786478817242939569555189409135801384395854516,0.257114157097680811703275037170196700785111829197765273628132
0.157320685748916730136799255755400309685825905562097399134002,0.114069094744797825441201693250032083272722662002702626520603,-0.350229208033078426662026988426873926536650256347183561431986,-0.116598709839528690527086219119865643671185592781566476905923,-0.0672064682491736461136435541080081180442797878229006432053349,0.338141552373974045207452665464038029482066099316895751053997,-0.158238997949561812701386991347319438033004682225944494732169,0.179138018211740055631526505191806158325814878666430437855164,-0.236607521530515232718310119619474210304966260526266712508961,0.440710058067576556056224938363588385605240927329999062220980,0.258702970270734566912236216075492746505125462386991506268784,0.0729082384581645136851294385477103074870177353709034121989906,0.0301380124846331174167343932463385252002318826669935996176413,0.398711917195790465852627772615490243667407763115574510608035,-0.00657773068154471887205685984472261405374550554634808544618388,0.127663602993465732599968061380401657057788335989955883622123,0.228616834945007916513282627426363724654911668508072949425596,0.144769408028497936086173781622561059125885658446841169828891,0.109511010569421786478817242939569555189409135801384395854516,0.257114157097680811703275037170196700785111829197765273628132
-0.420271670479413804148947684532073791311417663949367271505795,-0.286307856887780508515807435933282491732517381636559253341634,-0.0135650771936514816099783027567196238727234597789830974919437,-0.226633248193329243277217079835701213102833170809286049699174,0.0581344787655251002154081962156571539634548698464770683717040,-0.00184623966929662283660498819812185965637816412979644287680077,-0.0345726679362071023520062874957435920350405190398411800754765,0.122458745925201549471201045479259918871700112636024721401716,0.269368658168106431961476862464391604961312195317168314728182,0.00685271606619594934676246471230694510024717129881872053893285,-0.0260396677194851017167587998004109990489193004426332243737510,-0.218302878049046409131519776938000523031552206790137081240198,0.0473451697041831544385965432464206948342160137295816515739130,0.0330183413543038990875889406481027490280658236130592880567139,0.471798336450290577737414894065727581993934637821760062248342,0.171075202602989548587626504890420249346381457593813451038245,-0.247474949547631188516506865396974413882012471751299315313833,-0.190226016786061427277356079949618969131272928156368634673998,0.441490447583137416716505906872805946685471999724357669597325,-0.0424503750336891750020279764295801607451412963262818036543415
0.116827465132128741555622840015195985186694912446947323177245,-0.534821153353545080189845100503991539328876687030644519123659,-0.118574596578128781994977604999266102938644221161641476733103,0.0848112787551203218193636924124863070064441355803337467525546,0.276991229386539866614792522796106455670444186997411435557869,0.0960549418682464960662886852343118090856364010827459168730263,0.260271073689570823948597925744605384735572220093820345521402,0.198277800419434277316581750247397898310293124241350273059724,0.286128737577548258601067781686915653149560331002500665507080,0.238174883881638516961675760512557825427795690142799785850647,-0.161671837369188656640739822075044282382524315080199617364950,-0.302123508689970402511955645278984861488540687959700738163170,0.118354780448562994098396578503042020797749258757349278407818,-0.219937138887336538326515687815693874128539452793568328583484,0.237980984482879881071786624982820969385004621764973676602255,-0.0596213335641410374963849651392307957016555865470307927251633,0.130380480809618739951822574890018544314324507677358499674543,0.144769408028497936086173781622561059125885658446841169828891,-0.177774966115077160945401354110320243972888758095135331070307,-0.194716742376408352003349593180126434938105096360304886841744
-0.0993792933407131872256847471700145048231640220242327581424876,-0.0463656515182914770664484143483778820463533783011867838709419,0.166453033040695698073192606428583241584045419544137702202197,-0.0982979881515767227959493921774875320964458541819375372164240,-0.0946930307449536388742894990419616079466516255098045382608637,-0.0467087593503518057014704880186243144221922022901259420337507,0.0666267618963578633563655895397830474599228719193313801128548,-0.232309678704432076204959002021663548337556280539758039347811,0.681451845028860253457127569803333365240911929753442124453384,0.384674039402125147556315198756492081667600522579614714886054,-0.173241456692718443491920377569523821895703827650983627886884,-0.0956941802055084895695325069976442490759601726447707929009039,0.210200276766689871845361649718205796495695773206905509984380,0.132963020247941371658714464013134126276871216615507312041027,-0.187624216879191731525270658270154942621262021420477162909207,0.0615199341219037070400395458000293555412801821168478811777105,0.168609781981205339780603213335231636775293052106982230723155,-0.193025877371330581448231708830081412167847544595788226438521,0.102691525306212063654442087705506429436980349250793045772444,-0.229006780836381552169098131561936906633093038438121392444305
-0.0537545996728257500872432380624228521592478498125298205508610,0.161213716909670626960312537070064110219225285798891709293202,-0.101024845759055752578110843800053972804626542581896977346689,-0.412471542987194731044795066782473500993748983279498599813253,0.389350043655604965104557907585961499005214242974077877599766,0.0989926281338337511335328203104954883438744019490584274573217,-0.198515112734514271204465030643043584879513670766481730379425,0.196125400500926547489699162227211998882076758457729119426213,0.218243426965804524438486660956596580388389101144735606821909,-0.0257270577564367471285183675063142195283018641985710177211322,-0.228090625426686962285206497163842878316159259080828526499192,-0.416931611744415625283263217838134837344163716014276913427946,-0.105297212193144240058677051825717737386061767185005653546881,-0.314027125480040638270805795444862537044499359033453714608103,-0.187624216879191731525270658270154942621262021420477162909207,0.0615199341219037070400395458000293555412801821168478811777105,0.168609781981205339780603213335231636775293052106982230723155,-0.193025877371330581448231708830081412167847544595788226438521,0.102691525306212063654442087705506429436980349250793045772444,-0.229006780836381552169098131561936906633093038438121392444305
0.0439521686966706991748750890498891507539840326516357738843189,-0.429413490526241220562113520341392767696268933727396443860501,0.292159311529679209364480638116671772925917909897847948253837,-0.438202716318848457588564783657611085216597247975152713050951,-0.118247820622696444235991968283115657569478813429431724842810,-0.122078798545294856672706940220463341099116675041750325520769,-0.105314669486833985101263266252143892668704779711570589092573,-0.0392941624928546064053544479110873259297349499912784343885884,0.0602641896811192166272499299475516126852838686256470891743459,0.279786111836205738566024980530586898062862735200562493081571,-0.208286522657174463541553031500135063107479713411885355448498,-0.304012929816659295721241985466888242687951158921124149090891,-0.327051447832412319228803723230252041100234159500998001182564,-0.0492474027688617787154775891096527799106976810663940553925442,0.0279596515829387369795260931306883436431628334940796948743617,-0.317366388566094490919724924899741967371068902995362268630490,0.00680708018576161101285709169133801458057754444907982781950094,-0.193025877371330581448231708830081412167847544595788226438521,-0.0335413787482089502452356933867707432973521549184510496290365,0.166529083151535539803711801645412047848544813586334274165102
-0.147507861421265834333100208306237899154410932452154821228464,-0.442928713210979554981617894492132914833935661359396684667315,0.227391378911284753164464505305744016116468946992642191757856,0.0854147015833909187044637156461994217290593842814338277789236,-0.0771432225408325371118189014305468759656791679370876425215840,0.0546336512155591621830549384639660431989321562130265593880987,0.0898142094288873801179998541666593753320901706024535108297566,0.0807228338173164796886251813978049060030515205110030024963252,0.416835779986785965587630820022681515747013315380419526026069,-0.376491537313312777206123887261075098925980002018713733373548,0.0809775770370825215654192188647360419244393261170867720311000,-0.0676010089564821931121477734246029834717839865620054490746683,-0.389667582520706883485143521084956739180428806138240065610778,-0.231090692636252249173579502133444400051022590628366949248654,-0.187624216879191731525270658270154942621262021420477162909207,0.0615199341219037070400395458000293555412801821168478811777105,0.168609781981205339780603213335231636775293052106982230723155,-0.193025877371330581448231708830081412167847544595788226438521,0.102691525306212063654442087705506429436980349250793045772444,-0.229006780836381552169098131561936906633093038438121392444305
-0.114098822176444007526595818253813686014228009229397051122065,-0.0188921672771423601824947825037066643709974882693535421618105,-0.122924764310726511487933363745403349563638204416495891020828,-0.294747166435645183147084215916715255499182765507057566116319,-0.0853809304921495678408662754970441234623740795056103842836946,-0.388708308600822630666916731709439618404709464973570811651840,-0.0901904273451905706144476204929415926069901783466694953335542,0.399943855890158437875204057779524729736022224629355095133682,0.512024021792243192577486916507093966214064024954082180999131,0.0394173724206227276013120333131710029181475421418168232568498,-0.144623897284049829583426575070808316539849253303304611972916,0.155353714380348129511089914017350138119723697036904110203031,-0.285269373276385702665640165932162061699280858875839554860940,0.0186402188746295442788584146162665315635698903131721132062836,0.237980984482879881071786624982820969385004621764973676602255,-0.0596213335641410374963849651392307957016555865470307927251633,0.130380480809618739951822574890018544314324507677358499674543,0.144769408028497936086173781622561059125885658446841169828891,-0.177774966115077160945401354110320243972888758095135331070307,-0.194716742376408352003349593180126434938105096360304886841744
-0.420271670479413804148947684532073791311417663949367271505795,-0.286307856887780508515807435933282491732517381636559253341634,-0.0135650771936514816099783027567196238727234597789830974919437,-0.226633248193329243277217079835701213102833170809286049699174,0.0581344787655251002154081962156571539634548698464770683717040,-0.00184623966929662283660498819812185965637816412979644287680077,-0.0345726679362071023520062874957435920350405190398411800754765,0.122458745925201549471201045479259918871700112636024721401716,0.269368658168106431961476862464391604961312195317168314728182,0.00685271606619594934676246471230694510024717129881872053893285,-0.0260396677194851017167587998004109990489193004426332243737510,-0.218302878049046409131519776938000523031552206790137081240198,0.0473451697041831544385965432464206948342160137295816515739130,0.0330183413543038990875889406481027490280658236130592880567139,-0.386506877767147983980503679514807844496275545510416142540473,-0.319083137656464558384155341387802952922131005941102918571688,-0.183521870688528302313583373409209454298523262284518603356842,0.476969871441981510210277005652134309299673417132410999882044,0.135702950834676536192057442965119214972560174124253404467696,-0.123323118428093643100916555570385247015732610686599409311453
-0.240053996477912902693155036910886152407469824949664385623425,0.0557675707162089754788008273413637816087228139703269980800332,0.260167524803498645177859327769725903848401687756337568019649,-0.525723669486974229810466307504554236719451388388030148666421,-0.156540596853281147694380312231657293363653108144419658880398,0.400497981349590832322791865450197267750339593829873853801393,0.388484018869439916630575624269686256499320812812260362426624,-0.00574510870885743731167357950849536385400560575785109134430715,0.231103817637517526340368051947837756471008278265191312906135,-0.0598835237765267857454128476322038135771975131460679150259111,-0.00487680966780406543634717431498688779042985328963383716974448,-0.146784797077707351512298883169227275206625306090292366418103,-0.0492748594101090292897763487996614891338058967562358772250577,-0.103329927133388898995036658653636046069327284168645582002422,0.237980984482879881071786624982820969385004621764973676602255,-0.0596213335641410374963849651392307957016555865470307927251633,0.130380480809618739951822574890018544314324507677358499674543,0.144769408028497936086173781622561059125885658446841169828891,-0.177774966115077160945401354110320243972888758095135331070307,-0.194716742376408352003349593180126434938105096360304886841744
-0.420271670479413804148947684532073791311417663949367271505795,-0.286307856887780508515807435933282491732517381636559253341634,-0.0135650771936514816099783027567196238727234597789830974919437,-0.226633248193329243277217079835701213102833170809286049699174,0.0581344787655251002154081962156571539634548698464770683717040,-0.00184623966929662283660498819812185965637816412979644287680077,-0.0345726679362071023520062874957435920350405190398411800754765,0.122458745925201549471201045479259918871700112636024721401716,0.269368658168106431961476862464391604961312195317168314728182,0.00685271606619594934676246471230694510024717129881872053893285,-0.0260396677194851017167587998004109990489193004426332243737510,-0.218302878049046409131519776938000523031552206790137081240198,0.0473451697041831544385965432464206948342160137295816515739130,0.0330183413543038990875889406481027490280658236130592880567139,-0.157033788783367994058802100896095261270451380780193433063398,0.335821653373483420098720565825202989029214471525051393520636,-0.103444485586924203955107453501943914428771657893192668760114,-0.190226016786061427277356079949618969131272928156368634673998,-0.578079634414938439105625142838179888980961347119476986426501,0.165853780500675509242222346284789101110116477630804569777237
-0.229962722456914442121965543710622739075730887968666142806989,-0.136495273095816725426760569078599433841140672892081218554357,-0.00946229379772200410246555460850738587140307328985841701332942,-0.104996416336188688248008067564593188725002730933276140586125,0.0107511304093843299176844983518040259411282322009686615264702,0.00773711664497514917068300247996926813585399493413453177062384,0.163549980674307157585177706832992456237421027810720573469483,0.0599364815122453484687375159151886568439044296928277472582563,0.326548276773498287604131176754566035909570525338033408827655,-0.330113591423562085286314327196850062493869362638199077305597,-0.670872734653141651474034644688788555309018778712675617900187,0.0217348977176160633376969510882309440519313880696946862042032,0.187490845945632796620734410948247562485271052335615418980498,-0.133739728483304472287153267892640658066818948219101794893880,0.0279596515829387369795260931306883436431628334940796948743617,-0.317366388566094490919724924899741967371068902995362268630490,0.00680708018576161101285709169133801458057754444907982781950094,-0.193025877371330581448231708830081412167847544595788226438521,-0.0335413787482089502452356933867707432973521549184510496290365,0.166529083151535539803711801645412047848544813586334274165102
-0.280752527916994925747924611242211502446463830625392241434409,-0.00213043526741707808573254991741210529627165025911372581949679,-0.161615688060817120493589597756138110439351740340171221373747,-0.0480630369800767689974479438072738923072283896908361329823593,-0.255259048260256822772632750753770044492468413050553676909285,0.0306675592156504304164785028925160991832420023401563180253328,-0.000658298814965904013244937915196043011404920607384438608048116,0.158657498538391636146456773178560079080049617325554126939247,0.409077458470384178275481129126730672402794978754290494933597,0.206021684313296512454740423960690857424507526863310315050551,0.231244537582971003169208493704249287211535367391514209623438,-0.177214611913764840738006095963727076292211109998362290608637,0.0718323815580809887388782907227564564695547747491937811637259,-0.577909835298411663154963906666528390082082578925696161397754,0.0279596515829387369795260931306883436431628334940796948743617,-0.317366388566094490919724924899741967371068902995362268630490,0.00680708018576161101285709169133801458057754444907982781950094,-0.193025877371330581448231708830081412167847544595788226438521,-0.0335413787482089502452356933867707432973521549184510496290365,0.166529083151535539803711801645412047848544813586334274165102
0.0000000000000000000000000000000000000000000000000000000000000000000000265917092707947912694208591426989614634589752396786305255510,0.0000000000000000000000000000000000000000000000000000000000000000000000212697400522822801696959118379553613081782870737960058159023,-0.00000000000000000000000000000000000000000000000000000000000000000000000330246465032887603863097924745683652737627639793026351680937,0.0000000000000000000000000000000000000000000000000000000000000000000000475357563130048813493656840318937506653348891556587106967367,0.00000000000000000000000000000000000000000000000000000000000000000000000595414138233023039593157434431352432633939757012040448036954,0.0000000000000000000000000000000000000000000000000000000000000000000000104033165685443020234624006301751874099021356224085385631891,0.519648083319383425945592109415959703590668320360067757278462,-0.00000000000000000000000000000000000000000000000000000000000000000000000393324016652137588311229017406639856797916310596045789579494,-0.0000000000000000000000000000000000000000000000000000000000000000000000165081343337413848045562285418292922092611562742099453978715,0.0000000000000000000000000000000000000000000000000000000000000000000000617446035970011463552277946990727349639432501798998668908015,0.00000000000000000000000000000000000000000000000000000000000000000000000743955936272172121634335245360984933915273823035471858831035,-0.428905393433123241969529648291390805078198786690322810766345,0.0000000000000000000000000000000000000000000000000000000000000000000000118281312947245141995435102256725629757501034713424402513595,0.00000000000000000000000000000000000000000000000000000000000000000000000933259384173846322948032103946262324803648638364313368399570,-0.0552244669440696917864980981520993985538535049392359401982846,0.626845781054791231641122121291336027286462449185232077249990,-0.0134449949631565673657412609657080817863377269184234401660124,-0.193035675739717311311129691505792742074255121639347461068095,0.0662492075927470421794299308528833634698891541307383414555185,-0.328919687015699178555815743467168960066313154214323393598485
0.104810820254127092213340377808478730551654870928630611679051,0.235866126595843056440207291567710327592846094622267277430207,-0.224103862650723650020800984623566823559593592384134730532530,0.103236362605741409704325180046381462826949711542762645776868,0.369661774077368086546203582157749381510894436291534007843851,-0.322755590918643545650708913769909235158746093221459086267113,0.267357000828964800518992509619982103008855698563360075711367,0.125070675174986658365257736113047895492116820485450787002866,0.355636913998943524615001018122451935142138965103565507630173,-0.0137799591533321686231218461478625384263632741974721863422202,-0.282018592330723854775930868846651176532669070362555891682094,-0.293538425562306203718584142136374651800568864487560126841630,0.0620638084908001444503731066337415355874192143270501994102273,0.284031639421596309266122618807177668429024646027980754715963,0.0434844014905040280244365112285612609281725381680093445008952,-0.0757259588439192674436473140053404428290619239866318349675492,-0.215959322982047559740689337614178830873802517557095945367200,0.144769408028497936086173781622561059125885658446841169828891,0.292231565098185290052284356005631504415122529958111793653818,-0.0839299688313686483817105300760868118055652105336224665238495
-0.0000000000000000000000000000000000000000000000000000000000000000000000207412030441413359561322040453314875032779958989794937493972,0.000000000000000000000000000000000000000000000000000000000000000000000000378667879165482012575476699528276156548110046712356082609584,-0.00000000000000000000000000000000000000000000000000000000000000000000000698615612046782837068361636123745782222894046309235634417740,-0.0000000000000000000000000000000000000000000000000000000000000000000000306796105187125996736697615346810850472901697621665479665572,0.00000000000000000000000000000000000000000000000000000000000000000000000807352551583483310752350254676264890693956045692599213447170,-0.0000000000000000000000000000000000000000000000000000000000000000000000191671382465437262858916452420911698337096608458789463249982,0.519648083319383425945592109415959703590668320360067757278462,0.00000000000000000000000000000000000000000000000000000000000000000000000726921882486009559244504461030754564376455501001193399017361,-0.0000000000000000000000000000000000000000000000000000000000000000000000410828979769971352937293007940369986557439973664556879585323,-0.00000000000000000000000000000000000000000000000000000000000000000000000849784197057997208610468286781253685023357692565675250229864,-0.00000000000000000000000000000000000000000000000000000000000000000000000880905232748023290586143043183343911211517723515478675980620,-0.428905393433123241969529648291390805078198786690322810766345,0.00000000000000000000000000000000000000000000000000000000000000000000000774074760867992325575907726380639414173550361821737834701963,-0.000000000000000000000000000000000000000000000000000000000000000000000000557865447949682757948677238633291461430940421449608701814367,-0.315361244119459682592554298979170865047429024517977116144787,-0.505334768721949869941444149717890515619549043353413157462688,0.346474371378911820106127537979287079084853188767568236508669,-0.193035675739717311311129691505792742074255121639347461068095,0.136581815815626107294210852090045245394834740721841722616345,-0.123402737702345500161980061655402543165732628918300897913003
-0.328223203389039934330585606016501884961409718063862190581793,-0.0850903762497023725336021423810875502432429609497056698158653,-0.139935338445230093986726107891592454194563990270865432319239,-0.271336647064447449151991339131953592029448369284642910785090,0.0300793727187913245790351006256810022243662830742019833101371,-0.311256001775150525832604730053582228636276748403281980319195,0.111598615980999216476942934901692458966970128537331389748326,0.112307885033984315375204343627289097999534874837613147327016,-0.344983212395399253574257011261874847387756151817779968466743,-0.111547904292514572111876240055427082606223050449396379149563,-0.336213225044844036681560530502111218005586542488437290825093,-0.482250312580786068032834231129661211538846822255078530931386,0.0327589102418661988554934383073043398077225034716843308631244,0.152222388409994970467484400714617452533196352630837504060059,0.237980984482879881071786624982820969385004621764973676602255,-0.0596213335641410374963849651392307957016555865470307927251633,0.130380480809618739951822574890018544314324507677358499674543,0.144769408028497936086173781622561059125885658446841169828891,-0.177774966115077160945401354110320243972888758095135331070307,-0.194716742376408352003349593180126434938105096360304886841744
0.0211443540473418029532188408485937358415869447916367228223089,-0.310525864589194392101502901412780773572566396861947817672050,-0.158988426463501506644991706891562429852446299788698728507948,0.127740140445587636959056911541457518393318911338209936773234,-0.298502107716236506692689545423136211609615407652724733247147,-0.466450699031769917338999683389727650996302965581985579186120,0.293272383365321319252583746555902704748336797091555398277317,0.280618289424029216821619901174972198097911009901755399475122,-0.0747167098442178583778821535631957253990832184146746395371775,0.113080855350481681969846727093237354921708329485356924624981,0.142271504714478090628851468090829747783249670348885116878922,-0.262140175342806225325036498731210884360607244747998860212308,-0.298058322357076817826236923766242108152894176446653877046110,-0.162061493413577865992227545537275090796127471546163059507258,0.0434844014905040280244365112285612609281725381680093445008952,-0.0757259588439192674436473140053404428290619239866318349675492,-0.215959322982047559740689337614178830873802517557095945367200,0.144769408028497936086173781622561059125885658446841169828891,0.292231565098185290052284356005631504415122529958111793653818,-0.0839299688313686483817105300760868118055652105336224665238495
-0.389099804390775212942280106832020700617237817223219401030074,-0.00847597735691545859279436180160614558612239399081147593926400,-0.0287879442252068480110840796654295835485644603420750695996936,0.258979199022403892593095835558962571544765139723282233414487,-0.0342601903536827370887658299155158500596139291442271341559705,-0.188989428009623461848996341867746426896274114372765569214703,0.209804276118771287467393938027286318190266922959966296314027,-0.0599212788725220232045125450006708752491393648926912023941378,0.366491946165629461239120271862022385005314699352401184010709,-0.0530379226163458550413955818937469354335959024508588134130325,0.450682152609836156407525986982024620439647448102226826667807,-0.363267469643733518330969477173251145450571210610425310020271,-0.00714779362537129017621912077744212426204742229426764256120827,0.237081847273850343955250219596600616736561607903473717138855,0.237980984482879881071786624982820969385004621764973676602255,-0.0596213335641410374963849651392307957016555865470307927251633,0.130380480809618739951822574890018544314324507677358499674543,0.144769408028497936086173781622561059125885658446841169828891,-0.177774966115077160945401354110320243972888758095135331070307,-0.194716742376408352003349593180126434938105096360304886841744
0.265439180974580352521027348251458463860437775249548884105302,-0.00176480473501946874422767387627689357401277260945447155536696,0.281039427951817436065859468629297040339321360284158872273200,0.169049905141264211306521103001817247800855643183910459061880,-0.258026695465362157817754781121441796159507943155656823303948,-0.299638603343006510058499758371420921162961926616953584105368,0.337185433056379822444397456603377120230356573469583218429420,-0.284198257725170413316729446362090301541652913619563016172765,0.214563123634950972864202284329239086362041936513768488055528,-0.117070935399953505824676019491190093675381753984972075899198,-0.376397385228479356256940149296781230237957781266290227988897,-0.208936526113747320393465712854946899889532066909113291049099,-0.241399433167099686272182980292689350086628972638180314247951,-0.0119424536414357841485629112475809703128462449541194437605765,0.237980984482879881071786624982820969385004621764973676602255,-0.0596213335641410374963849651392307957016555865470307927251633,0.130380480809618739951822574890018544314324507677358499674543,0.144769408028497936086173781622561059125885658446841169828891,-0.177774966115077160945401354110320243972888758095135331070307,-0.194716742376408352003349593180126434938105096360304886841744
-0.134718181921881868388736166145225920313291830262676127926219,0.358035521432872198164701104316603658300179685935755169035678,0.147939121706993732333001024481636291429255002751679364101491,-0.173093503012658955553967023914274566204137296196502380892678,-0.195455393699975479236347384178198652759122897680252445182420,-0.121513463515711837306309304622728667755547702032228198983735,-0.00869661381721534192966599979902162479983604350274580217710168,-0.353787645089069027085425746646401979403883861050978888639881,0.0268258027806554683391773790027246008665934565269202452319046,0.194435580693908837834655764517686388715063755581784012682406,0.0472351572483111710758909905033156464937601520005771918307122,-0.627996172983108067176966492305355247411914142484249938581018,-0.0262406649557084774723087384446340081417285703062637441554886,-0.141828678632970138556661603769576158998786051483713246697134,0.0434844014905040280244365112285612609281725381680093445008952,-0.0757259588439192674436473140053404428290619239866318349675492,-0.215959322982047559740689337614178830873802517557095945367200,0.144769408028497936086173781622561059125885658446841169828891,0.292231565098185290052284356005631504415122529958111793653818,-0.0839299688313686483817105300760868118055652105336224665238495
0.0392632509856225171836640251575819095038065073265146840813818,0.186419849069163797749269039787113804740290573175990472980795,0.146547173639085197844726527562099146498801617392960219255259,-0.276777916639151930030661624046804280369042689730671905667359,0.0971712895434777431960142301321150312290284946917767153097163,-0.184770823490150896501889581770887631633317652584261295737701,0.208624872104593533897578004653392528373750740502995568241401,0.129960154869165101560876181031697500193451666169177534899496,0.0626743779617014790614621549590798504437703031922063722893890,-0.238442099710249870431716039365308467947284089221689475716716,0.154781544382852517321176059844834198774219270067157329600345,-0.364696397898799209519532862572534819227464354006882686703525,-0.578956087971256802833735009508441289009173259020621876285320,0.202554551713694665301552989706411258372744460294858867112322,-0.274887655291839190224166276366659616259431654386634935656967,0.00768368941459457234006421776416958147292917454370674407058975,-0.143037992772579096724415864702203438095433658628335503732938,0.144769408028497936086173781622561059125885658446841169828891,-0.223967609552529915585700244834880815631642907664360858438027,0.0215325541100961886817850860860165459585584776961620797374608
-0.0000000000000000000000000000000000000000000000000000000000000000000000374944300042253383430017317408817103784983310994427104437285,0.0000000000000000000000000000000000000000000000000000000000000000000000000254371902480482273101553324534220597814162322447581402592239,0.0000000000000000000000000000000000000000000000000000000000000000000000131479931478258973894397015620292256934726069615607263697931,0.0000000000000000000000000000000000000000000000000000000000000000000000216994544950440101985307497544187081589709987260286897705390,0.00000000000000000000000000000000000000000000000000000000000000000000000552837224836725217262069591078579840612954341875321053200080,0.0000000000000000000000000000000000000000000000000000000000000000000000184014685961747670183986058703700980295479884214248634006936,0.519648083319383425945592109415959703590668320360067757278462,-0.00000000000000000000000000000000000000000000000000000000000000000000000847477759545981026509499346502880838355094072054386001172813,0.0000000000000000000000000000000000000000000000000000000000000000000000361736998419444540264431296333346616513714640549575191469535,-0.00000000000000000000000000000000000000000000000000000000000000000000000123138208427847707493235760227268114531873274232330911680553,-0.0000000000000000000000000000000000000000000000000000000000000000000000107265903530320163115874607102397899231343722279788898754224,-0.428905393433123241969529648291390805078198786690322810766345,-0.00000000000000000000000000000000000000000000000000000000000000000000000169555793811437929347165068519327958617474542541702382719712,-0.0000000000000000000000000000000000000000000000000000000000000000000000459732397373340265777757101482573896171487165672836298611463,0.370585711063529374379052397131270263601282529457213056343071,-0.121511012332841361699677971573445511666913405831818919787302,-0.333029376415755252740386277013578997298515461849144796342656,-0.193035675739717311311129691505792742074255121639347461068095,-0.202831023408373149473640782942928608864723894852580064071864,0.452322424718044678717795805122571503232045783132624291511487
-0.117299180733929940466475274630552493596690377088482263414527,0.0109187372668633789404698759534451483651529243238220726887180,-0.161773568712226060441254588826868904096716679576911096130639,0.390633465967202025681432888002598130817360343540303535546896,0.0945848990380359658763125654588504295037155014922217430909945,-0.158155820378293518570603210139159913659851784166273488091297,0.0732229624396854414533827697944442777074362132407408360097665,-0.0456446122614989143874600081455831297646109056839445946923754,0.0551722737758232260232194923854448360710635040652567821453738,-0.342067855464611385119189128282434862357595953992327146202700,-0.135345945735464235963876341753909864992985034661065629533743,-0.528745029397588764918633038296153814380842466882162034892887,0.0149113722189517144812942068943862807787393236962627559449008,-0.424405303809262115424385940815388275270399672994465620383173,-0.274887655291839190224166276366659616259431654386634935656967,0.00768368941459457234006421776416958147292917454370674407058975,-0.143037992772579096724415864702203438095433658628335503732938,0.144769408028497936086173781622561059125885658446841169828891,-0.223967609552529915585700244834880815631642907664360858438027,0.0215325541100961886817850860860165459585584776961620797374608
-0.270189538294195266265882683426591580704729429002859058380692,0.329509137007238922258081278213171070217588625585300503981054,-0.150897341371682927337682286308236393123795600647814633542984,-0.102780528551613574935786284282397282136584211356719407201515,-0.459543449422167177651673028425265610361846761194798535151280,-0.299992426978918230231315835172863795857028213472055432787165,0.480217457269561678555975950047573151147190347870359922652505,0.0717059006015590589977461265004293312322774342188272871744612,0.163220906252993454914956979861098462620733390759375143202662,0.0396845882492340810713523121659216454376359412207065131229187,-0.137733604297713690263862812840598232931544208290262324208312,-0.0356434913940501685244310161852931306517963733592679286053449,0.175331934246308106069698265073237206512143141387433043016562,0.0360228060482714173038211127255491473193648828118815746774461,-0.274887655291839190224166276366659616259431654386634935656967,0.00768368941459457234006421776416958147292917454370674407058975,-0.143037992772579096724415864702203438095433658628335503732938,0.144769408028497936086173781622561059125885658446841169828891,-0.223967609552529915585700244834880815631642907664360858438027,0.0215325541100961886817850860860165459585584776961620797374608
0.280234998707350138313545614569102943209998385910126290287204,-0.401051390836147481810856557680949894657933142047153202914437,-0.0247915621468271675705617558492663493601393496745023251593842,-0.0814329468284961149101267922311725325372497576552957996812256,0.228739322836555554127113004499529317249873969402478655817408,-0.394415354056111617589599776834314123204698881992567135522028,0.184112530548654695566677951609315170871556982723044497473785,-0.219644518351998288451934397485116504823288981305008915190594,0.364982144516395916430858386215025417241822536388299948536285,0.0636433731151788033799270715060113800172144650823682445679155,0.231282507504459778166403602877466971167715383916151723149036,0.0466478267550309834649906853004009070038130480293944723501062,-0.229585186863710261402915400850341161894100741441837151504432,0.223716384157674940447747739215102629766276937713408147456044,0.159664565296252994545744565139466598978099187926397468034845,0.255846454444190783879685379099712611829788720878514387452780,-0.175416862166966950793460305026569651355870596556062058542656,-0.193025877371330581448231708830081412167847544595788226438521,-0.0691501465580031134092063943187356861396281943323419961434071,0.0624776976848460123653863299165248587845482248517871182792033
-0.214641910422240714238368784435796758183647153549731090606932,-0.469380035076124572247696467475742885826450264986619056387989,-0.203417824342147870562944097751593564430416875869043087831542,-0.106085464437375149912481859253684761374743751123717277332356,0.0889405777872396237743816298684843984441459189317373465019550,-0.286295488014789082338809272285940634253024163082121986164050,-0.134408640144579724863476181380503148997639374407261721926814,-0.348622990669780774805477338458792057479726713771196736058014,-0.0829476312008623514454044124272127239572026616292717059959923,0.118699780715338016121479222098104151917351399354465357212053,0.270937717326636574237478141150413356913513462122533253920297,-0.339262255938284099783434836783256044203206025079572727555413,0.160275478212622628857096494111881696082457395654880515383358,-0.220611281605371296518590181353074839346179178894622623087935,-0.187624216879191731525270658270154942621262021420477162909207,0.0615199341219037070400395458000293555412801821168478811777105,0.168609781981205339780603213335231636775293052106982230723155,-0.193025877371330581448231708830081412167847544595788226438521,0.102691525306212063654442087705506429436980349250793045772444,-0.229006780836381552169098131561936906633093038438121392444305
-0.331994369856273397885070117408174244912865189755036059802332,-0.000960705843399658303544352379280895596184355299135430789768180,-0.196718687318237825743909174087804672632219562086878137712811,-0.440290547061069336284019655210069276069552267352816146081785,0.220525919324762175247759761176668683680065957761692705089957,-0.183094575936376454426705701217235742991519361524224936519062,0.269857919681469510267160026563581450574800960377284172866876,-0.0737875795340168039830491854552354447480247622339684248192975,0.190838560077394972569719496953436713639790794210064203801332,-0.387574166790068293043386996712206414229068833713658542689130,0.0984789954489861395900489295605039284791787015499659506026958,0.150534203094780814674604275495482137690054634786525455929043,0.0809503118004592273916054118875537298800500247746093033161986,0.321856248203142790635673070385736816140843687241994124906225,-0.187624216879191731525270658270154942621262021420477162909207,0.0615199341219037070400395458000293555412801821168478811777105,0.168609781981205339780603213335231636775293052106982230723155,-0.193025877371330581448231708830081412167847544595788226438521,0.102691525306212063654442087705506429436980349250793045772444,-0.229006780836381552169098131561936906633093038438121392444305
0.0929693174175744383113399013562393727370235594649843570296285,-0.330484077316827708696206523835126741257984248202105014231686,-0.0375413722051102748166908311399509277884177775728682033980398,-0.375080427353817131566923755488346605818261584412768413823143,-0.0530280982905956653895871778758691623542130667509990479783881,-0.118556297708052084951262799048401663109030950050000076872390,0.510143216169567976023163045124922477199783884774874150276575,-0.365501545832056078037079799080780649474552892608634957431530,-0.0809422726958352861676422751755419977377592187576516762923020,0.123801278158261663922858477718098954875688378660355086978087,-0.238549211855040540097119391829406449533073650551054775100157,0.000613602809851488599914832922528011584334730967277002633071890,0.285509433111829274252589424549121604184179902704968133676617,0.0370357088890264080680513546487287033214559340946925470948548,0.0434844014905040280244365112285612609281725381680093445008952,-0.0757259588439192674436473140053404428290619239866318349675492,-0.215959322982047559740689337614178830873802517557095945367200,0.144769408028497936086173781622561059125885658446841169828891,0.292231565098185290052284356005631504415122529958111793653818,-0.0839299688313686483817105300760868118055652105336224665238495
0.0703891638670640794913527277878370862524464111987671078611556,0.108562829815574704238351931000232769322374683381950229130470,-0.153787850935194435508969115959772250171741252295628148272419,-0.301935625458294076959923173979299730050847583418643248641656,0.243925048858781703583743110730099383411577614653106937793891,-0.206705320055300226952900541057942639299734219107988896776055,0.0363531191565261208148293195256744992382133705791295084366820,-0.351754479302067315013274179975262035868385971550689646046700,0.234420727324458475567480862672569457890246575399841081234376,0.0381832496240627108436847313909018502493121359876122129292198,0.0100821007186961508213092573533878258318028301049992717650072,-0.132371458475036556367362389371122701722282527743863204180989,0.125717981421418061166769744220973895609203541006340616367822,-0.0729276163804654110600395402273901689230610215083107807404176,0.534070914772355118823717059855678958271376852235842879638169,-0.381427470455541639006456734814683595411085572771338894006574,0.276719225537891793378664341467608276538360931800429001787757,-0.190226016786061427277356079949618969131272928156368634673998,0.0106837967159571000215098696067411338084488317086641127777472,-0.0491300824925641940329803101414581048555530643661164786799799
0.0777174100837265968380869096483122097451116325173300841729738,-0.0462903099960786907286377918372033443352850171431323271909412,-0.193871856784838479492352253142425271531090209770112520227381,-0.158938136102583798070682255402416411141351204502404332220395,0.366675413037488876921459298210857092313672589514454250416134,0.149411663541660535867348897466553941397038288219700703723175,0.343207001676467912452783428067689704083644136511695946349996,-0.109295630533203792922138523459865075503594093341452148378660,0.167324467802137699627094099101618449802788803803822958553675,-0.228089837324131513691494430383027199147586860119293079892568,0.493496997065671134198681006060410332491704908609764443780435,-0.201640985792003097411951123961552510595593200757575896982855,-0.0698947597152423266831618360795483937673475634528950032789762,-0.325094977975100228373703085927284795796549386281632266475479,0.0434844014905040280244365112285612609281725381680093445008952,-0.0757259588439192674436473140053404428290619239866318349675492,-0.215959322982047559740689337614178830873802517557095945367200,0.144769408028497936086173781622561059125885658446841169828891,0.292231565098185290052284356005631504415122529958111793653818,-0.0839299688313686483817105300760868118055652105336224665238495
0.0149333876692670150285286518832687886441396897030167776964833,-0.133145490980800532006467608094567788152540750702292468562174,-0.0527677672782511374132188924047206853863328397568190802734196,-0.261224878025767035916152491532552755369943930603136783943605,0.138728090290918043682739617715096298378530929432999410422323,-0.461482941576496500023755590958449208402200386800534860701388,-0.247312779695069655642475681365753373582532648295234777221120,-0.281186003224389890863663626194666279045712132123402017224409,0.0369043790416894189170393721689826887770745884998114781424608,-0.456708677016599591628046689929644375429191664553661534941329,-0.219113613207652258739819673738482115751839415144963075033555,-0.0350107121233685757712416298919976725364469775590122552882692,-0.278535282640475814099851378064933404046254032619390986663802,-0.184815043206541042054781596460248313576199278604914206175997,0.0434844014905040280244365112285612609281725381680093445008952,-0.0757259588439192674436473140053404428290619239866318349675492,-0.215959322982047559740689337614178830873802517557095945367200,0.144769408028497936086173781622561059125885658446841169828891,0.292231565098185290052284356005631504415122529958111793653818,-0.0839299688313686483817105300760868118055652105336224665238495
0.271754810049001683952278270143716156194077460061006126705624,0.140115304606895978886050354707235684960794288715189066328989,-0.0390447094043086580580896689407087733122824085109570002003352,-0.473286461586097098320034264009895303395687422649747912830626,-0.269250764456558398171546439134831332853424701501259322493776,-0.270813308699084221390413617308363406210819166362391165155019,0.233030797129804983645740900391483753366064662468796082904738,-0.199343541360518906417546829553283448804393123328113858916934,0.121438919243602374866151461792818051489742484787688593952093,0.0845280961631826539143873168478913474475222042537375871808523,0.173516729846783281568825931674735920322127618285638723469616,0.105915636993386108536404992761828362906951280419780498087375,-0.268959792128820976586214567853184601960247803155725006187316,-0.371338159527250528335950699232332502923827796322193402497081,-0.187624216879191731525270658270154942621262021420477162909207,0.0615199341219037070400395458000293555412801821168478811777105,0.168609781981205339780603213335231636775293052106982230723155,-0.193025877371330581448231708830081412167847544595788226438521,0.102691525306212063654442087705506429436980349250793045772444,-0.229006780836381552169098131561936906633093038438121392444305
0.0703891638670640794913527277878370862524464111987671078611556,0.108562829815574704238351931000232769322374683381950229130470,-0.153787850935194435508969115959772250171741252295628148272419,-0.301935625458294076959923173979299730050847583418643248641656,0.243925048858781703583743110730099383411577614653106937793891,-0.206705320055300226952900541057942639299734219107988896776055,0.0363531191565261208148293195256744992382133705791295084366820,-0.351754479302067315013274179975262035868385971550689646046700,0.234420727324458475567480862672569457890246575399841081234376,0.0381832496240627108436847313909018502493121359876122129292198,0.0100821007186961508213092573533878258318028301049992717650072,-0.132371458475036556367362389371122701722282527743863204180989,0.125717981421418061166769744220973895609203541006340616367822,-0.0729276163804654110600395402273901689230610215083107807404176,-0.0640975222696934520881453128977850017252578115175921492041443,0.260594739061745355604327689916319745226413456232389971096171,-0.0192470619450737078902809654896219247493407744187819629299332,0.476969871441981510210277005652134309299673417132410999882044,-0.365436308255382845617719515538107479829408580482543533512708,-0.335519775200322340525704571094029608026724904022456580022574
0.0164069030954197920024404150925211056653786217924554854167574,-0.0503827344701102532752833678364506369150564255377646787500342,-0.589713955957346743404274019948239103371408529841311857506514,-0.221609113576575768064097127071751503202094408378904363812210,0.156067658271469237258273152570071782610864581999785821217041,-0.363935570060693394484022721907170484662342838641176903080419,0.190563241082750705664245276820669161305560047404595741392608,0.150536306585754292679593712232490873435169825742127995858394,0.00232025474463216326571230227030724456626279534676220181808380,-0.0686310360838991398018381432255648077937678912534214991996357,-0.116081809910074948211921389402284516958503525871112829271929,0.0544633017208728887463618208471520073112774853075031099212443,0.209205346394020535596479172187413799745458118574306604266190,-0.389805507235730317479504397223756144608473215418530171627962,0.159664565296252994545744565139466598978099187926397468034845,0.255846454444190783879685379099712611829788720878514387452780,-0.175416862166966950793460305026569651355870596556062058542656,-0.193025877371330581448231708830081412167847544595788226438521,-0.0691501465580031134092063943187356861396281943323419961434071,0.0624776976848460123653863299165248587845482248517871182792033
0.0703891638670640794913527277878370862524464111987671078611556,0.108562829815574704238351931000232769322374683381950229130470,-0.153787850935194435508969115959772250171741252295628148272419,-0.301935625458294076959923173979299730050847583418643248641656,0.243925048858781703583743110730099383411577614653106937793891,-0.206705320055300226952900541057942639299734219107988896776055,0.0363531191565261208148293195256744992382133705791295084366820,-0.351754479302067315013274179975262035868385971550689646046700,0.234420727324458475567480862672569457890246575399841081234376,0.0381832496240627108436847313909018502493121359876122129292198,0.0100821007186961508213092573533878258318028301049992717650072,-0.132371458475036556367362389371122701722282527743863204180989,0.125717981421418061166769744220973895609203541006340616367822,-0.0729276163804654110600395402273901689230610215083107807404176,-0.478920865896753036264608488493710708767400477521533525116708,-0.248490047911724389191215964379917820990008816716360861035853,-0.263322892349295232073678603948973693874149848520685362613697,-0.190226016786061427277356079949618969131272928156368634673998,-0.0805535387352268340965752035131133528533964374656600605549556,0.377994414752050239537117321960459736094012936819354487924503
-0.233208894622243963585371562145113597484663235901482366009374,0.0140362214313061550489902063307367699045287101016499139971786,0.0456298168834890013162940605307576068313882622736054042074699,-0.0245565124642367108278622800988106650767422483526842538859460,-0.207378893908707237501761495201499033509536318938907410839581,-0.0633573114629099034018102249867009465665298208274513909472572,0.176923566063615695804460415275447791968991048179229782147372,-0.599272194610954019028525916418290396945650283157332409186497,0.302455120390486931131915993902312506190563684524041005791326,-0.338040790297348014014634625555876653398090602977137126794627,0.0979500450875276160857438490387803019926055409784945442101529,0.0379379068685044790655472716865394981323503170235234959058117,0.196652633467826232523940888249782897962256685761462325092914,-0.286636259611334200946712162144639075817655026950993593458389,0.159664565296252994545744565139466598978099187926397468034845,0.255846454444190783879685379099712611829788720878514387452780,-0.175416862166966950793460305026569651355870596556062058542656,-0.193025877371330581448231708830081412167847544595788226438521,-0.0691501465580031134092063943187356861396281943323419961434071,0.0624776976848460123653863299165248587845482248517871182792033
0.329366642182652995850861044423531092048850744725639830584457,-0.117959615286643702590658079124457558178458092612040131142645,0.547375366686874615500476648482514710124313228306434369324418,-0.0681749420180481355995797621118121076582207665926748727521622,-0.0868138232941614317959624482408672298066463307796425964945486,-0.465464995643058114399611040034345527005090134095046838007321,-0.0949643136018878240653723220337690718747893280755475810693869,0.264187203229660217875526397397663784871967416822772677237368,0.000100596962825665630879046231601221889302501166457193437730787,-0.158395289255083391892264454965430567749771756336305495272720,0.131207512826720986614554512277357934405818783719266562782819,0.149569826182019186122804821811135759907099188137511245297629,-0.170070727701027253637752475454885199802022872288753500282604,-0.0951997982114053578135218217961318066518199524290053829559304,-0.00657773068154471887205685984472261405374550554634808544618388,0.127663602993465732599968061380401657057788335989955883622123,0.228616834945007916513282627426363724654911668508072949425596,0.144769408028497936086173781622561059125885658446841169828891,0.109511010569421786478817242939569555189409135801384395854516,0.257114157097680811703275037170196700785111829197765273628132
0.158254604318521768311591018831058965244155097311014088153588,-0.150889674656636292821923758450744833475853179529614897330759,-0.220985039845338544195091812475836131116976021901673759303290,0.0430569753828826005200910232531251513545451948321369217145723,-0.241685590088009301860534630033763291437108080681377200449617,-0.0146905587336155208317925116660853824362309705979007780833893,-0.0840525735865798161775444327975919764055341286952548136731978,-0.133029238892729107435075070011622335533458606444532049831475,0.0374431103233928328959031563541238727724631430686352044576451,0.0217122399640382488609431334939942793232214422167745935404123,-0.116004170221520287219721894074665716244334405259561364440378,0.162790142063913913867456461139625767250240922764694936509975,-0.774995860418688671149637686936331644053383892251991142284524,0.0894153421960540125398056866815798743130441944854675373291170,-0.00657773068154471887205685984472261405374550554634808544618388,0.127663602993465732599968061380401657057788335989955883622123,0.228616834945007916513282627426363724654911668508072949425596,0.144769408028497936086173781622561059125885658446841169828891,0.109511010569421786478817242939569555189409135801384395854516,0.257114157097680811703275037170196700785111829197765273628132
-0.148441779990870872507891971381896554712740124201071510248051,-0.177969943809545436718492442791355998085359819827079160815952,0.0981472107235448706975293293547062206967947125471323896291600,-0.0742409836390203723427135267267913732966714033322695708415716,0.0973358992980031186350721744952082974271491249213889147226979,0.407465762323148728222300115594089455117229226127823088525485,0.0156277850659053835941572956169319137046196170717638297707855,0.392890090921785642755226756601233399862325005621965490182963,0.142785148132877899973417544049083432669583911785517609059463,0.0425062807902255299891579176085190073560394830945107353070202,0.455684717529337375697377329014894504673899193763639642740262,-0.157482912562231593294474796016518443235007173955796973385653,0.415466290382614905081228559097713430073186968780744676291387,0.0782058823634842041392425838004659693033409780017400240302640,-0.187624216879191731525270658270154942621262021420477162909207,0.0615199341219037070400395458000293555412801821168478811777105,0.168609781981205339780603213335231636775293052106982230723155,-0.193025877371330581448231708830081412167847544595788226438521,0.102691525306212063654442087705506429436980349250793045772444,-0.229006780836381552169098131561936906633093038438121392444305
-0.211225802405330454317450229146939975813712067015384816724541,-0.264825124794267277996322259048720441902615553386239302187185,0.239251300230132212776662690092410806841552082560425829583121,-0.176527725562203610188183762856927717525264129433002022564782,-0.130611423448567714603647506000552496507992535160065925271113,-0.203428842795008307668804372830913694682009448892412475899079,-0.574891996305632184501101813816511163961557167735166893800330,0.220999718230599544813701653866432196320206966840015621337214,0.0123650593724296192633628171164476716438696964815061286482483,-0.186112558902242547947394341938098168925565321339857719741741,-0.256925892743986017241123350783997943569645129991087876073728,0.00914736110640292834623469805303639482413904924276666830893274,0.206825767457381417664539017112328419794280499614248692906561,0.218485817132043390458164073267502451523691085678458084329746,-0.187624216879191731525270658270154942621262021420477162909207,0.0615199341219037070400395458000293555412801821168478811777105,0.168609781981205339780603213335231636775293052106982230723155,-0.193025877371330581448231708830081412167847544595788226438521,0.102691525306212063654442087705506429436980349250793045772444,-0.229006780836381552169098131561936906633093038438121392444305
0.506097205374484692955415483701582609764935468271696774887326,-0.171258771187649446869925754866026746073250198445722156432055,0.407974582900569154774472877649432844584680533173366331502053,-0.164170277520160053629288259283936697040580899871641345194179,-0.126430605813676302093916776710717648672744889090040774425280,0.296816586989765680012796699090414960850541413883635073634819,0.143008942003513918571160814193022715744709267581380751886178,0.168613112069137252643009855239813973569811456895093676404337,-0.00914367439780058840150044348369986597368885105311508689571796,-0.0215267319933821207941225199889241508857463684396025271791448,-0.371394820308978136967088807263911346003706035604877411916443,-0.00315196903224539535697103169821419767396803025448495441448090,0.181214650840886508985264699582466204248605418436832004604644,-0.170818418551801923964570547043715617746066874855853136869168,-0.187624216879191731525270658270154942621262021420477162909207,0.0615199341219037070400395458000293555412801821168478811777105,0.168609781981205339780603213335231636775293052106982230723155,-0.193025877371330581448231708830081412167847544595788226438521,0.102691525306212063654442087705506429436980349250793045772444,-0.229006780836381552169098131561936906633093038438121392444305
0.420595978522726573085522450348577702992610003274094202344342,-0.0852073396179666329216782828923777114140230449317909938468690,0.179767836825033969448673215241092288479804522069967812666660,-0.182572417965178687951954071005491520587473698580131098473420,0.290614945303491107739943047732534864132793031392007884807919,-0.0355223738573213444548554777778733317923461082036724338326571,-0.307408875921354423249868672486865085151294506278135880615610,0.356206954667898128627330060120433590821365361901927279473094,0.289315607320292644912518945001636506877943167113573608885391,0.301659666874973447900565506525653370087149332049362702915301,-0.00858053772256064144454580137683285109680295863277964504433988,-0.107821223945098422540271805244219090881235183906732776551708,0.103133132213528293558850668884581550955562802017531829776712,0.279971534184658796139296476577046783285722331177278068047179,-0.274887655291839190224166276366659616259431654386634935656967,0.00768368941459457234006421776416958147292917454370674407058975,-0.143037992772579096724415864702203438095433658628335503732938,0.144769408028497936086173781622561059125885658446841169828891,-0.223967609552529915585700244834880815631642907664360858438027,0.0215325541100961886817850860860165459585584776961620797374608
0.116996538251211991672297085298453065759753250121669804261360,-0.179733423190264779752020280917458178610214160051529753543120,0.379183842573628011363378320879788482296955036935932617671213,0.0948082223863921697814532538245740270622914548817279770453787,-0.160689611242132194540039933243703570764006355956971344586902,0.107826363868512542191285433063536610817713958732698543717042,-0.166837466822657918619515838621424165739586033372805871533387,0.108691031708924717760712075575298317267680971095480105067379,0.357345636701029240869977272208026487819533310229371181373548,-0.0745641047740038065161254733173876466341560555466512846265729,0.0792867476403643676911976099413653623968336126907065568436975,0.0624886567142373855839817182045626780775126159177041355822685,0.174065573655938742424584944904230612480135716642724939660243,0.0662629400991142962368337384356422816946731004782291113416510,0.366862308903685613110612944302729988118468859820044551048846,0.506705973232721695666052055316870870452438977671173236868679,-0.0513582592343337555697546182993307516920118516103571796228563,0.141967097851132099449573657073170783612709147746531769406974,-0.211898702062695887693106536462944957923550100052527954298446,-0.294913120058936814843456508215899831469549410568564830657391
0.198485977534669540405706797909546478844264755256981327250765,-0.310154728946946310421415698506642890641716215230236198588358,0.242098130763531559028219611037790207942681434877191447068551,0.104824685396281928025153636950725147402936933417409791296608,0.0155380702641589870700520310336359121256140965926956200550632,0.129077396683028682625250225852875989706548200851513164343159,-0.501542914310633782315478412312402910452713991600755120317211,0.185491667231412555874612315861802565564637635732531897777852,-0.0111490329028276536792625807353705921931322939247351165994082,-0.0266282294363057685955017756089189538440833477454922569451783,0.138092108872698977367508725715908460442881077068710617104011,-0.343027827780380983740320701403998253461508786301334684602965,0.0559806959416798635897717691452262961468829113867443863113858,-0.428465409046199628551212083045519160413701987845168307051957,0.0434844014905040280244365112285612609281725381680093445008952,-0.0757259588439192674436473140053404428290619239866318349675492,-0.215959322982047559740689337614178830873802517557095945367200,0.144769408028497936086173781622561059125885658446841169828891,0.292231565098185290052284356005631504415122529958111793653818,-0.0839299688313686483817105300760868118055652105336224665238495
0.0811335181006368567590054649371689921150467190516763580553652,0.158264600285778603522736416589819099588549694457247427009863,0.248797267787441603847254534701579099740878748659356397187283,-0.229380397227412258346384159005659367291871582811689077452821,0.147123411801681538543430162341820197361534135422650978643066,0.232278308761441310537353796921580880968053002409410213988147,-0.0972763544845845471848422043683183108802736568162092255235197,0.460327078367176526697040468865359178296339587269760209016569,0.262637158375429670335861328645278845403861161914600793197916,-0.532902176941712077760367994419229519990503580813616156846362,-0.0343666130049514572799204858740009679914536835038566862135895,0.146768631252683930717718410874739928431751873564763498881490,-0.0233444704704835378757193130791016700555244594935268257557740,0.114002120762314458603051168693292495073320878291448440942202,0.0434844014905040280244365112285612609281725381680093445008952,-0.0757259588439192674436473140053404428290619239866318349675492,-0.215959322982047559740689337614178830873802517557095945367200,0.144769408028497936086173781622561059125885658446841169828891,0.292231565098185290052284356005631504415122529958111793653818,-0.0839299688313686483817105300760868118055652105336224665238495
0.0455956199744042146062993891135073917362257033426045322846001,0.00843567079342923289619570375308303121071948603124223270397796,0.252974358104074692131791913556422718915602513806287909656206,-0.388589309122533672592065535334270265551007621479613151451803,-0.538590278196044156457933562850480127739948166094324658187212,-0.0127592099175960290354623991808278924906282284542687803527092,-0.0945484194807575452128852320592740370129598569711360336744725,0.302842180094470529259818450507815026561525975635303779644689,0.0968995995743425752124749067402830343565375927693832444578803,0.355124214277539697595039664839437553951148547467541402380440,0.135704450310449523067522254629220092504321903439513922429442,0.150073710223157612653881320706862430267537307221559421684577,0.216401257969036255178175827324077221880286729077914673383047,0.0319627008113339041769949704954182621760625679611788880086621,0.0434844014905040280244365112285612609281725381680093445008952,-0.0757259588439192674436473140053404428290619239866318349675492,-0.215959322982047559740689337614178830873802517557095945367200,0.144769408028497936086173781622561059125885658446841169828891,0.292231565098185290052284356005631504415122529958111793653818,-0.0839299688313686483817105300760868118055652105336224665238495
0.116996538251211991672297085298453065759753250121669804261360,-0.179733423190264779752020280917458178610214160051529753543120,0.379183842573628011363378320879788482296955036935932617671213,0.0948082223863921697814532538245740270622914548817279770453787,-0.160689611242132194540039933243703570764006355956971344586902,0.107826363868512542191285433063536610817713958732698543717042,-0.166837466822657918619515838621424165739586033372805871533387,0.108691031708924717760712075575298317267680971095480105067379,0.357345636701029240869977272208026487819533310229371181373548,-0.0745641047740038065161254733173876466341560555466512846265729,0.0792867476403643676911976099413653623968336126907065568436975,0.0624886567142373855839817182045626780775126159177041355822685,0.174065573655938742424584944904230612480135716642724939660243,0.0662629400991142962368337384356422816946731004782291113416510,0.106725531728295622304556743475658521624893340241303375102344,-0.625474576544019405916514215692355672453572514867471997844000,0.308561107107734631902114180645664409179179064075634497051825,0.141967097851132099449573657073170783612709147746531769406974,-0.141566093839816822578325615225783075998604513461424573137619,-0.0893961707455831364496208264041334145689688852725423349719091
0.116996538251211991672297085298453065759753250121669804261360,-0.179733423190264779752020280917458178610214160051529753543120,0.379183842573628011363378320879788482296955036935932617671213,0.0948082223863921697814532538245740270622914548817279770453787,-0.160689611242132194540039933243703570764006355956971344586902,0.107826363868512542191285433063536610817713958732698543717042,-0.166837466822657918619515838621424165739586033372805871533387,0.108691031708924717760712075575298317267680971095480105067379,0.357345636701029240869977272208026487819533310229371181373548,-0.0745641047740038065161254733173876466341560555466512846265729,0.0792867476403643676911976099413653623968336126907065568436975,0.0624886567142373855839817182045626780775126159177041355822685,0.174065573655938742424584944904230612480135716642724939660243,0.0662629400991142962368337384356422816946731004782291113416510,-0.0479610347233739710658502312931957189236738061838968248637176,-0.00237881374074804912949159897936669576398329527757759526334518,-0.295434089638555279753152256758682520816820925712260579306620,-0.525228790376910838038059428528582494818237197542247865149068,0.0729840674574601238280377755620491690524620429643555186593071,0.418601069893435765219365384838589512651188430273246237289686
0.0630146211623561425285602806281808184528271565167983967962922,-0.338681113372579586328035524610075478724307275580690863642982,-0.0567383323151451006424636997520824766103691685223025505759241,0.175137659857327308643334376582602431470490018257192764987772,-0.248549985458032711345273613213431045477109766921850469913798,-0.0494015667801777102997563046972591383949323105883140694602713,-0.0126288432238567618298364624658081345056876002276493954876043,0.610985212922040641957784189008633876200798931002338073592195,0.125246070569510332896517020123003269561007640307719781371350,-0.181379221880980525358805227960683697121511162106569756504665,-0.0468766526733258839722450776280054189824232832221288989350126,0.249324853808676914912214774716063863298608982823647325372708,0.257553295143696447131778772663097510800754623080441173483437,-0.250613924364958072690729366550393854095551053549573485677377,-0.274887655291839190224166276366659616259431654386634935656967,0.00768368941459457234006421776416958147292917454370674407058975,-0.143037992772579096724415864702203438095433658628335503732938,0.144769408028497936086173781622561059125885658446841169828891,-0.223967609552529915585700244834880815631642907664360858438027,0.0215325541100961886817850860860165459585584776961620797374608
-0.0928479148068675288133947263656388377020516185375144539522358,0.329880272649487003938168481119308953148438807217012123064746,0.250189215855350138335529031621116244671332134018075542033514,-0.125695983600919283869689558873129653126966189277519552678141,-0.145503271441771683888931451968493486626617256949378181849070,0.295535668735880369732934074069739844845822952961443310742114,-0.314597840406393423012086208820732464053860440821950595942023,-0.0234207215910576019492614588127403013009959399503962145228088,0.226788583194383659613576552688923595826684315249314666140432,-0.100024496537553369493996190536234663328155736010142668447241,-0.141913000139492803525205555215519520271912801570436823983223,-0.116531143831624926939715218858080499752697914912603752996003,0.529370952545064787485706957984705610811920229220831306374058,-0.230381109584350345255163424782694922298209633487123672867253,-0.274887655291839190224166276366659616259431654386634935656967,0.00768368941459457234006421776416958147292917454370674407058975,-0.143037992772579096724415864702203438095433658628335503732938,0.144769408028497936086173781622561059125885658446841169828891,-0.223967609552529915585700244834880815631642907664360858438027,0.0215325541100961886817850860860165459585584776961620797374608
0.357051397461622382706290413780448061555167475998141759480676,-0.235502319260773880941520944008996673268095406406860630451353,0.119019113871863661585529470214277357187714385074953693882711,0.620532590989218068774273883779580111223635628239671036886729,-0.00415019931407789148830229439457620536870571008984824970085211,-0.292670822369448614158991508227528733796072294319004349381276,-0.0356708007471547105920208720493772225643446222709133142264179,0.114436941905472666750170889747638462174677697760253565354506,0.126244454130311346497251776430484762560617570034094784208856,-0.0146811308332011900901052542504672727421447577443934255662663,0.0841641419686620848767843540331001622263712657869832519211093,-0.219634641598271562175641625702238067917913934774617898016649,0.223341716625624248098821927604685569120363892898800239268494,0.169593355855437318985716331206521045059822017216266162272109,-0.187624216879191731525270658270154942621262021420477162909207,0.0615199341219037070400395458000293555412801821168478811777105,0.168609781981205339780603213335231636775293052106982230723155,-0.193025877371330581448231708830081412167847544595788226438521,0.102691525306212063654442087705506429436980349250793045772444,-0.229006780836381552169098131561936906633093038438121392444305
0.0187369200515839878045153145636827632620188209532813260824484,-0.128329851698450552569561689970121008061474880494158083632828,0.248713594027854216879128244700918192712955155850284246596451,-0.0715313092260149219401756952923345288002613984997258819786563,-0.141362553857952044521332004352356522449120767361034586797584,-0.211165959439983456839487375310882962817863443826547007669702,-0.218790061775481038577979770180247291767226452138964801395382,0.161063236718354196344964137951243539476302537147187874078958,-0.314183217401068668340768359638118364265700828856527280179407,0.144001032521319537338919985258751893568304041298341357563856,0.413946841909155634232911293904790611739373648721587741826458,-0.441496092792797090024966972062276023971554895008305749732806,0.0193349215117486210438046061640808573090094472786332739260628,0.352225545615347862745317341160143109590510033897559879223626,0.159664565296252994545744565139466598978099187926397468034845,0.255846454444190783879685379099712611829788720878514387452780,-0.175416862166966950793460305026569651355870596556062058542656,-0.193025877371330581448231708830081412167847544595788226438521,-0.0691501465580031134092063943187356861396281943323419961434071,0.0624776976848460123653863299165248587845482248517871182792033
0.209047425641708877710710032272094971611658011527785264932959,0.0214846848996387548973360334964814831892375743270008098775143,0.252814613197655255730297743349465551001071610891695897962776,0.0501068243370120007854634428892036959630365408649982824062521,-0.188744939092531097565024034860625956078977369925505266405906,-0.201581103052443987735564022353957944587117707048619997154126,-0.0206670058276009126248746838974213018158157175847972893404030,0.0985393426654465928969286179901187173792080718961183446086504,-0.257003689974954850277595785773164030439661751115183393076944,-0.192963902584510259140361118285452107766604256195903993803265,-0.230884330466884654424915488043671117673825661368098636408820,-0.201455221729819220553467625287906902286000850733202040674728,0.159479072631192106059162954778642083377200885396281586271652,0.185465864675158619899602457126218305013774223535600291791020,0.341182210954993264324506136449209493003821298096906169606723,-0.397398960791711248095339212001785815436051035046733133304778,-0.0667574299689695048835068899961730163113873951512519333077509,-0.190226016786061427277356079949618969131272928156368634673998,0.476804842117430276023896165531444715442897023503848291682336,0.0607408305097890410384650631475622297340583388319361353044203
0.249785733569244494045324514092000627111044596295467902106138,0.290667448907563766402851409669171240849918958954696294005127,-0.137582537587344655962201677495727346228036498121984523078521,-0.187054958365215540091790963110401270627612055754912968458511,-0.0742354733737224310374404816507691382824021042929861120824973,-0.288806041485887768984700824932112813227182119385601924586071,0.106181819451849391949741688020925018535972969672892661924040,0.660222533973889263830035188642526470391199076660512605995366,-0.228915331455574153629651644940598395742235371880493372365331,-0.0433297842779176185843973800649170661428152493095454988478334,0.0269273146724441117835117633520927378673566607279416586342327,-0.0477705351336401014951703144318679724570713846212299122561491,0.0682647896931465277831872842396129609720101701980593628088948,0.183031319984988841784403125289461804328215997373652330683599,-0.187624216879191731525270658270154942621262021420477162909207,0.0615199341219037070400395458000293555412801821168478811777105,0.168609781981205339780603213335231636775293052106982230723155,-0.193025877371330581448231708830081412167847544595788226438521,0.102691525306212063654442087705506429436980349250793045772444,-0.229006780836381552169098131561936906633093038438121392444305
0.264505262404975314346235585175799808302108583500632195085716,0.263193964666414649518897777824500023174563068922863052295995,0.151795259764077553598924292678259244919647125838649070144504,0.00939421991885292025934386062882645277512485557020706044138429,-0.0835475736265265020708637051956866227666796502971802660596664,0.0531935077645830559807454187587024907553351432978429450320181,0.262999008693397825920554898053649658602886019938893537370449,0.0279689993792987497498721288413381923176205714913994715138737,-0.0594875082189570927500109916443589967153874670811334289110778,0.301926882703584801370605785378404012606637731128252392781370,-0.00169024473622450212498203914662276748849791361973735727973519,-0.298818429719496720575792735446862359652755254302904815360084,0.563734439736222102294189099889980819166986802280804427654215,0.297354121358300669164259174686329399041517323675987529518342,0.237980984482879881071786624982820969385004621764973676602255,-0.0596213335641410374963849651392307957016555865470307927251633,0.130380480809618739951822574890018544314324507677358499674543,0.144769408028497936086173781622561059125885658446841169828891,-0.177774966115077160945401354110320243972888758095135331070307,-0.194716742376408352003349593180126434938105096360304886841744
0.216376694324422667238820124039576413970861673072710131999739,-0.133369097026273428396271702319255009613019214135346848500377,0.212733605634666608690196191555420019452070653287153559700163,0.193106909653820561759756968452513406600630094033578425436732,-0.0659977654224054003083931075842718907857071927244633703203867,0.154535918330494023865270845241292848376459501800995446453868,0.286186456225927342682189162680525986475053318622015668087351,0.341001511901047305643456312260806646658228372542160513358009,-0.324103573261031380619507741425010846209286081454156027338393,-0.459238694011853123391833300639163167986942793470076055478231,0.252528788993576462932357557287637096331645240148333042638249,-0.270725258470470424118408001873821094048579068220139471533848,-0.0361334195511746530363160709131817165091377770643411479409437,-0.0666995915258929516680347914602491272863764835678867317713393,0.237980984482879881071786624982820969385004621764973676602255,-0.0596213335641410374963849651392307957016555865470307927251633,0.130380480809618739951822574890018544314324507677358499674543,0.144769408028497936086173781622561059125885658446841169828891,-0.177774966115077160945401354110320243972888758095135331070307,-0.194716742376408352003349593180126434938105096360304886841744
0.000169935851580738457512536854365923961002738601530050680007080,0.355086404808980174727124983836358647669504094594110886752339,0.497761235253491088758366402983269363974760293992932738635463,0.00999764274712351714444388386253956749774010427130714146775325,-0.437682025553898905797475129422339954402803005231679344139120,0.0117722171118957220975116719883567248686308984281235875470906,0.0925421444327143820899568264757036491994039704475267026788038,-0.0895859672228190478780844400082547999896210322389477990495253,0.0712195341902806142365520466914068658820655172967854316079113,-0.312739538491366492797193862395228911747137961033261126442824,0.240959169670046676081177001793157556818465727577549032116315,-0.0642959299860085111759848635924804816359985529052095262715818,0.0557120767669522247106490003019820591888087373852150836356181,0.286200567609384958317195360368578873119034185841188908853172,-0.187624216879191731525270658270154942621262021420477162909207,0.0615199341219037070400395458000293555412801821168478811777105,0.168609781981205339780603213335231636775293052106982230723155,-0.193025877371330581448231708830081412167847544595788226438521,0.102691525306212063654442087705506429436980349250793045772444,-0.229006780836381552169098131561936906633093038438121392444305
0.209047425641708877710710032272094971611658011527785264932959,0.0214846848996387548973360334964814831892375743270008098775143,0.252814613197655255730297743349465551001071610891695897962776,0.0501068243370120007854634428892036959630365408649982824062521,-0.188744939092531097565024034860625956078977369925505266405906,-0.201581103052443987735564022353957944587117707048619997154126,-0.0206670058276009126248746838974213018158157175847972893404030,0.0985393426654465928969286179901187173792080718961183446086504,-0.257003689974954850277595785773164030439661751115183393076944,-0.192963902584510259140361118285452107766604256195903993803265,-0.230884330466884654424915488043671117673825661368098636408820,-0.201455221729819220553467625287906902286000850733202040674728,0.159479072631192106059162954778642083377200885396281586271652,0.185465864675158619899602457126218305013774223535600291791020,-0.256986226087055306587356236304254466992813365656528859235590,0.244623248725575746515445212729217525201447993956995731797967,-0.362723717451935006152452196953403217599089101370462898025441,0.476969871441981510210277005652134309299673417132410999882044,0.100684737146090330384666780386596101805039611312640645391880,-0.225648862197969105454259197805009273437113500824403966038173
0.186469332656667891063424335702829224209224713738664615752571,0.460532551002441826208636693565058976280006566422675597965508,0.136568864690936691002396231413489487321732063654698193269124,0.123249769246903015910115124584620303223442509379838690320922,0.108208614954987207001463090395278837966064345886818192341044,-0.289733136103861359091747373151345054537834293452691838796980,-0.494456987171239805745083828437026192179430513131215390127245,0.112284541986964936923288301727452562746461331976632411720995,0.0583591435185676123346706557001656897994463401763297255236851,-0.278583072471276454180299382269339317698242312085764229138045,0.0177453539111637792323176789443015662927363217863543427868673,-0.334442744652716784946949198261388043773536962829194073281425,-0.000310276016082986058251702724074189063447133043554692686204985,0.0755033692627332190414262235773523821438621109763807762474904,0.237980984482879881071786624982820969385004621764973676602255,-0.0596213335641410374963849651392307957016555865470307927251633,0.130380480809618739951822574890018544314324507677358499674543,0.144769408028497936086173781622561059125885658446841169828891,-0.177774966115077160945401354110320243972888758095135331070307,-0.194716742376408352003349593180126434938105096360304886841744
-0.255177971102001153492325318196829126567696099667020590608860,0.164588365731973942565791261292672325793653380341157141673316,-0.0529080112995469965878179480242609660843658273374221186707159,0.261674990756644847400381020800683367691333118542150690486169,-0.0123636028258712703676555377174368389385137217306342004283030,-0.0813500442497134509960974326104503535828927738506621503783099,0.0500745883856601041084612029048890571388993553833263611666738,0.260293880723454151219056101777519522249941916831294055725803,-0.0478991303086895973638871128311039410414141721441409605260976,-0.465898670738448286513419322468685066988428056540420212823312,-0.0486393700868115536995703192838628804621654165792025206252304,-0.115748265258521730966028035507156837231672348017486914437712,0.533877215289793736893342740342580460894514659115246694089124,0.267733219900905169173641662377155231434388766744852139722290,0.159664565296252994545744565139466598978099187926397468034845,0.255846454444190783879685379099712611829788720878514387452780,-0.175416862166966950793460305026569651355870596556062058542656,-0.193025877371330581448231708830081412167847544595788226438521,-0.0691501465580031134092063943187356861396281943323419961434071,0.0624776976848460123653863299165248587845482248517871182792033
0.209047425641708877710710032272094971611658011527785264932959,0.0214846848996387548973360334964814831892375743270008098775143,0.252814613197655255730297743349465551001071610891695897962776,0.0501068243370120007854634428892036959630365408649982824062521,-0.188744939092531097565024034860625956078977369925505266405906,-0.201581103052443987735564022353957944587117707048619997154126,-0.0206670058276009126248746838974213018158157175847972893404030,0.0985393426654465928969286179901187173792080718961183446086504,-0.257003689974954850277595785773164030439661751115183393076944,-0.192963902584510259140361118285452107766604256195903993803265,-0.230884330466884654424915488043671117673825661368098636408820,-0.201455221729819220553467625287906902286000850733202040674728,0.159479072631192106059162954778642083377200885396281586271652,0.185465864675158619899602457126218305013774223535600291791020,-0.287649914278665307471710858512613350260564720505047325705016,-0.232652510021217376584245151067003075753218021115495190822387,0.0772730339917374796778925218988574831418534187068547132459684,-0.190226016786061427277356079949618969131272928156368634673998,-0.542765239880645579798234884179541120223536323339986364341490,0.269044986044153725282715385861931491589316112789022508735998
0.348571208803273928345023069355061274539246550149021595899096,0.305664376182269579755385968379188906350632024355481638792073,0.104765966614382171098001557122834933235571326238499018841760,0.228679076231617085364366412000857340365197963245218923737329,-0.502140286607191843786961738028936855472004380993586228012036,-0.169068777012421217959805348701578016802192578688828379014267,0.0132474658339955774870420767327913599301630574748382712045356,0.134737918896952048784558457679471518193573555737148621628166,-0.117298771142482195067455147991722603191462481566516570375337,0.00620359221480266044435499109141269468816298142697591704667048,0.0263983643109855882792066828303691113807835001564702522416897,-0.160366831359916437104227318240810612014775702384231872279380,0.183967111360513532915522760601842129054216831184912384585610,-0.425461187829488149797982107240914087630282716819335387681015,0.159664565296252994545744565139466598978099187926397468034845,0.255846454444190783879685379099712611829788720878514387452780,-0.175416862166966950793460305026569651355870596556062058542656,-0.193025877371330581448231708830081412167847544595788226438521,-0.0691501465580031134092063943187356861396281943323419961434071,0.0624776976848460123653863299165248587845482248517871182792033
0.286764262641463214388530220886285782956368437747113349158659,-0.0248052837542014190362115153604104609776050399331945389189279,0.0589441860133873049334921972879599152072274969369933710827452,-0.108830139764365334447125848282367410888858779908642729441574,0.177927770100323645571300723953542233723995124528942129831762,-0.0521705412642972682359162936725143099265451476160269924646110,-0.197110618260356390615917197686227553944946347816842998078959,-0.0107554819276978340650023014212954166332430469458897928347219,-0.0896804560143793059128313107317773343336480668563736904609174,-0.421052057986536223181678234788217354316124708227882970295633,0.262609027578661231483866219887214042359770157297489011143018,0.0258106728010079232911240155774972524144374877731674310800588,0.0895848283161219496503118869924170517015144492630930351520000,-0.139626716067183348933394417309567924688734831657889910720567,0.242600264419897127339514775017367660589167827201416281032656,0.307186500761228693651579048051987626205370391383266530717760,0.133914970230407297949677723400429548873409979892315359238519,-0.525228790376910838038059428528582494818237197542247865149068,0.253517311837107170586656078263930686444463062112439786446701,-0.186327854992804773785832584969869623931516443170092980579835
0.414156831996124197763500403204294517259540103466325100708418,-0.227987047747258080652270934586671423278157367715184585301857,-0.0489116292211673161472956242080977318959407166698493742304065,-0.0787371550942551601028416069894517363906817788364273426095428,0.250635910364367020848223296697608328370974176816071589545076,-0.286775970296201606736700867577018049891317541470463716685635,0.0243828428155435122077452164869179098201894151464045623264312,0.100570641243977885971634249293073892675792300418976342929346,-0.0494089319579231421721489984781009088049063351082421960005215,-0.349217375006923628092096669068926751537617689007193154842364,-0.268039015192187931940692703388420529734097480765277624144002,0.294167031140242770829932126966495215222711910622332867932665,0.311439822051454765666646460269681423262461339967677185145901,0.254367756784729765666139181995657244464104096554786570039479,0.237980984482879881071786624982820969385004621764973676602255,-0.0596213335641410374963849651392307957016555865470307927251633,0.130380480809618739951822574890018544314324507677358499674543,0.144769408028497936086173781622561059125885658446841169828891,-0.177774966115077160945401354110320243972888758095135331070307,-0.194716742376408352003349593180126434938105096360304886841744
0.0139994690996619768537368888076101330858104979541000886768970,0.131813278420633586256657843606209128596035090830025055289189,-0.182011935465991019880154068355758480806007074202328882402115,-0.420880563248178326963329733905543550395674718216840182564101,0.313207212129753699429630693640851471771359222291475967666605,-0.108650830468906933984510413828325796483903316885738331564002,-0.321499204058051652166318239915480835210003201825924458280091,0.0309812538800792722029379490087622148135613529875604704622296,-0.237146252812218646697173903804615394300354815095090438824145,-0.0377108589130612844327648850600502691471721794404370662607610,0.155593527284602595392138436411676346997620452501589795675607,-0.124892615729117975953568652483913132299670164952803779599254,0.526598590262845974466520702117736765207361742299593755238363,0.124481531793195411258040489473662055778164290025192767102922,0.0434844014905040280244365112285612609281725381680093445008952,-0.0757259588439192674436473140053404428290619239866318349675492,-0.215959322982047559740689337614178830873802517557095945367200,0.144769408028497936086173781622561059125885658446841169828891,0.292231565098185290052284356005631504415122529958111793653818,-0.0839299688313686483817105300760868118055652105336224665238495
0.404065557975125737192310910004031103927801166485326857891983,-0.0357242039352323797467095381667082078282938808527763686674665,0.220718189380053333133029258170135557823864044376346610802572,-0.499464408245040701665299846929412784385130436291181350689839,0.0833441831017015432361584861141470090661928364706832691382073,0.105984894408414076415407995393209949723168057425275605345133,0.249316881010676271253143133923611710082089200147944351283572,0.0348890510228751001912231538693898719778822649682975043267828,-0.144853391093903903435912123284829188243468582181084291922041,-0.0789873073598883285511951895042805026209458395150619925626787,0.397956909793149654096994766985381137784491444657764156586440,0.125647336344919355979936292709036995964155216462345815310359,0.0746741166957129397561357005217723716433843908758258889403453,0.284777558134645338958255791234661856461595760605242782930937,0.0279596515829387369795260931306883436431628334940796948743617,-0.317366388566094490919724924899741967371068902995362268630490,0.00680708018576161101285709169133801458057754444907982781950094,-0.193025877371330581448231708830081412167847544595788226438521,-0.0335413787482089502452356933867707432973521549184510496290365,0.166529083151535539803711801645412047848544813586334274165102
-0.0797537926487781073921200814362049139093525846855249120007062,-0.472329151700016595685272587955987896457125856328263338671328,0.146404289204349485862421280750039508115088415372210286702430,0.0770056813224073227859290485231293723271336493440922450280759,-0.153286054066683802786746115375656903199534188619689552454745,-0.153009807387181522934988295674855241628845562621770199633225,-0.0331698818946500008438533551057778749983993604569892170709089,-0.0844213128035307955981360318206448780654638849591656464676579,-0.0385538997912372055480297447385304589417306008594065196199856,-0.388475338469937314510370404814811148544850317260579781913176,0.464661729748372079242764152440255267238219037699505094205899,0.224437987058815456217546791929618721572709564499467684754024,0.242228219935283331040054232858497763412994703346359343174465,0.207417964636983800355266782785080192771641058430279532462371,0.0434844014905040280244365112285612609281725381680093445008952,-0.0757259588439192674436473140053404428290619239866318349675492,-0.215959322982047559740689337614178830873802517557095945367200,0.144769408028497936086173781622561059125885658446841169828891,0.292231565098185290052284356005631504415122529958111793653818,-0.0839299688313686483817105300760868118055652105336224665238495
0.363367026536043714137541335672705753888807160809599002080999,-0.0936222099188584333112429154254840947332883450822170925669965,-0.201065023484262432538419667355728456463889383720162178590824,-0.0218037757381432408522814832321324399729074375939873350057766,-0.0153742683052741318420939524079657420626224684354507488906794,-0.263845527725526325490905367164471218843929534064441930430926,-0.139825436673729549390677428261270589428636533271700449751100,0.199291658270124173649353506556445314911937488051702722610336,0.0331202497389627484992009538940637276883181183080148901054201,0.186917900729934969648958082088614168380759200494316237513783,0.634078257043924722702550435004617312786456665338912203379622,0.0952175215088618667542290799145371948785694125542758911198247,0.195781357663902957784790340044190317246745062381255547329129,-0.189802350030377425201671456778230487551159534151807796464395,0.237980984482879881071786624982820969385004621764973676602255,-0.0596213335641410374963849651392307957016555865470307927251633,0.130380480809618739951822574890018544314324507677358499674543,0.144769408028497936086173781622561059125885658446841169828891,-0.177774966115077160945401354110320243972888758095135331070307,-0.194716742376408352003349593180126434938105096360304886841744
0.607661853463282263705349843075570481907657991267511163363992,0.215138849935316490046032312111019785265265279170276253549687,0.238962830931056510172431508165131013727878276352695422190323,0.0195059889575333334951827082282272894346292942517131872828686,0.0251011439456002170328408118937286733874849960616171610525192,-0.0970334320367629182104054421461644890105884950994099353501747,-0.0959123869826710461988637182137961739466167568936726295989961,-0.365524888879075456488995840980617184727626435469615693037551,0.322400083218131579741285391786498539449443273236458017698126,-0.0432338900205002181455646644958132802163308829760127630103950,0.115409367100967275816758817617006334765249213723736858511803,0.148421170737920771685799865790801179349644590393161460283033,0.252440246853880089338844283517743075313010266189729110127288,-0.0396833102582353433580068224885363670678783075597641807177136,0.0434844014905040280244365112285612609281725381680093445008952,-0.0757259588439192674436473140053404428290619239866318349675492,-0.215959322982047559740689337614178830873802517557095945367200,0.144769408028497936086173781622561059125885658446841169828891,0.292231565098185290052284356005631504415122529958111793653818,-0.0839299688313686483817105300760868118055652105336224665238495
0.286764262641463214388530220886285782956368437747113349158659,-0.0248052837542014190362115153604104609776050399331945389189279,0.0589441860133873049334921972879599152072274969369933710827452,-0.108830139764365334447125848282367410888858779908642729441574,0.177927770100323645571300723953542233723995124528942129831762,-0.0521705412642972682359162936725143099265451476160269924646110,-0.197110618260356390615917197686227553944946347816842998078959,-0.0107554819276978340650023014212954166332430469458897928347219,-0.0896804560143793059128313107317773343336480668563736904609174,-0.421052057986536223181678234788217354316124708227882970295633,0.262609027578661231483866219887214042359770157297489011143018,0.0258106728010079232911240155774972524144374877731674310800588,0.0895848283161219496503118869924170517015144492630930351520000,-0.139626716067183348933394417309567924688734831657889910720567,-0.615704949797541434378403798563167765901042356130759923756159,-0.182971839498225413320202798226235576063142072151649838892173,0.197868049089510184152601215388194508456899189359096071195510,0.141967097851132099449573657073170783612709147746531769406974,-0.0522701849113537099377923856437560452684487634876644786829284,-0.267200598387209241884721164110674710202107757530410586236947
0.174627829820115237161423859250589866394593402275018361103149,-0.105817652910228938927777121837778092570823776401696693696385,0.323131355136550066206506384897105383092907878465964720403614,-0.355067020712655525361133810950107765421768786575692369279089,-0.314481257412976544934327669638339705899043157155714863481194,-0.0855338428932698983923012584298374824881191502812328294022570,-0.251670771830636630240913292932085817988502326919701315562038,-0.378287679020077799479049233466375982220208381117453332713401,-0.378220043176211198447972637597828243080451843684887458398790,-0.141001835159682621634319058403377824396190659227936955817738,0.0612147343868470939111291559615462932923317415978554593688039,-0.0402907162805590926284502232024853803886333673743569438067232,0.223135348604946143743964615191305879533313555334363241580185,-0.171492561269836682156645040581096582963706600956907431373618,0.237980984482879881071786624982820969385004621764973676602255,-0.0596213335641410374963849651392307957016555865470307927251633,0.130380480809618739951822574890018544314324507677358499674543,0.144769408028497936086173781622561059125885658446841169828891,-0.177774966115077160945401354110320243972888758095135331070307,-0.194716742376408352003349593180126434938105096360304886841744
0.247503126255573279542171610215896700827304282070329910396074,-0.211225315737532798555508702000376864203431529704944768959543,-0.0876025529712579251529518582188324927716542525935247045833257,0.167946974361313254046794665119989626801272596979794090524417,0.0807577925962597659164568214408824073408798432711282969194854,0.132599897520271454346694367024937667696633925843263412991538,0.113914971345768178808947899064663459415774672885689619051937,-0.140715716107788915757113035307890757980180306884824625265089,-0.152355495279782156474154785858464202616175381308033882066056,-0.182613063114249843238668278421406897031257704285699663048663,0.107829419674832900811942365386637074017287139929541197452352,-0.0384012951538701994191638830145819991892228964129335328790028,0.668541576885921457071164916924599941431296973592710521170567,-0.342182297388311441767683139287137677181548372684081704564558,0.0279596515829387369795260931306883436431628334940796948743617,-0.317366388566094490919724924899741967371068902995362268630490,0.00680708018576161101285709169133801458057754444907982781950094,-0.193025877371330581448231708830081412167847544595788226438521,-0.0335413787482089502452356933867707432973521549184510496290365,0.166529083151535539803711801645412047848544813586334274165102
0.286764262641463214388530220886285782956368437747113349158659,-0.0248052837542014190362115153604104609776050399331945389189279,0.0589441860133873049334921972879599152072274969369933710827452,-0.108830139764365334447125848282367410888858779908642729441574,0.177927770100323645571300723953542233723995124528942129831762,-0.0521705412642972682359162936725143099265451476160269924646110,-0.197110618260356390615917197686227553944946347816842998078959,-0.0107554819276978340650023014212954166332430469458897928347219,-0.0896804560143793059128313107317773343336480668563736904609174,-0.421052057986536223181678234788217354316124708227882970295633,0.262609027578661231483866219887214042359770157297489011143018,0.0258106728010079232911240155774972524144374877731674310800588,0.0895848283161219496503118869924170517015144492630930351520000,-0.139626716067183348933394417309567924688734831657889910720567,0.0702420053854476225932028975472733627476691978444302487316993,0.200851916890883094921563379918209427889493565369944398783213,-0.481635698705156888693912599604671567926469461257616961655815,0.141967097851132099449573657073170783612709147746531769406974,-0.391683024135352966705644020676729899528007399062086265371137,0.308524564033180936995054702667299336195670654520514603187543
0.0165768389470005304599529519468870296263813603939855360967645,0.304703670338869921451841615999908010754447669056346208002305,-0.0919527207038556546459076169649697393966482358483791188710511,-0.211611470829452250919653243209211935704354304107597222344457,-0.281614367282429668539201976852268171791938423231893522922079,-0.352163352948797672386511049918813759793711940213053315533329,-0.236546529688993215754097647172883517926787725554800221803019,0.0609503393629352448015092722242360734455487935031801968088686,0.0735397889349127775022643489617141104483283126435476334259951,-0.381370574575265632599032005620793719540905852286682625642460,0.124877359759971727869255612390873039859962201706436202844386,0.419075927916448332603881676281753000419041488583671315487198,0.264917423160972760307128172489395858934266855959521687901808,-0.103604939626345359162309036855177271489439029577341262774790,0.0279596515829387369795260931306883436431628334940796948743617,-0.317366388566094490919724924899741967371068902995362268630490,0.00680708018576161101285709169133801458057754444907982781950094,-0.193025877371330581448231708830081412167847544595788226438521,-0.0335413787482089502452356933867707432973521549184510496290365,0.166529083151535539803711801645412047848544813586334274165102
0.247998088399650188178900097655693709228017816492686632335240,-0.262624031152631299164248057704863642466651578799843057218190,0.0176029510513344954794212799580618818313916067765827226508746,-0.150588365922894022473603170205098904778472410076525810017430,0.186374132828061933662135237274487614357408870908094393401673,0.635139194855562167766170798227370362380170182198199179566850,-0.0510220590401204173026259731740244489274277616669635026789753,0.111270507568069806325382599481514710993942335600052343621746,0.0352187294021762514917231928929438027010463075337058811351929,-0.0385198049717594507774126827261052049208168586172038459493135,0.0647966814263420862405254940421959698629017237686769787046395,-0.238233736108665650950948017386742161070750725115356497342984,-0.381266106855862456174412613691472652725442516576857940203886,0.129267174942282449262865711107662071787758913771668549940510,0.159664565296252994545744565139466598978099187926397468034845,0.255846454444190783879685379099712611829788720878514387452780,-0.175416862166966950793460305026569651355870596556062058542656,-0.193025877371330581448231708830081412167847544595788226438521,-0.0691501465580031134092063943187356861396281943323419961434071,0.0624776976848460123653863299165248587845482248517871182792033
-0.0221912862559955937782653139600739794414914189311306122543323,0.0668846126474599980599815259115903986174984946265914683702142,-0.133293407414734329610208612016891721317779190072908504449057,-0.253367026146003904512283863219107887292727297134367205290492,-0.273167302258361365112584063744601329641436240773248230695071,0.335144296522531416506209637913971620321756803279896334012374,-0.0904558499535606013629236464445123751376203060908374377510625,0.182975058911506254462059167107994201449699806831503076145154,0.198438172372045209490609539951465175407101662102798882241224,0.00116477468842583468639480145389104875904114168810887808026274,-0.0729363850384531044535073892147498523789428346402460652724698,0.155030185486247996253074289430431101025956885659845233953724,-0.205932654062120306045698598516008088904699966701685775681568,0.165288762151187258444805067549615505794486808941683842007355,0.111984138924599813926606017400849571599054487476562388391038,-0.261287662633472103031386668840218438577062101257280053625263,0.314632489809068981582677698801230946444035056492362741244601,-0.525228790376910838038059428528582494818237197542247865149068,0.288831706371400029894046336922569455201888085891930408531711,-0.0831366494493265577453395453927272334523168080118750416210735
0.186687581411343383343253603099902605148284805767812033579024,-0.266716455626662861710893633704110935046422987194475408777283,-0.378239148121173768432500486847751950008926713294616614628258,-0.213259343396885992467018041874433996839215613953025841609245,-0.0242336219379577060010509083662976953453991366065740357974194,0.121791961253208237414799178853645936320789055337321572763255,-0.203665819633837624091164124421044991705511850774063707636363,0.371102444687027891927114835173870659932706254683632487858800,-0.129785483655329284869658603938367402535479700923354875600399,0.120938996268472923112243604431357186433002110248667734743619,-0.544782125549403996170076901420498879587306710712200294347725,0.0178705514042103352073649274219623568361199609497225095611153,-0.102166000746599593894771605424510459212636834549656332658719,0.0645566456816523601570643998111907229758350846347706447880266,0.0434844014905040280244365112285612609281725381680093445008952,-0.0757259588439192674436473140053404428290619239866318349675492,-0.215959322982047559740689337614178830873802517557095945367200,0.144769408028497936086173781622561059125885658446841169828891,0.292231565098185290052284356005631504415122529958111793653818,-0.0839299688313686483817105300760868118055652105336224665238495
-0.223556577026773632552245344580711831310539956247044090273359,0.0353334316056160717978149059070636929400210156766609329555030,-0.248038665882879109798592859621619103705044873847992955720004,-0.0820202848200697368329791178569289436877693855679535449679926,0.240008295424596063602872807141322666204602341901923563293757,0.399253232275354692904802520375627160420817906546541582734672,-0.287133926880387655876353932949661378263581724905652809599652,0.0305628763904766519009823889982275865856558798891858859895397,0.311423172354518034747343821486850707868918216843720947947488,-0.0451797816983546138989987045556271039223021216875480032943948,-0.236371477654045930391402382529304006930908932958858584558840,-0.0832567428967169577985680510200779042538440049127039402468482,0.188744527985105933755246197564289524678209919602729901826182,0.463699986369080570104542164945066430508524164084407421434139,0.237980984482879881071786624982820969385004621764973676602255,-0.0596213335641410374963849651392307957016555865470307927251633,0.130380480809618739951822574890018544314324507677358499674543,0.144769408028497936086173781622561059125885658446841169828891,-0.177774966115077160945401354110320243972888758095135331070307,-0.194716742376408352003349593180126434938105096360304886841744
0.125810980409608104731559102284383789492456706608454823130742,-0.190102056733875947770085853124629530389302420235581214900682,-0.267091753901150522456858458621589079362927183365826251908713,0.317056502689965349278069132816482166734997895054899302590331,-0.0885731850104317676688518389074945476293793488250031532635270,0.244058535018735301398407567039481738060791689367837983867748,-0.105460159496065553100713121295451132482215056351428801070662,0.198873280780521553347397946545910686684032014953328138137647,0.581689674905699429943718679185529829857591150246826276877054,0.179448977944641640182724262593037333605629258247205300480150,0.242113252105276196919009616063636958857927279878463823145175,0.136853394341262884909229681378372422924395572594375730472231,-0.142072704613837082926484164509256923282406760315608306083052,0.149416104545507733644830218693173887179200339907406857866823,0.0434844014905040280244365112285612609281725381680093445008952,-0.0757259588439192674436473140053404428290619239866318349675492,-0.215959322982047559740689337614178830873802517557095945367200,0.144769408028497936086173781622561059125885658446841169828891,0.292231565098185290052284356005631504415122529958111793653818,-0.0839299688313686483817105300760868118055652105336224665238495
-0.307223043233558921812366881540596826020607882384037979130101,-0.511058559579421376743895287073427408225391475807554162146754,-0.182923229695656966422783581889614709997897581252556953695422,-0.0575165069802235095782473863618528881214001857725062539716263,-0.428155586369008529636020320439562926915907502042335177797240,0.255558124162228321216511750755808744583261034186015089815666,-0.261218544344031137142762696013740776524100626377457487033703,0.186110490639519210357344554060151889191450069305490498461796,-0.118930451488643348245539350198796952672303966674519199219863,0.0816810328054592366939698686854727894257694819952811076728064,0.187918619391156015013379954408176917385009807752582424002176,-0.0518584926772169794050204076149141368138823851731426736175261,-0.171377602862771028521363832835694119062103471170974174630155,0.0176068535339063948461920006006136712833720465102636072109183,0.237980984482879881071786624982820969385004621764973676602255,-0.0596213335641410374963849651392307957016555865470307927251633,0.130380480809618739951822574890018544314324507677358499674543,0.144769408028497936086173781622561059125885658446841169828891,-0.177774966115077160945401354110320243972888758095135331070307,-0.194716742376408352003349593180126434938105096360304886841744
-0.0629282163063203722445583741377320980017570519261258178471075,-0.202297499725246453386620059536923528226837851555060816030071,0.257104624719661976288067593631244760193870078820300647085725,-0.0162067422845469352307831949014931587138634539268057316829810,-0.387680174118134180761085556137868511465800037545267267854042,0.422370219850991728497011675774115474416602073151047084896417,-0.217305494652972633950948985966266361042080849999429666881600,-0.378706056509680419781004793476910610448113854215827917186091,0.170349381990525482996545087693637859088821188253923928372843,-0.148470757944975951100552877898954659171320601475047892851372,-0.330750270551801431872411662979434060636197643862592920865643,0.00134515655184192552655037826134984765719279266574289554568265,-0.114718713672793896967309889362141360995838267362500611831996,0.167725893306048476689856634890307791766653273102307222957599,0.0434844014905040280244365112285612609281725381680093445008952,-0.0757259588439192674436473140053404428290619239866318349675492,-0.215959322982047559740689337614178830873802517557095945367200,0.144769408028497936086173781622561059125885658446841169828891,0.292231565098185290052284356005631504415122529958111793653818,-0.0839299688313686483817105300760868118055652105336224665238495
-0.0221912862559955937782653139600739794414914189311306122543323,0.0668846126474599980599815259115903986174984946265914683702142,-0.133293407414734329610208612016891721317779190072908504449057,-0.253367026146003904512283863219107887292727297134367205290492,-0.273167302258361365112584063744601329641436240773248230695071,0.335144296522531416506209637913971620321756803279896334012374,-0.0904558499535606013629236464445123751376203060908374377510625,0.182975058911506254462059167107994201449699806831503076145154,0.198438172372045209490609539951465175407101662102798882241224,0.00116477468842583468639480145389104875904114168810887808026274,-0.0729363850384531044535073892147498523789428346402460652724698,0.155030185486247996253074289430431101025956885659845233953724,-0.205932654062120306045698598516008088904699966701685775681568,0.165288762151187258444805067549615505794486808941683842007355,-0.486184298117448756985256355352614388397580176276872640451275,0.380734546883814891579397755890784902060436927746448811477483,0.0186662023261034803137323918440007451563333502731517765269106,0.141967097851132099449573657073170783612709147746531769406974,-0.0872883985999399157451830482222791584359693262992772377587442,-0.369526342157084704238063806345298736623488647668215142963667
0.380192602878501449285103042971178569796402693568998096234597,0.176409442055911708987409612993580273496999659690985430074260,-0.0903646879689499421127733544745232043851077202720718182075288,-0.115016199345097498868993726656754971013904540864885311716834,-0.249768388356724509816433393170177350328888317361028464289976,0.311534499512646925941094604284499497201518101708375354098716,-0.323961049432052182497773059121759075472318022814140899561791,-0.0949930854360254505335152550998204174707124812049595481080969,0.242023531520725437043775786326232045718869907421345338098249,0.426922481254896333058775609004470657754288916279848126575588,-0.161333743256248788412625380415072015087960016223185811691920,-0.127875308998111663936767333753731679036947359279448898088516,-0.161165575944174270222573782176448807162087908327604407677332,-0.229494421361312748867081604673002888556147319479780105969166,0.237980984482879881071786624982820969385004621764973676602255,-0.0596213335641410374963849651392307957016555865470307927251633,0.130380480809618739951822574890018544314324507677358499674543,0.144769408028497936086173781622561059125885658446841169828891,-0.177774966115077160945401354110320243972888758095135331070307,-0.194716742376408352003349593180126434938105096360304886841744
-0.0614547008801675952706466109284797809805181198366871101268334,-0.119534743214556174655435819278806376989353526390533026217931,-0.279841563959433629702987533912273657791205611264192130147369,0.0234090221646443326212721695593080934539860682974266884484143,-0.370340606137582987185552021282893027233466384978480857059323,0.519917591366794834036744544825394198156459621310405042517386,0.220570526124847727355771972220156173846011845700400851732128,0.0530162533004637637622525449502465420327681036497020958967113,0.135765257693468227345218017794962414878009395100874652048466,0.239606882987724500725655668805124908464103171825192142890321,-0.227718467254224121344513378643236461842861754588742675104017,0.0908191703960833900441538290004995275049172555322582607551962,0.373021915361702452729020660890205842795873883831196979097997,-0.0372645707231407987348661658732000392656206637113087424943659,0.159664565296252994545744565139466598978099187926397468034845,0.255846454444190783879685379099712611829788720878514387452780,-0.175416862166966950793460305026569651355870596556062058542656,-0.193025877371330581448231708830081412167847544595788226438521,-0.0691501465580031134092063943187356861396281943323419961434071,0.0624776976848460123653863299165248587845482248517871182792033
-0.139490630628475018553457860401450365073401989598654689459979,0.0778038431214710020343030964617525761160899711092795194515812,-0.295067959032574492299515595177043415389120673448143007022749,0.137264571492694428272043433515101943902303722107058318327952,-0.178584417556069278113225225691927566500722388794482398658613,0.176990947498350418964251752915346652863290184559870258688388,-0.536885469739789904309866754270519676936304687369708075765566,0.137331795908129950935668717836360912461608864134935036103832,0.253611909430992932429899665139487101392843202358337806483229,-0.340903072187136754825249498842618421840776871388824479029095,-0.208282868606835839987213660552312128061627519182650975037415,0.0551948554628633256729973661859738433841355470059690028338551,-0.191022800390602635623420141723849165434560051493162141242422,-0.259115322818708248857699116982177056163275876410915495765217,0.159664565296252994545744565139466598978099187926397468034845,0.255846454444190783879685379099712611829788720878514387452780,-0.175416862166966950793460305026569651355870596556062058542656,-0.193025877371330581448231708830081412167847544595788226438521,-0.0691501465580031134092063943187356861396281943323419961434071,0.0624776976848460123653863299165248587845482248517871182792033
-0.0221912862559955937782653139600739794414914189311306122543323,0.0668846126474599980599815259115903986174984946265914683702142,-0.133293407414734329610208612016891721317779190072908504449057,-0.253367026146003904512283863219107887292727297134367205290492,-0.273167302258361365112584063744601329641436240773248230695071,0.335144296522531416506209637913971620321756803279896334012374,-0.0904558499535606013629236464445123751376203060908374377510625,0.182975058911506254462059167107994201449699806831503076145154,0.198438172372045209490609539951465175407101662102798882241224,0.00116477468842583468639480145389104875904114168810887808026274,-0.0729363850384531044535073892147498523789428346402460652724698,0.155030185486247996253074289430431101025956885659845233953724,-0.205932654062120306045698598516008088904699966701685775681568,0.165288762151187258444805067549615505794486808941683842007355,-0.0603741201098496908197058600692447262424441418804236439099190,-0.367622246503817701761402336973996636892938927270602185559810,-0.300918179126495205060912624203870170355844384657569579649733,0.141967097851132099449573657073170783612709147746531769406974,-0.356368629601060107398253762018091130770582375282595643286126,0.411715769576659153035547742244441726674870289678732542146304
0.217860940076750218547138832595829847638069323178508236140305,0.0111174531582967374832786437500237113297246182400585973819117,-0.393459013756997495420635241030618903500714572657243374839470,0.272352766683108255480955390587647913894879617743419549805714,-0.116627859726962122737255888803574407332032375936098677065467,-0.0653507315766386062001903992498060859802543167730773091336992,0.0407110791564951458848868991018828156321924561239273449489650,0.188720125256243266357379588507053474593925075569262491486676,-0.0326639411184391937207265942269410100476419775495877528714599,0.0610478568870919864256982413946314281183325906872020422771074,-0.0680596113319793686175243503702909847909475065608886072494174,-0.127091493252310694122946809124262633845286705404695800911952,-0.156658158002155509356429497720620966064288083712515358031843,0.268617927335290519125276040568521519264775764048558736184292,0.664687040267652432236625817472197047261490191960696772279787,0.187046692939159157676508982077522469371346919869207690336449,0.0960017059592301097456643660668068789677358552003816197816752,-0.190226016786061427277356079949618969131272928156368634673998,-0.0246305978183357592858803890518976349489761920708265093072635,-0.152321288036042410073473349718600495334752699524334417638742
-0.0883134008029878220724306854783044094547250022260103163289851,-0.256300265706435960121193213002010416261547892915933342554737,-0.284102328035654104955651202767778183993852969220195793207124,0.340467022061163083273162009601243830204732291277313957921561,0.0268871182005091247510495372152305780573610137548092143303046,0.321510841844407406232719568695339127829224405938126815200393,0.0963288838301242339906774340991829190917452505325720840112183,-0.0887626900756525691526017676063249450524553348384138096690195,-0.275317559281943016208025248583438983744229026525035872588821,0.0284837012315043404695359892244392480812586656559920980737364,0.0505239243444819898208756606323340573921899906933311442929986,-0.500750632619871312634694463768638926734174946697606910662186,0.175955578904414818594649439730209478224596602031915579641013,0.282998274080873159833456204791524808148826802225072248720598,0.0434844014905040280244365112285612609281725381680093445008952,-0.0757259588439192674436473140053404428290619239866318349675492,-0.215959322982047559740689337614178830873802517557095945367200,0.144769408028497936086173781622561059125885658446841169828891,0.292231565098185290052284356005631504415122529958111793653818,-0.0839299688313686483817105300760868118055652105336224665238495
0.141261897288519907194466750840761137373061841026737551974431,0.0799342783888880801200356463791646814123616213683932452710780,-0.133452270971757371805925997420905304949768933107971785649001,0.185327608472771197269491377322375836209532111797894451310311,0.0766746307041875446594075250618424779917460242560712782506724,0.146323388282699988547773250022830553680048182219713940663055,-0.0165752557203656967883220658860673054931480233554009712830870,-0.0213257026302616852107880553421991666184407531906190908354144,-0.155465549039391245845581463987243571009951776395952688450368,-0.546924756500433267279989922803309279265284398252134794079646,-0.439527406189806843156422154256561415273162886574165184660853,-0.196499088804955788622501256877380555067415899177046438395043,-0.262855181948683624362298432446605621904114826242355922406148,0.318794512479703414297264789684351333918806702514780665632536,-0.187624216879191731525270658270154942621262021420477162909207,0.0615199341219037070400395458000293555412801821168478811777105,0.168609781981205339780603213335231636775293052106982230723155,-0.193025877371330581448231708830081412167847544595788226438521,0.102691525306212063654442087705506429436980349250793045772444,-0.229006780836381552169098131561936906633093038438121392444305
0.105723999162287265041760675017099536994240825317665726203666,-0.0698946511034612905065050664575713869654685870576119490348066,-0.129275180655124283521388618566061685775045167961040273180078,0.0261186965776497830238100009937649379503960731299703773113296,-0.609039059293538150341956200130457847109736277260904358579605,-0.0987141303963373510250429460795782197786330486439650536778014,-0.0138473207165386948163650935770230316258342235103277794340397,-0.178810600902967682648010073699743318353254364825075520207294,-0.321203107840478340968967885892239382057275345541170237190403,0.341101634718818508075417736455357794676367730029022765147157,-0.269456342874405862808979413753340354777387299630794576017821,-0.193194009834482106686338347045258053231630465520250515591957,-0.0231094535091638313084032920434267299683036376709144232673269,0.236755092528722859871208591486477101021548392184511112698996,-0.187624216879191731525270658270154942621262021420477162909207,0.0615199341219037070400395458000293555412801821168478811777105,0.168609781981205339780603213335231636775293052106982230723155,-0.193025877371330581448231708830081412167847544595788226438521,0.102691525306212063654442087705506429436980349250793045772444,-0.229006780836381552169098131561936906633093038438121392444305
0.271845326404721162090747547381369371625628706971170936638932,0.170063899966413328480347801109386233207148915959287679954493,0.0424630558666603303697321636161853225056795597260243335665249,0.192026036657383162721550052709481492838088988549233054680012,-0.0287695304501504241325664723319231558960338334547019215366616,0.0918775122873730336756197595242369711220019849954534668586802,-0.113498474498314991017134183179276714270646179246790164639715,-0.313571862846939109884484573279051371799901463423204877441481,0.199438019215970720007414929061523758321389628019456027175362,0.167862874325253965562639603150032864896185486965678998112004,0.0581038717706163648256921128627033181401520644875268053524498,-0.313928166728080341529730714963255748195307459891511917500150,-0.240145751127626549137671193676647387893690105371065831402266,0.585497261210949258243132521590126118262496867349389772567443,0.0279596515829387369795260931306883436431628334940796948743617,-0.317366388566094490919724924899741967371068902995362268630490,0.00680708018576161101285709169133801458057754444907982781950094,-0.193025877371330581448231708830081412167847544595788226438521,-0.0335413787482089502452356933867707432973521549184510496290365,0.166529083151535539803711801645412047848544813586334274165102
0.0904720918284394235685076833091723740023288983700114533470108,0.214299116217287727461063665540352009957230644001360738005938,-0.285605665234852488197050040568536029517717600158284590009419,0.242260987828883116520051501079695132627306453040334458914077,-0.189335547965453608030909724043731592441850620995451060185083,0.169253830853375269793568750435377384727436189625735726917764,-0.180783535209638758386744710634255804741973971773505983360618,0.0773953143958846024669312019211722556177044344421072888455759,-0.0729363673425053551742315116150789345167273229796956023444259,-0.0107894807635746695389351716457683593469075087506254017234982,0.462589866046305811486820984136476427247391259530024642862772,-0.395448598436336692698204303929338575411558397245103415207884,-0.378513646336235432244154552672096727919831103828777560222920,-0.125375594335403776570545849089536398096456928191813700871338,-0.187624216879191731525270658270154942621262021420477162909207,0.0615199341219037070400395458000293555412801821168478811777105,0.168609781981205339780603213335231636775293052106982230723155,-0.193025877371330581448231708830081412167847544595788226438521,0.102691525306212063654442087705506429436980349250793045772444,-0.229006780836381552169098131561936906633093038438121392444305
-0.319239688111560571154649343747314080655647923902354690628295,0.259628720369966759886157104998274458696331305845357634407111,-0.288452495768251834448606961513915430618846952475050207494849,-0.0390914231296024216932858987279577323008946098100773549473130,-0.335485041678180309704609261077920001075457252748212605511259,-0.163252408624661720500485848248412299661121460118189913324474,-0.254132617204637160572368112138364058250817147907917756843738,0.112903365395071591406020539925801886373273765549591012404938,-0.0494222750672480822316061137632606706797253325734543570967694,-0.170273810229511448890827737974947574428389482344990864520061,0.0675718644296208168781889076365700232348650524702261496850322,-0.0432734095495527806116489044723039271259105617010020622959856,-0.227668574820533878169387304704994604272433515601273253627745,0.521575631842839242438830307223485213840936145331812690510366,0.0434844014905040280244365112285612609281725381680093445008952,-0.0757259588439192674436473140053404428290619239866318349675492,-0.215959322982047559740689337614178830873802517557095945367200,0.144769408028497936086173781622561059125885658446841169828891,0.292231565098185290052284356005631504415122529958111793653818,-0.0839299688313686483817105300760868118055652105336224665238495
0.398083319668254576118216369101208504922999611384726900983572,0.353195073976584591012553609180968154525696660785874780162241,-0.119729213097814892450796773956893392875718501862109705575917,-0.0267339750875588651343903951549667118162113802487166775767099,-0.331304224043288897194878531788085153240209606678187454665426,0.336993021160112267181115223672916355871429402657857636209424,0.463768321104508942499894515871169821455449287408629888842771,0.0605167592336092992353287412991836636228782556046690674720602,-0.0709310088374782898964693743634082082972838801080755726407356,-0.00568798332065102173755591602577355638857052944473567195746471,-0.0468970631353713028477765488433433791991958531435633861576821,-0.0555727396882011043148546342235545196240176411982536850193992,-0.253279691437028786848661622234856819818108596778689941929661,0.132271396158993928016095686912267144571178184797501469311452,0.0434844014905040280244365112285612609281725381680093445008952,-0.0757259588439192674436473140053404428290619239866318349675492,-0.215959322982047559740689337614178830873802517557095945367200,0.144769408028497936086173781622561059125885658446841169828891,0.292231565098185290052284356005631504415122529958111793653818,-0.0839299688313686483817105300760868118055652105336224665238495
0.217860940076750218547138832595829847638069323178508236140305,0.0111174531582967374832786437500237113297246182400585973819117,-0.393459013756997495420635241030618903500714572657243374839470,0.272352766683108255480955390587647913894879617743419549805714,-0.116627859726962122737255888803574407332032375936098677065467,-0.0653507315766386062001903992498060859802543167730773091336992,0.0407110791564951458848868991018828156321924561239273449489650,0.188720125256243266357379588507053474593925075569262491486676,-0.0326639411184391937207265942269410100476419775495877528714599,0.0610478568870919864256982413946314281183325906872020422771074,-0.0680596113319793686175243503702909847909475065608886072494174,-0.127091493252310694122946809124262633845286705404695800911952,-0.156658158002155509356429497720620966064288083712515358031843,0.268617927335290519125276040568521519264775764048558736184292,-0.193618173949786129481292756108338379228719991371479432509028,-0.303111647320294949295272864200700732897165543665708679273484,0.159954784818332995948587858054571838551225064667162331738666,0.476969871441981510210277005652134309299673417132410999882044,-0.330418094566796639810328852959584366661888017670930774436893,-0.233194031430446878172361928859405581605344013884652023295854
0.217860940076750218547138832595829847638069323178508236140305,0.0111174531582967374832786437500237113297246182400585973819117,-0.393459013756997495420635241030618903500714572657243374839470,0.272352766683108255480955390587647913894879617743419549805714,-0.116627859726962122737255888803574407332032375936098677065467,-0.0653507315766386062001903992498060859802543167730773091336992,0.0407110791564951458848868991018828156321924561239273449489650,0.188720125256243266357379588507053474593925075569262491486676,-0.0326639411184391937207265942269410100476419775495877528714599,0.0610478568870919864256982413946314281183325906872020422771074,-0.0680596113319793686175243503702909847909475065608886072494174,-0.127091493252310694122946809124262633845286705404695800911952,-0.156658158002155509356429497720620966064288083712515358031843,0.268617927335290519125276040568521519264775764048558736184292,-0.348304740401455722851699730877192619777287137796679632475090,0.319984115482976407491749752512288243792423675924185723307170,-0.444040411927956915706678579349775091444774925120732744619779,-0.190226016786061427277356079949618969131272928156368634673998,-0.115867933269519693403965462171752121610821461245150682639966,0.274803209208572023496624282383317345614813301661136548965742
0.00801723079279081577964234790478753408100894285350013176848559,0.520732556332450557015920990953885490950025632468676204118896,-0.522459337943859245463980100482787431505589620440785198780605,0.0518498699093035095675797178689025221732443378256244905490281,-0.101441195015236741001406324261380690535043220857394756137029,0.122357296282791256781196814451380609664358028346843699300289,-0.107047763964218980919566857967922723836643114565238920720892,0.0566089620908134712470435364385560064585573436239320336075070,-0.163223870555793033157731154883194414354170113022081719542840,0.0355884651261760223808743884184566770852031306298892543444530,-0.289260445643918361552632879417048169986066845299737747068515,-0.306112691762238436248359579416504647887843022613403279929012,0.198644782130104247861723379361107573745868754645077924368356,-0.0280246301824559996841196148487326561122532857825485465165630,0.0279596515829387369795260931306883436431628334940796948743617,-0.317366388566094490919724924899741967371068902995362268630490,0.00680708018576161101285709169133801458057754444907982781950094,-0.193025877371330581448231708830081412167847544595788226438521,-0.0335413787482089502452356933867707432973521549184510496290365,0.166529083151535539803711801645412047848544813586334274165102
-0.0857360309556492684662146223390275129141541397861248689091176,-0.0834098737881996249260094406083115341031353146896121898416203,-0.194043113273518739721404751376989442584494130866246029676060,0.549736114479889159316838500297575444896052705386556918141204,-0.567934461211674243217783133277889065505936631768560276258378,0.0779983193645166678307189326048511645194157826108118312310659,0.181281558199182670402898026841780236374960726803696320488290,-0.0587936045927965965540304443908510864204678943227940833223805,0.0353684824651884079914130041828905210044541012136021996613199,-0.315176014430700007696731131336304202312475007190253461307963,0.0198077568198511222979928366115307502545317398981775514617770,0.0432179110256949959227558649970272059845367068388681844242657,-0.0857255881974583955647430898981314280484982843081564876955417,0.0549118026613323894131066784626854808812234826225382188428859,0.0279596515829387369795260931306883436431628334940796948743617,-0.317366388566094490919724924899741967371068902995362268630490,0.00680708018576161101285709169133801458057754444907982781950094,-0.193025877371330581448231708830081412167847544595788226438521,-0.0335413787482089502452356933867707432973521549184510496290365,0.166529083151535539803711801645412047848544813586334274165102
0.318159591167895730268583750810637667052644288097671938302858,-0.474220482532412179399843962611378389600933290136499445261426,-0.471086159146956495346741896190123248735390380482832157508950,0.0402740634877249405070947695056230930131821648240684259836127,-0.0469082525560737941841495177414021020369407900661976629810513,0.172210996661035022148615256009704389373952941607963849029109,0.338056294777144559566084334289688297257645956504113969093058,0.0656814136528975515152771494867935855470354028844512200539275,-0.180704442818996109681051165793345533121079998264267523868632,-0.0814237832992218434507324584453557931862828856720543274278170,0.176805496942954100313810601803754331220557456978392675931902,0.233161177356622863078677021298544683584690476206423526006206,-0.0667635482686976805192563896783411155939226308175456823908144,0.0534887931865927700541671093287684642237850573865920929206509,-0.187624216879191731525270658270154942621262021420477162909207,0.0615199341219037070400395458000293555412801821168478811777105,0.168609781981205339780603213335231636775293052106982230723155,-0.193025877371330581448231708830081412167847544595788226438521,0.102691525306212063654442087705506429436980349250793045772444,-0.229006780836381552169098131561936906633093038438121392444305
0.288252229500140954093187962473890477291007328763626422055690,0.119681165496303075205064433272935596292092490421523001204459,-0.547250900090686413034541856332053780865728970115287523939989,-0.0295830769191926053425470743622700103640054198296713091321976,0.127298127821318813125706680238148626714830748545083899680380,-0.272058057773320360808402962382933513540340853645723436221739,-0.442587148620022588861188656827863881396837875249117089121538,-0.163035556261184817204890861046560498364731637681076881583087,0.201758273960602883273127231331831002887652423366218228993445,0.0992318382413548257608014599244680571024175957122574989123685,-0.0579779381394585833862292765395811988183514613835860239194795,0.169443691174376502250135824910977733859732581597368924258630,-0.0309404047336060135411920214892335881482319867967592271360757,0.195691753975218940763628124366369973654023651930859600939481,-0.187624216879191731525270658270154942621262021420477162909207,0.0615199341219037070400395458000293555412801821168478811777105,0.168609781981205339780603213335231636775293052106982230723155,-0.193025877371330581448231708830081412167847544595788226438521,0.102691525306212063654442087705506429436980349250793045772444,-0.229006780836381552169098131561936906633093038438121392444305
0.162297055198672058926628743816818010897765513043359087554330,0.194340903489654410866360043118006042271812792661203541446303,-0.164158610976461256368749164816924527453689077942454064899511,-0.260559579970521652005929165950108991584274042710643891682300,0.0561384614601872332721926435035354568135517199062746250836759,0.517148232177093102181305634776703372614708205157721229231494,0.0360872975946078983838345879347639677094731159098127686386400,-0.568724520860200692391768498334580591954759468068283068061076,-0.0791619301941227829639916332274252068554033233226726390995504,-0.0000690579557946875859234210209067593929274595756272393703923245,0.0817691494767871807608501242162402299310679386300847508836924,-0.132694820283678978773252972275599679466616421529827552362504,0.205054109132670659834671795643266984417242975322844450499807,0.0737216079672004974897330510964673960211264774490419057307749,-0.187624216879191731525270658270154942621262021420477162909207,0.0615199341219037070400395458000293555412801821168478811777105,0.168609781981205339780603213335231636775293052106982230723155,-0.193025877371330581448231708830081412167847544595788226438521,0.102691525306212063654442087705506429436980349250793045772444,-0.229006780836381552169098131561936906633093038438121392444305
0.0439191676002091334225732410355168727861050645654887247820253,-0.400364493954099871068130697050023352779241567942047883805628,-0.175096526601679181927615506345629965283469129400103777349905,-0.311391321931805978324423369933907055982571982866126361568941,0.0710303094533912025574765894714764469321764416955868816616329,0.0181837206462044247795671878760498330868758033038654425903016,-0.224206858304630863105181017061014732198223611003403529219668,-0.324304081038543545628805385655408094333556561277871232201053,-0.293585454016076823314205368799901131038217942090481176591734,-0.0861571203204838660393215724227702649903370449053422906648925,-0.0332437431277060329550676713522381933666643897905663012068134,-0.00701631534565112348730305536448278488977945737445713105756879,-0.117491075955012709986496145229110206600396754283738162967691,0.522588534683594233203060549146664769843027196614623662927775,-0.274887655291839190224166276366659616259431654386634935656967,0.00768368941459457234006421776416958147292917454370674407058975,-0.143037992772579096724415864702203438095433658628335503732938,0.144769408028497936086173781622561059125885658446841169828891,-0.223967609552529915585700244834880815631642907664360858438027,0.0215325541100961886817850860860165459585584776961620797374608
0.183440056558998501339208015221180794294244963483386994893139,-0.116184104357930191555958613781371411707233610564804450821546,-0.323144654571212496025944458756297219918596383255567966357505,-0.132818460121581351657683870542373592909306627926480392767094,-0.242361859079649825229420824550709824971503496034615702919037,0.0506971593044598903433706980922408609701424177288568512041888,-0.190290831039901273003721466241860429784056550738095816491251,-0.288104106956426634990044083652525884726099447567230895502096,-0.153877505345584099923006351138035261895134960871454728192375,0.113010964051814484418767794963720231168842233425277731923112,0.224039002127616812523679949945636982132693174887067332119386,0.0340733092985088706722929951512355044634057261430014577203673,-0.0930035274163755744551760910077060331199692444518217406636796,-0.0883392340328471688107459628334032081048405169106731175846384,0.173973605086323758611402020896260522850913305681107841017401,0.490734482896552086577169578129768650427473515395778997570475,-0.394834914741195053831925849763112044541760178562038114718364,0.141967097851132099449573657073170783612709147746531769406974,0.254222343338777288309279759461758623710898091742656224606143,-0.185042207056583579772011134926879496879938007370512216672991
0.254843190255319127286683572421466264150824405540868651949291,-0.304355380437534119594058678715490654170845682668520141301045,-0.196934756868675148382143987280906415185621818706149441161305,0.350578791099843496509000857200644666864236729958820084763045,0.135535835772635843854754054304645874211525660113606641442490,0.171283902043061432041568707790472148063300767540873934818200,-0.262582511845944638128741182168262913457757526299994082958227,-0.482256578334026775391469737428280322097702341799428974220444,0.106570032155145656283271134847418552420601713792555574020383,-0.316677071492580679046634460649778044741709948448273057718029,0.167623536181673767762616517395963159645937118036805360084537,-0.0535110321624538203731018625309753877317751020015406350190694,-0.135338613977927194360695376642028265629379934059159737885914,-0.0540391575356628526888097923833409579605688290106794615154575,0.237980984482879881071786624982820969385004621764973676602255,-0.0596213335641410374963849651392307957016555865470307927251633,0.130380480809618739951822574890018544314324507677358499674543,0.144769408028497936086173781622561059125885658446841169828891,-0.177774966115077160945401354110320243972888758095135331070307,-0.194716742376408352003349593180126434938105096360304886841744
0.101952832695053801487276163625427177042785353626491856983126,0.0142350193028414237235527235442352676815900185929582899912906,-0.186058529528132015278571684762273904212700739777052978573650,-0.142835203418972104108218315084350746089707824938202857985366,-0.418592512687567299673231539579470165654036602573413636799784,0.0294472954424367203808560827567682658661243382350919901223319,0.144411982983931598973851998084865959981996608329625003684511,-0.364906065470968802006263602782267861100814001896657092353607,0.214618664632315885175008622323072178970271600486673935077672,0.0650753722212647871439069797985784630535219467647606016075897,0.165235877619424313462630046309274791707377944407608665409968,0.439590505841084776021100159579885295997270991521353471268473,0.0250819480494291972277086815368226601040238836320105491857473,0.406388952321870680039397261157596464629195726795667733545162,0.237980984482879881071786624982820969385004621764973676602255,-0.0596213335641410374963849651392307957016555865470307927251633,0.130380480809618739951822574890018544314324507677358499674543,0.144769408028497936086173781622561059125885658446841169828891,-0.177774966115077160945401354110320243972888758095135331070307,-0.194716742376408352003349593180126434938105096360304886841744
0.183440056558998501339208015221180794294244963483386994893139,-0.116184104357930191555958613781371411707233610564804450821546,-0.323144654571212496025944458756297219918596383255567966357505,-0.132818460121581351657683870542373592909306627926480392767094,-0.242361859079649825229420824550709824971503496034615702919037,0.0506971593044598903433706980922408609701424177288568512041888,-0.190290831039901273003721466241860429784056550738095816491251,-0.288104106956426634990044083652525884726099447567230895502096,-0.153877505345584099923006351138035261895134960871454728192375,0.113010964051814484418767794963720231168842233425277731923112,0.224039002127616812523679949945636982132693174887067332119386,0.0340733092985088706722929951512355044634057261430014577203673,-0.0930035274163755744551760910077060331199692444518217406636796,-0.0883392340328471688107459628334032081048405169106731175846384,-0.0861631720890662321946541799308109436426622138976333349291014,-0.641446066880189015005396692879457892478537977142866237142203,-0.0349155483991266663600570508181168836705692628760464380436831,0.141967097851132099449573657073170783612709147746531769406974,0.324554951561656353424060680698920505635843678333759605766969,0.0204747422567700986218245468848869200206425179255102790124912
0.147577526362941238625717672733018829706701525838194794574753,0.221814387730803527750313674962677259947168682693036783155434,-0.453536408327883465929875134990911118601372701903087658122536,-0.457008758254590112357063989689336714987010954035763920582195,0.0654505617129913043056158670484529412978292659104687790608451,0.175148682926622277215859391085888068632190942474276359613404,-0.120729891646940535586978622097960672357439934356188106807769,0.0635290137343898216883945614666076861188190371008300664204161,-0.248589753430739843843632286523664605882251228122032582553803,-0.345325724937297107540926586464227838142380440013425130999596,0.110386708885455794669343926714955735286922512977763766797660,0.118353074302177640307369448739394707729067448151847350741430,-0.290415540910404914676330020007100873777733656759900614345513,-0.0406011934061113298901229983004001986921748488532932931039682,0.237980984482879881071786624982820969385004621764973676602255,-0.0596213335641410374963849651392307957016555865470307927251633,0.130380480809618739951822574890018544314324507677358499674543,0.144769408028497936086173781622561059125885658446841169828891,-0.177774966115077160945401354110320243972888758095135331070307,-0.194716742376408352003349593180126434938105096360304886841744
0.183440056558998501339208015221180794294244963483386994893139,-0.116184104357930191555958613781371411707233610564804450821546,-0.323144654571212496025944458756297219918596383255567966357505,-0.132818460121581351657683870542373592909306627926480392767094,-0.242361859079649825229420824550709824971503496034615702919037,0.0506971593044598903433706980922408609701424177288568512041888,-0.190290831039901273003721466241860429784056550738095816491251,-0.288104106956426634990044083652525884726099447567230895502096,-0.153877505345584099923006351138035261895134960871454728192375,0.113010964051814484418767794963720231168842233425277731923112,0.224039002127616812523679949945636982132693174887067332119386,0.0340733092985088706722929951512355044634057261430014577203673,-0.0930035274163755744551760910077060331199692444518217406636796,-0.0883392340328471688107459628334032081048405169106731175846384,0.143309916894713757727047398687901639583161950832589374547974,0.0134587241497589634774792143335480494728075003232880749501204,0.0451618367024774319984188690891486561991823415152794965530453,-0.525228790376910838038059428528582494818237197542247865149068,-0.389227633687958621873621905104378598317677842909970785127228,0.309651641185539250964963448740061268146491606242914258101181
-0.280785529013456491500226459256583780414342798711539290536703,0.0269185613047242714082502733739573096207557155262348342353755,-0.628871526192175511785685742218439848648738779638122946977489,0.0787483574069657102666934699164301369267968754181902184996509,-0.0659809181841691759791641929991779399908131579255350704048417,0.170930078407149711868752630989029273369234480685772086136403,-0.119550487632762782017162688724066882540923751899217378735143,-0.126352420007297303076994164565760689323771993961038670873218,0.0552278147731881383340258303792779286792931680381622291675171,-0.159921547843393092150606128992666305628692253242594468695913,0.406287317112439433755693853852146156952350691012833263865122,0.119782002557243331495932834138678381505960591548304727424685,0.281392753435480597981185868723898290969392179966453619378599,-0.00607389784595565123642576841021084032835770124467844307743481,-0.274887655291839190224166276366659616259431654386634935656967,0.00768368941459457234006421776416958147292917454370674407058975,-0.143037992772579096724415864702203438095433658628335503732938,0.144769408028497936086173781622561059125885658446841169828891,-0.223967609552529915585700244834880815631642907664360858438027,0.0215325541100961886817850860860165459585584776961620797374608
0.373753456351899073963080995826895384063332793761228994598673,0.0336297339266202612568169612992865616328653369075918386192726,-0.319044154015151227708742193923713224760852959011889005104596,-0.0111809364741739710198812626407151868171126211211815558529562,-0.289747423295848596708153144205103886090707171936964759552819,0.0602809030737666636592492144853547791025466684415840712457375,0.00783066930484575295984082985202391949916589861039954338025020,-0.350629398859945693189211065927180115616285542687910484651845,-0.0967010077574903500408921571535053699639795948004704667876638,-0.223954560627000742933886566590109463870478104776707731182078,-0.420792220725876078908772282426659693725254538355683790791582,0.274112946087229529433436598456982627066999735249616746395857,0.0471411138937522018852220092086510651448106296225409476918564,-0.255098198761241779340238899254392427377765554102271603976866,-0.274887655291839190224166276366659616259431654386634935656967,0.00768368941459457234006421776416958147292917454370674407058975,-0.143037992772579096724415864702203438095433658628335503732938,0.144769408028497936086173781622561059125885658446841169828891,-0.223967609552529915585700244834880815631642907664360858438027,0.0215325541100961886817850860860165459585584776961620797374608
0.0425672638449956333727235610356802037498609872426481870047070,-0.0641051520461333522904355936198250837982897702977372751090240,0.0211749078876889515166058346769463181877788242090471290487428,0.167467394646833019648428610538706575143574591267229293872790,-0.0754647753578112941149649420592725638748994136175290022193072,-0.273031550481679390792141697191882388882413929008433187150087,0.502907484538870192240783524377816757669669914057779623259042,-0.0100671540774049071516876860704637257451255537481730302095039,-0.264067929416289696897883621616467169661794231433843562551682,-0.103283358587273282827226690132072365824429742934821140253805,0.0436393282985039990679214471937835313551276973438870899718063,-0.00815297865747114277156894055350491336556697225876098076159186,-0.0500958447382922986328748048699020177243091816435823069529774,0.616263884915667430571146466040912161910708837641235172816625,-0.00657773068154471887205685984472261405374550554634808544618388,0.127663602993465732599968061380401657057788335989955883622123,0.228616834945007916513282627426363724654911668508072949425596,0.144769408028497936086173781622561059125885658446841169828891,0.109511010569421786478817242939569555189409135801384395854516,0.257114157097680811703275037170196700785111829197765273628132
-0.0806592675007885277648086358600099634709139252600688754414730,-0.543158734683469457001479866782452841518443643358054796152650,0.162767836113058814699487557447406119097536290803743220335289,-0.273444996085020888342674004553361354569432661540467108041076,0.0449858571754474248054472685051765984318916652354627744581640,0.223521372736157937596938853492626687953562065904186583524332,0.112358746688964325803357573453595742041059460150014999458206,0.182465537633171932853220484668438808711161964735326151505913,0.253164625798776088043552212018286239958774377833848415861534,0.0750080015178384483890362227482816460261684340619107305709307,-0.122909318738488723009165549196247638817826471025946364562888,0.400755827938019013271185969052445899426792146054001378332206,0.0189840763001616661757454248334785139396341803575310942297831,0.292996818894941993249594119571582241712842100679021262230719,-0.00657773068154471887205685984472261405374550554634808544618388,0.127663602993465732599968061380401657057788335989955883622123,0.228616834945007916513282627426363724654911668508072949425596,0.144769408028497936086173781622561059125885658446841169828891,0.109511010569421786478817242939569555189409135801384395854516,0.257114157097680811703275037170196700785111829197765273628132
-0.308346766840244834464884703361475256521229314987729360397321,0.145360864066230449859427761369277558039720290779805387114715,0.348248330025162821849179413068993338315209071128290787834820,-0.0714580717438627123297172729792893149553083733242010751106120,-0.0974414382339323890413129377971528919730181656937906227458675,0.220564206928498185241892347918299683307045313921958461412987,-0.406481083297818992149471471470348359958560468127604952995471,0.194179438376158983804874537102817478781830996292982220297561,0.360932701275266842550371866196552838563127053118420337385740,0.145642304053485622300833509547869079865543810983339656275250,0.162875050364862988163844833136474457209007331525685602367981,-0.227853947854940542505695356175437359569456727397525562881884,-0.292766021767376085549152738160277098386274292653700783602323,0.114132431372945446624881161153277379392600115100615468438730,-0.00657773068154471887205685984472261405374550554634808544618388,0.127663602993465732599968061380401657057788335989955883622123,0.228616834945007916513282627426363724654911668508072949425596,0.144769408028497936086173781622561059125885658446841169828891,0.109511010569421786478817242939569555189409135801384395854516,0.257114157097680811703275037170196700785111829197765273628132
-0.0144335079931596381779256954612335068183192105026978567485384,0.247640059390660155145627718859575230166604898494885566735713,-0.0247578271901557956427453939838426619140563828093860270771470,-0.164564244468409733976220668777984402201913909431677419240283,0.0957552439797021035701469719733858756796502782166728030144072,-0.245133350455730692231102104348057115240923342820960682410646,-0.201885958010793844252698548292027819910025479747115564316925,-0.473150429699677727159251956176730780652603508140604067228045,-0.0699176588334965289316121435121241189924119711031003587661017,-0.136937615217495958684065355997413176256952847472330207463967,0.584371482612486304342493443757509510340592757954228725582954,0.0200269749305856027065228812337502781144507968621686473496060,-0.146231269409243102788345379394084419633385315402741054387442,0.149340228307597063640781776344051207115373399875889659644012,-0.00657773068154471887205685984472261405374550554634808544618388,0.127663602993465732599968061380401657057788335989955883622123,0.228616834945007916513282627426363724654911668508072949425596,0.144769408028497936086173781622561059125885658446841169828891,0.109511010569421786478817242939569555189409135801384395854516,0.257114157097680811703275037170196700785111829197765273628132
0.320807034028443281170550440381431596503478327185154426256178,0.0980692707069369329734212958295199220171198708002898649739457,0.116868749446871024682404164964697018015371843714028289414864,0.195286398720707624887653198966302350219377875340546840141323,0.0933593489730314957418332043500202514502488715948561702905013,0.00905565358853081476809682433584884245297983446485017682629691,0.0345344521228864107691584671711917222153552829140137200127402,0.259845825957538444321060661611983717884975966943524514036006,-0.236663062527880145029116457613307302913195924499172159531104,0.258563750446358263087641939073819828876337226580266384714193,-0.282930292577169102807333979530563275440210263286907387130082,-0.575618793496667582729436433887121888399785323059563350118581,-0.236343368731895766083157268583173484990420973603197263816057,-0.0196194887675159983353323997896871912746342086342126666977029,-0.00657773068154471887205685984472261405374550554634808544618388,0.127663602993465732599968061380401657057788335989955883622123,0.228616834945007916513282627426363724654911668508072949425596,0.144769408028497936086173781622561059125885658446841169828891,0.109511010569421786478817242939569555189409135801384395854516,0.257114157097680811703275037170196700785111829197765273628132
0.491493761529744316319977251385983178985613519167468867458780,-0.278705116605969466451423019842810163576149394544947476448682,-0.114544479543077729626638919317679181304136143628952434210556,-0.338732164735693304749952811924460666740234913574625905902215,0.407006663719924707273705324685008181409708394358311372728247,0.0399110194221392656841829227540011207409871726345508036770827,-0.151419160439994307771494560574708753364720182613261515109551,-0.214951350407721426638157660928662007093171019006562591774183,-0.150280867421577731569664633687230850848166339453000877269731,0.154275191280488413319005986408891584604438745121328391799712,-0.0279825073665385087057723652995593924815790052281977184498035,0.0811709358843487185255367131280165620764813195128932192067069,-0.0207286953353088185137296801136002745735886343511241334184158,-0.307678757853589818640984131068243283749727660821152386078327,-0.00657773068154471887205685984472261405374550554634808544618388,0.127663602993465732599968061380401657057788335989955883622123,0.228616834945007916513282627426363724654911668508072949425596,0.144769408028497936086173781622561059125885658446841169828891,0.109511010569421786478817242939569555189409135801384395854516,0.257114157097680811703275037170196700785111829197765273628132
0.0320040382244114259981510404397415146712243795599709740005336,-0.395741806120628405054433686966506790276453918383569057014629,0.0104564840924388778470445919984077911736624014095546651124857,0.222183247839053877986431093707226016144237772685519921189985,0.128818675895156118019473661632214462992903457855158048962170,0.0576280107639258663874588964680584093165351931609017734716025,0.0220315659935703738292182834925035385003447967137604271024961,0.0768838769177032287682815912581127592968338602825837410721673,-0.0182112429091899594372472219785258444546372973335545046220368,0.0630532725219444088952104539233454724264985836464402058661017,0.412614427560313726395523525017064393350064622312820949935252,-0.149722995119788545867817246475973031025115828320514660125637,-0.153594264822378551791119832132353351740027526077319828595309,0.00233122637852054824087235906360391634088254326324078262297715,0.291533936232457606325823454301872885999070358211918477285536,-0.195690795284596854653113445947962109173575076628444494867994,0.374143471894247216000628726953953414725042172921062718617493,-0.190226016786061427277356079949618969131272928156368634673998,0.295594815794117688199364788807148626199038273472285030316305,0.398965586867375821159778934810149804980820458676783444069994
-0.0111872533330217035895566139800342669601608302496640646141831,0.0971078487902400234492146981406274511701046045683076547282348,-0.0798493490622501468792692547522818916931450837476507409599224,-0.245002341693042920824081883884178339389285393957739834614195,0.313882953724827378695069431551499956419577313801098537161023,-0.174037638994259364329452160185648026036416306177366181367435,-0.215257956087889253666105531876430747281903592631910860806111,0.186056874440090678343327204458191209715774243931266306213990,-0.0458241645430862656037235261976464675213491603040143874045533,-0.129009465027887982617713453163646320866438572752369144224220,-0.184449936994309061876467654774971095400427831168298368944115,0.00382393758198065917768196323102108852983812349188254643607819,-0.155391911071451858580294585545270041018489538567286600633965,0.302234530758133888099152567909808484636249970664658141923921,-0.135811446811601890193336862078147550647413153782621027250289,-0.439737901373074621563170926825634186216062018724577598705420,0.405985353464090054524078566132009547365860305196268213881561,0.141967097851132099449573657073170783612709147746531769406974,0.143344925238343765599529303974624416391984928302196344400938,0.358699498614356878743138418547474495267404637770357587778065
-0.0190619361076979589125806010816394267729338173107324923070454,-0.130697992226671310230095246701002473678397944449177029568164,0.174707678007650184649539369155827744010662623920526013346030,0.385795194914665462415217418659789806673529494889781779830735,0.548712623547781819265259571444410928759954437818967676515543,0.315506657201298466883818403444606440822895201444825038014439,0.0921730174572428872576317209144469549651225355163949669750091,-0.0783497487855244532041063157367123088330522727642581818154152,-0.320866035531996513951306060788929460124467567032206005951153,0.0508786853095169303359875412828054307056570668934173001896072,0.0188569149337733626510090907854743277423167485508844782217181,-0.0647431524463508107350210026260356359179976997690906957081600,-0.101001521305980628195626859059666407652678987577600018013837,-0.316183108759569261092346961433676076401068100370162459379172,-0.187624216879191731525270658270154942621262021420477162909207,0.0615199341219037070400395458000293555412801821168478811777105,0.168609781981205339780603213335231636775293052106982230723155,-0.193025877371330581448231708830081412167847544595788226438521,0.102691525306212063654442087705506429436980349250793045772444,-0.229006780836381552169098131561936906633093038438121392444305
-0.428773716047697953635737628138125881430910639583098636282351,-0.0853683880739922778050018072430800249392972826051801331669910,0.171860847474250838397982448210448342909533271603760395860600,0.104442783956179924201880018852136941745328432039369965969345,0.402563129835055117591560034410222520126347806066206131189366,-0.0169995822767385234102361952391832435656624482991006022277981,0.0188239354622444850720083194103387014562793593819831934918893,-0.0428416977863374642650169777320826780774829416567744582560531,-0.297351943256739241008680662937111196287465576625964760703497,-0.108605644156419849015905025046373784375824906700948162606955,-0.376161086682911631957622985714432076270209458508914014956022,0.287432036440433101351534396830999012367650135775010657203738,0.0498435502097209258791403889074357159947186006499042885813374,0.330768117418673757917029194879345535536324973153463932002531,0.0434844014905040280244365112285612609281725381680093445008952,-0.0757259588439192674436473140053404428290619239866318349675492,-0.215959322982047559740689337614178830873802517557095945367200,0.144769408028497936086173781622561059125885658446841169828891,0.292231565098185290052284356005631504415122529958111793653818,-0.0839299688313686483817105300760868118055652105336224665238495
0.317033529755895214520978123578397618499352072293587746220013,0.182197597588116997315665819659970281103170251826336344649235,0.0600849575073740903637896255347606634754618020755690762404583,0.0263323045496664914491250068868932048128026908682759097241052,0.283803802809701181504645336952765187771093457923155390608323,0.137216067595993788434002283429968389024793523733748802380534,0.192792334172644268636851710311269684420034930979989494354843,0.0737498175583672537359096165641108907325470304946033452710022,0.299156503964791393582372669319152445776533705723371872317756,-0.0174623832835774793402402729078888048342375434019351555864607,0.151760808832425061956404243010476383719150743333140048682154,0.0571653006419604324771214353701003868467050102426029931669275,-0.188150579750888376653469138666102206749770721050424898819288,0.150013264827785665348794908571129712289083023994227673417839,-0.426630689527847545708942458406520417077779989016265464879379,0.246252122934198448505970695750758790188705316303081565379389,0.265724609803552835931926674836835190931463295934795691201978,-0.190226016786061427277356079949618969131272928156368634673998,0.385274938416011877752167781718855295777433576117615757734518,0.219362475826791294885938575448184960980924681587631714925044
0.0246763650917211688116835796133877895789603645394099976359897,-0.240889007651213526882534207109382076787236620741423479087717,0.0505390603415123931348810221001411767957652630686290437200977,0.0791845864821371362590972108994973929452855100405176843961557,0.00607101556108307846689201354814565660150857805381759051839327,-0.298487871079521080065089373271327864643771585379680127993967,-0.284819785736531453310501992608975413722979522835132113000728,-0.165575777791219659283061669305735142559100992426097767531161,0.0488862504546929717654691656526569173295955938074768739963130,0.329324677548033083780212301817012569225331171666031395287689,-0.0707968297665360086919489255604329408517283662477674258515791,-0.0804549546925290041102416284211090823696379078804245252950685,0.0420179609141096657845009798748455755448624510622093388921651,0.254496190740397106013829693271999977120330576948420204394146,-0.197432617497454095311042339358160495673013178395921683663694,0.110140824775959303442018152589191413329716382513628485699873,-0.115665309974485650534257913960568771823959155708818983350374,0.144776756804787983483347268629344556555691341229510595801072,0.573248074162042123882017610327730556018442513729533640885142,0.363239955785906893669743183988474424167299828431442891850538
0.204895809238389160635227117589557753810817286379138420747148,0.101186008725730242209976110985467102233054637281668645242219,0.324269743877427040555285953870587982851424105431947011602454,-0.219901958153645780456924963071557195139488234027983021000876,-0.208602905735841264123844357608538419671350156629809031482915,0.103853396688945565477915652090571701314617698803089958028907,0.138234036409003327739285858756332691132916554350012041653183,-0.293779590061158220649583136184054334575026373799881904274398,0.0106197057770709430153284373666714978230270381426951943808142,0.262588879283170982694146397163965244765792551368119510551912,-0.0496339357535246428111731646044808093908043938844916595008805,-0.00893579133804714657223040121980562954504089671606921995554051,-0.0546017048500382853433646641669622421297654456565427303314719,0.118148684201989946245769779604991214621975798228486022160495,0.422150061727754919738732211918390974989183697936772369927154,0.372783368110103942029852270944243955608857416012102089475028,0.193425952315585532367628751553152017154417096321015336611411,-0.190226016786061427277356079949618969131272928156368634673998,0.260280421259824828891974530148509857441613249692794408231294,0.295774381323897605119285895233007414501620823518565505111232
-0.0111872533330217035895566139800342669601608302496640646141831,0.0971078487902400234492146981406274511701046045683076547282348,-0.0798493490622501468792692547522818916931450837476507409599224,-0.245002341693042920824081883884178339389285393957739834614195,0.313882953724827378695069431551499956419577313801098537161023,-0.174037638994259364329452160185648026036416306177366181367435,-0.215257956087889253666105531876430747281903592631910860806111,0.186056874440090678343327204458191209715774243931266306213990,-0.0458241645430862656037235261976464675213491603040143874045533,-0.129009465027887982617713453163646320866438572752369144224220,-0.184449936994309061876467654774971095400427831168298368944115,0.00382393758198065917768196323102108852983812349188254643607819,-0.155391911071451858580294585545270041018489538567286600633965,0.302234530758133888099152567909808484636249970664658141923921,0.124325330363788100612719338748923915846162365796120148696213,0.692442648403666480019395344183592356689949473814067636007259,0.0460659871220216670522097671870143864946693895102765372068800,0.141967097851132099449573657073170783612709147746531769406974,0.0730123170154647004847483827374625344670393417110929632401118,0.153182549301003200349302736735708078366824112474335092092583
-0.171952293667963284711988009877678513880972869225109287273210,0.187892407513704233087516155558723448174037756812301401724172,0.185583905348193317753111671674460254983583702849622475933684,-0.107618799604150138202001753625205606280415060007241162917676,-0.00541572491242132426272602243970511110560782486805260172673184,0.173670050600673755223105778410902558625718772139043093318571,0.499167512287119124360224901167575828404876670146014053617747,0.0390007640775335201810998189093001521638360671385137000514214,-0.212817403054826285059568573313275833574797680338087644893865,0.432631129023362396526528981731161938500888962106450959515226,0.0164692563715239083510226196987859598037575749216877835471493,0.428358385557187785659181019484825047811048393753803410579382,0.0594190407213757633927771991191845180807248301135702690578241,0.144245001097964271635860092107261346188696455436184735681447,-0.187624216879191731525270658270154942621262021420477162909207,0.0615199341219037070400395458000293555412801821168478811777105,0.168609781981205339780603213335231636775293052106982230723155,-0.193025877371330581448231708830081412167847544595788226438521,0.102691525306212063654442087705506429436980349250793045772444,-0.229006780836381552169098131561936906633093038438121392444305
0.0143471031371238678939237889707847863672491059120252777993537,0.293338553707165884569027865287423776784540228640866112937340,-0.175608465214361080002858499895319621669444527488612069432654,0.00563332689562936056366948709687512944528734510129038593549235,0.540474915596464788536212197377913681263259526250444934753432,-0.127835302615083325966153266728799220780746419741772333025500,-0.0878316193168350634748157537451540129739578134327280391883017,0.240871273287317504982472560645007514899918431354093910821941,-0.225677793726539286961449964304517009657416857458543350978091,0.466787595043452435143423461857051532549784611053947856820005,-0.206744559387358988497836703150070030721971830869506905782298,0.158211570890479511888216684815917485673509983829818863569539,0.00339668793834055262387649609312826982846895968480049273600111,-0.0664521972486874676399090446839651447864756194286233969242343,0.237980984482879881071786624982820969385004621764973676602255,-0.0596213335641410374963849651392307957016555865470307927251633,0.130380480809618739951822574890018544314324507677358499674543,0.144769408028497936086173781622561059125885658446841169828891,-0.177774966115077160945401354110320243972888758095135331070307,-0.194716742376408352003349593180126434938105096360304886841744
-0.115997300717837500288840159142520406556431601143552413722505,-0.138756538541561609828374490391000441189228307618505622605693,0.144252861058729288024390643481812042060714357949652815794462,-0.348237943039438451002797971034900116142624056208996528545347,-0.0557760944866420273808386149257348446314714209505254264864385,0.148715571942139359167009478214341560213714647432556875746508,0.0370350978785716325760488926701112116543023502870042265954528,0.0609871215294880920091777122738738862641356923454625652719173,-0.401458456094689647373484145781310177259088719025722443959845,-0.115229607487228195468328630985459368065241066001905667507435,0.0975665757465909684434273881875690456914100201746582986596817,-0.131545194825286461629245491413748876517385703906879801516959,-0.217455261907089984845810923053329003683374240312933599633624,0.0182049857704616112231701047352739261896947112137370688954084,-0.235359737909759816916044828425423058570944231999779265467687,0.262089660824705461112941509063673535425496111903947235592854,0.606320536144585547683497800684666367947466563162335767061643,-0.190226016786061427277356079949618969131272928156368634673998,-0.0769367627294068679494918989475724715927063097567105460520166,0.110413047118894780631536639349656716476227857557299735736539
0.0246763650917211688116835796133877895789603645394099976359897,-0.240889007651213526882534207109382076787236620741423479087717,0.0505390603415123931348810221001411767957652630686290437200977,0.0791845864821371362590972108994973929452855100405176843961557,0.00607101556108307846689201354814565660150857805381759051839327,-0.298487871079521080065089373271327864643771585379680127993967,-0.284819785736531453310501992608975413722979522835132113000728,-0.165575777791219659283061669305735142559100992426097767531161,0.0488862504546929717654691656526569173295955938074768739963130,0.329324677548033083780212301817012569225331171666031395287689,-0.0707968297665360086919489255604329408517283662477674258515791,-0.0804549546925290041102416284211090823696379078804245252950685,0.0420179609141096657845009798748455755448624510622093388921651,0.254496190740397106013829693271999977120330576948420204394146,0.186727037937995487981066214029406328101378132759501225779444,0.141949853002635925137871443089208378591472640389888395211543,0.568407271873408359479484443351043698041792438470402027604799,0.144776756804787983483347268629344556555691341229510595801072,-0.355084672384849797822028366263400792986145563939976841805981,0.144419614075657144343895874600925845072991601203058298677633
-0.0794061586113162163519331812730302606279139767275997228782495,-0.310803876413484297372902566274773248268620718517422281023176,0.152807759455979425739716849210478367251650962085927099671891,0.503519571466215010312928269525548052168095712662222813527669,0.0739816494000272863198353883614053062923661153392794146320825,-0.172194279533357914916631148575328665925688665477804201094723,0.200497702846566587847649131064548947237646027936207202020880,0.125468706603707437181398579815600422020893193407367793892054,-0.0270854407055578458123058052384320742987926432228594317739312,0.116023115486576405065817942102290653152106473233805141167589,0.102323643076410495352789012878508889518626754328408392747994,0.507542173678412944059332129229449339545889713282090327922817,-0.280973682389222090802589973166110731965898079268433919327897,0.0164842355951009214573172486274529922070011489764633684352146,0.237980984482879881071786624982820969385004621764973676602255,-0.0596213335641410374963849651392307957016555865470307927251633,0.130380480809618739951822574890018544314324507677358499674543,0.144769408028497936086173781622561059125885658446841169828891,-0.177774966115077160945401354110320243972888758095135331070307,-0.194716742376408352003349593180126434938105096360304886841744
-0.479563521507778437261696695669714644801643582239824734909771,0.0489964497544073695360262119181073036055717400277873595678693,0.0197074532111557220068584050628176183415846045534475915001821,0.161376163312291843452440142609456238163102773281809973573111,0.136552951165413964901242785304648449692751160814683792753611,0.00593086029393675783555930517336358748172555910692118402691089,-0.145384344027028576526414325337849797792546589036121818585642,0.0558793192398088234127022795312887441586622459759519214249371,-0.214822761559853350337330710564946559794241123209707674597555,0.427529631580438748725149726111167135542551982800561229749192,0.525956185553201022685620152678605766250344687595275812567603,0.0884825268090521972758313497790409920235076377069536803908976,-0.0658149141778308820027157313180553900209976769365173492354345,-0.113401989396433432950781443894542196478938657553130434501343,0.0434844014905040280244365112285612609281725381680093445008952,-0.0757259588439192674436473140053404428290619239866318349675492,-0.215959322982047559740689337614178830873802517557095945367200,0.144769408028497936086173781622561059125885658446841169828891,0.292231565098185290052284356005631504415122529958111793653818,-0.0839299688313686483817105300760868118055652105336224665238495
0.0320040382244114259981510404397415146712243795599709740005336,-0.395741806120628405054433686966506790276453918383569057014629,0.0104564840924388778470445919984077911736624014095546651124857,0.222183247839053877986431093707226016144237772685519921189985,0.128818675895156118019473661632214462992903457855158048962170,0.0576280107639258663874588964680584093165351931609017734716025,0.0220315659935703738292182834925035385003447967137604271024961,0.0768838769177032287682815912581127592968338602825837410721673,-0.0182112429091899594372472219785258444546372973335545046220368,0.0630532725219444088952104539233454724264985836464402058661017,0.412614427560313726395523525017064393350064622312820949935252,-0.149722995119788545867817246475973031025115828320514660125637,-0.153594264822378551791119832132353351740027526077319828595309,0.00233122637852054824087235906360391634088254326324078262297715,-0.306634500809590964586038918451591073997564305541516551556777,0.446331414232690139957670978783041231463923952375284370234751,0.0781771844112817147316834199967232134373404667018517538998031,0.476969871441981510210277005652134309299673417132410999882044,-0.0805252891772222574398645963376999874388191387189226159741509,0.112575894159617674667054673857578301809648619020443342727400
0.204895809238389160635227117589557753810817286379138420747148,0.101186008725730242209976110985467102233054637281668645242219,0.324269743877427040555285953870587982851424105431947011602454,-0.219901958153645780456924963071557195139488234027983021000876,-0.208602905735841264123844357608538419671350156629809031482915,0.103853396688945565477915652090571701314617698803089958028907,0.138234036409003327739285858756332691132916554350012041653183,-0.293779590061158220649583136184054334575026373799881904274398,0.0106197057770709430153284373666714978230270381426951943808142,0.262588879283170982694146397163965244765792551368119510551912,-0.0496339357535246428111731646044808093908043938844916595008805,-0.00893579133804714657223040121980562954504089671606921995554051,-0.0546017048500382853433646641669622421297654456565427303314719,0.118148684201989946245769779604991214621975798228486022160495,-0.436155152489683641979186361662144451501026485395403834861661,-0.117374972149350164941929575333979246659655047522814280134905,0.257379031174688418570552243540916976737906305787796048568402,0.476969871441981510210277005652134309299673417132410999882044,-0.0455070754886360516324739337591768742712985759073098568983351,0.214901637929493137020397316092202328231029509158247899454120
-0.314783592152572963281425305724753330093855755765106369930746,0.00258113690363493589315763841755112035041887110313967386800774,0.119567982284635208641369408956669701598663778091614649629980,0.0323769523794072108393243637921852726558094392656077958572719,-0.137419459841930914193019115744200868442041510200776847413646,-0.0306891632084861710702596877255178091432524747215268347206949,-0.0746888138055924624037720794070858399438212291039052722589519,-0.0614564218680935740404602136824348364989370432525098866543831,0.0222079982352674325176969480883644558836399099308980771244111,-0.505231012254821615879470595907344341342454125995938695791126,-0.0965827149038044393132690534663472419301427459472954038942885,0.174133023173451418260984377026113832938839603586677450197194,-0.0844587091309108507166547166429674949622860929949061230666560,0.0885280011675173259956831094062765405561990759078489705909591,0.499819048771695884408234043557787310889388366049763550398396,0.0599235132537196323418938824426103446582184916536817578649385,0.496695306512204126613679333641327667767694062538283434725461,0.144776756804787983483347268629344556555691341229510595801072,0.152553589639445376482538969298114398290797180185726232165144,0.0407061358607256522326190054762069432862838770562965335038520
-0.259327705836784118281489689571957247196202997197755386042855,0.244288475892371734327211839206387775591544430170818396307875,0.0185475095210342576298671119938813788553490034028059217360305,-0.00833572131122069722240038398850981509289179388243012534977715,-0.0322214783006438947719083744468312244643527367501915878112977,0.224085055362495934484711806925564555599635499192739771524087,0.208975261374961964854482709783544890132477780377246850446066,-0.132026971396127851160974428014349997192714316557001618729531,0.219724618648928553396544801571964772574760476191176211363307,-0.0103424533592052224984232044996975415120331555133995739183777,0.132611383290628842891729103302410723143578247479332721567655,0.0767720186546886554074342284205398273168696726891516247895761,0.319792501026896176520142539700804165312756502451259784594034,0.200414065177475176769339071608139608903679223183292415643408,0.00910561359036721078301024698185078647881147977017461913600979,0.363611303211112561242554478494856525714345087180253065098965,0.00585868581177896303608911781140874425819802877586370022542186,0.476969871441981510210277005652134309299673417132410999882044,0.431406530796558424077699117811770656950671463999208966078550,0.00798521684018448253408122026792794174109856921011873446960305
0.222314681979569858770875666924553575559840165544554266769564,-0.245928215819914314737187946919385375740951209191178976334496,0.0145593372628102783320082428691367976181451742547249279728372,0.343820853934081184520780081668680963068832380988626077232657,0.0814352482607620623989829313215125333210078712861577765343881,0.0672113100251185925837437876361885680573664123386901889983968,0.220153008595386107536736020804120330687346663000791868546057,0.0143611705363789191179027012317983298724954675467911486862665,0.0389659677468970177074087422942977170481661844737046194955848,-0.273910600728071639072012021560522481100482050288705470224072,-0.232213692394136467087708812510381137809441494541475317556035,0.0903146203749154650330187882411381472428337333981530546989220,-0.0134499711282711484332517985410097375723359862549939350120726,-0.164425857269574229755831562829373346913261579806440408304848,-0.120415038089725466610137196228702591024650700083712664168874,-0.200095083170927743657046075622163952409233912717845585270691,0.185060532575185666874957941355602507558763867861807994894021,0.476969871441981510210277005652134309299673417132410999882044,0.466424744485144629885089780390293770118192026810821725154366,0.110310960610059944887423862502551968162479459347923291196323
0.128333959483330590987770602176536288613834068257343535359807,0.381285286120317717120884805213380118125871707380289681720031,-0.227898768184086217121147020444971395329973798675812709223427,-0.0664317760655591725546789375447684247786020409377171077336882,0.000491308965440781286872044502907879173307708360741647244954889,-0.141524066250232806170375699504766819226944973584306708275024,-0.181343582112388251656765630648801018751147270829910832586848,0.222254457121480499316955683814412923615184149090845672302508,0.0938816192441711045040614362623907703065664645533647391046399,0.0701579840264719732585515552286668214524251001379793163621951,0.0728325631234526644445012465808343098261815931352517231802774,0.0449135104882113452990341031731799843273202056999996473235289,-0.130905228905644709025580797981310999601908726945541588840502,-0.308689384418759664250507306786040165300442931539009280628114,0.306930344954334029909023120151317845621832811910826840366951,0.0439520229175500232530114052555081246332530293782875185667346,0.153218651005342828351508102177546374917945735586602499629953,0.144776756804787983483347268629344556555691341229510595801072,0.618674635040918552484925265222817979925245371980910411069732,0.150577048863078887304064378765227277875895280254349147488252
0.0875974934622642402158452198370408233238191165092123534818137,0.112104665478416447490995264373463428091034968172932084395854,0.162497368074733920368151199625339412303171806654416653990207,0.170728627303537536894363164724664369240102858996039757197635,-0.114018704161727450923262308430042494963850191347597357879396,-0.0543012574568952656938379084431068848053610726226415189017961,-0.308191624412853439243606235514029528143697496494608410118209,-0.339423865741758737704426840354632942991073010459392230874040,0.0657915727155358472579080257145561590880648472140874240309284,-0.0794764537916029003422334626726239889241899802213111573560697,-0.184978883455316271492073722074225676434665463110270844649418,-0.108771528365306275990708916898351503783489027978913248186209,-0.0396904425867376132789024118023975522460703856662500403681121,-0.306253490065550523202733573979513684013234647621345792941672,-0.220092458440026239614889872066509134925955330850169162079675,0.499722601369351706306507021656423902573334020969706144778480,0.387248605589817449502273706608812707013620480419478374777774,0.141967097851132099449573657073170783612709147746531769406974,0.243433395050528177947849289202895396709662526387291082927926,-0.135892263118931116249723388272361521445276577633692442455891
-0.0504502147935582143397234544810822270020199784313465601767419,-0.0893106256290544901695848676498915504328912973815289438156288,-0.226395442070414909922552934380694080293776486257303617121493,0.0317735340007438641858484431169143311180430630145724116873075,0.216712380717175279010517767217616945947180500614686182689437,0.0107318220058475453752608386716545177390445563418418114952097,0.0957667935154070124920335678070506290617071488700436360901209,0.0560976778900680666048060747939634881619454076789623775541059,-0.108498080347319520599839599738900879558596115293403505987828,0.109430876423234251031562189591366802697737890843399663010918,-0.339230340026437308715582553527070651855299075616285609720360,-0.0603877472038270711199708325035151566960030842500932174395449,0.423559907708972396876720010923594088433987791674310270833940,0.0996814726707318437681820587111684937813855141394335052536827,0.0777322729239405795111230011029579242170660012904830591512654,0.180063321075789168316963948417075501492241963167740598246250,0.534608570783381314817692690974950337673368187230217174182305,-0.190226016786061427277356079949618969131272928156368634673998,0.430701499294888306355075436613942719684236434368992527919108,0.00669956890396328852025977022493781468952013341053797056275832
-0.177839730178173575708286440742241254145777012446127497099948,0.113869457199861393886698863785832539909877582340436538987809,-0.118539987507564783174246407726224851230852715516686269711736,0.00167996872711695828676540898062636048826580366698832844611559,0.144006088628758805240854175550130724053717317782271506719430,0.245335136367280633550227412331745338836623849921092005060587,-0.125726487762730707148588412409620277546012691076464102470921,-0.0552277036791467021661802062286198828456882176185394934028728,-0.148769968742563622252056703949825199302930343694052080070835,0.0375936183336143148763389005855981980751973728912027864573318,0.191415726239232621967524987486582143721269944375507238973088,-0.328741936371308353901274155697868756377803766067249655155245,0.201707210514017714455448585655007346475363415123524997990426,-0.294311124487121007451677286647367904098035587360651301154309,0.0724736657276363878890737271777668742429048540552240458625713,-0.184123592834758134568163598435061732384268450442451345972487,0.528537188082046965137129172819383800408512194813488929989529,0.476969871441981510210277005652134309299673417132410999882044,0.000303699083671453882703484465590188483743835015637546249777709,0.000440047607706709815978489213531633572868056149870677211922810
0.150913427483130155657050043275209176161320331378236123174691,-0.0577591840403998002129881147539718645762300845284890784173343,-0.111652012625956908965793648865346690639038127719126499878801,-0.139573812138327796834311990559202230902163443841389718423648,-0.296461447157612151019372410306840699984277843558467640432499,-0.0533741696752671708488806347648680540743933135536338447264581,0.292442753132210354226010774114411846792778512035511993375757,0.208510085780092681753792472652678971171179222802543802317414,-0.221480783912188175613482079110348619686838865767694743367645,0.155775099656751696563159666412622378876163124840639669632566,-0.175796990401317235918711251470278344658549575513584457909374,0.177898567248425507273409971722763618961897060118393737086192,0.0288841174536718471301742897792167796918309478595966850033533,-0.198726332248579089906630424602038325867577089489845547248635,0.201994317407729065282221170388320251746367033909111329167455,0.379582793547282170331436955681958745739310549455647304397169,0.349335341318640261298260349275190037107946355727544635320930,0.476969871441981510210277005652134309299673417132410999882044,-0.0347145146049147519246871781129329246837767277959752128260381,-0.101885696162168752537364153021092392848512833987933879514797
-0.238183507706763740108259729791835808264719609227901125802580,-0.0662350988959173448087017259925417175720856149992338626237668,-0.140439744570422388833778534261218037545571480422334928903633,0.119403477185490558473461356306428210971675443330108449936299,-0.330721384878506982211062180814604794122952346239718788931925,-0.242362204087085427282434691872857582172191654885505970720455,-0.0174026011537694744613279352744019969923469336424289469222085,0.148589248763835325354533436722684677832444879940363942777015,0.145008459761681927133043050486502451953086281381666653598989,0.102737568139174324119240176974605359125930698781752317439048,0.274881838902737549807824644403250898879403775218758107027943,0.243539169752459376262803805445515150150172805893283273975785,0.0217363765357435779014624625982346742452275553552982679870843,0.0383537667965714028625865019619415517530713982739475453747416,-0.349613110120118917008037315277062512429417510704056445384559,-0.0639837850126885985930935324605965755502449789283925055911757,0.566450452353224153341142530153006470314186319505422669446373,0.141967097851132099449573657073170783612709147746531769406974,0.278451608739114383755239951781418509877183089198903842003742,-0.0335665193490556538963807460377374950238956874958878857291708
-0.249988223416270707994799259350649097973856738987076866606355,0.385230993849731409777255071299282401279481254312113947393684,0.170357510275052455156583610409690497385668640665671599058305,0.00623674972389995744876951033058824416790259380239046696186131,0.186340463669092384809600773151260349627136171315945856673979,-0.169256593267770659849387013499144986667450664611491690510427,-0.258288483577518507305413825323100022377439862924094873879947,0.123316306685199707354515991795414522592676827623746640258542,-0.0949707513173015799748869259687511470599638730806244904591021,-0.147878826151498859024376185916581391803991081107565662404190,0.0359048550189121897083223377897102935849918103277794836137517,0.392734070623967721288024556670299363690266685227514152658041,-0.504625675030929324959663603494870490149709105210788851282595,-0.0776057509976031784869728590017156707089587572634220175894045,-0.187624216879191731525270658270154942621262021420477162909207,0.0615199341219037070400395458000293555412801821168478811777105,0.168609781981205339780603213335231636775293052106982230723155,-0.193025877371330581448231708830081412167847544595788226438521,0.102691525306212063654442087705506429436980349250793045772444,-0.229006780836381552169098131561936906633093038438121392444305
0.174975463857577128201610759413764519676032010232943550225605,0.0557076223763033593845928998434365556176813614091443639517663,0.329534825388180006083801953357544242229470425179681533373076,0.0714468694311521621658654100523109144191932767424381992205039,-0.0872135539462654558277461659012774964071428531967458963943665,-0.104718315039446290373944111330310906784962253137266830863755,-0.0180031870894200415494108067617589957524569385265048964702489,-0.168397659612839566699514621830130682133851302750919892353690,-0.366751584090531838712248698097729858437513886048340370552736,0.363496618796831097941869288513723977300766131266447967263027,-0.301123352285114489978845983600200084427260541773241242089101,0.242813470339038395213335114097345237584546781408265699362070,-0.300066553719559278098679590833302615845579227280430020922177,-0.362426290311719561054594574738723783528346510410723595400774,0.0434844014905040280244365112285612609281725381680093445008952,-0.0757259588439192674436473140053404428290619239866318349675492,-0.215959322982047559740689337614178830873802517557095945367200,0.144769408028497936086173781622561059125885658446841169828891,0.292231565098185290052284356005631504415122529958111793653818,-0.0839299688313686483817105300760868118055652105336224665238495
-0.235268694580539887693888188266849916782792751781912573626778,0.357757509608582292893301439454611183604125364280280705684553,0.459735307626474664717709580583677088533352264626305192281330,0.202685928007968417799904334069815967570639505127510495861756,0.177028363416288313776177549606342865142858625311751702696810,0.172742955982700165116059230191670317315066598071953179107662,-0.101471294335970073334600615290375382310526812658093998433538,-0.508937227909390806725647068005773755480901677545366494222950,0.0744570719193154809047537273274882519668840317187354529951508,0.197377840830003560930626979526739686945461899330232229225014,0.00728729561024357579982853529099478822913723598010046769978383,0.141686176038111102207402135655304976494582815545839249554106,-0.00915602498785375044866178784450263195473247312804378643727565,0.0367170503757086488928831903951519240043425690389131812453386,0.237980984482879881071786624982820969385004621764973676602255,-0.0596213335641410374963849651392307957016555865470307927251633,0.130380480809618739951822574890018544314324507677358499674543,0.144769408028497936086173781622561059125885658446841169828891,-0.177774966115077160945401354110320243972888758095135331070307,-0.194716742376408352003349593180126434938105096360304886841744
-0.115997300717837500288840159142520406556431601143552413722505,-0.138756538541561609828374490391000441189228307618505622605693,0.144252861058729288024390643481812042060714357949652815794462,-0.348237943039438451002797971034900116142624056208996528545347,-0.0557760944866420273808386149257348446314714209505254264864385,0.148715571942139359167009478214341560213714647432556875746508,0.0370350978785716325760488926701112116543023502870042265954528,0.0609871215294880920091777122738738862641356923454625652719173,-0.401458456094689647373484145781310177259088719025722443959845,-0.115229607487228195468328630985459368065241066001905667507435,0.0975665757465909684434273881875690456914100201746582986596817,-0.131545194825286461629245491413748876517385703906879801516959,-0.217455261907089984845810923053329003683374240312933599633624,0.0182049857704616112231701047352739261896947112137370688954084,0.221114128289449250133860289066305486851943157245188197543095,-0.00899137381613400912816822000488740257321372804061283882408372,-0.153260596751685623521491934215465248305653691845703200386410,0.476969871441981510210277005652134309299673417132410999882044,0.297432983296208850580339051822752778101256575912598058153972,0.396961310610515807168173604272456414748157181290820946072339
0.317033529755895214520978123578397618499352072293587746220013,0.182197597588116997315665819659970281103170251826336344649235,0.0600849575073740903637896255347606634754618020755690762404583,0.0263323045496664914491250068868932048128026908682759097241052,0.283803802809701181504645336952765187771093457923155390608323,0.137216067595993788434002283429968389024793523733748802380534,0.192792334172644268636851710311269684420034930979989494354843,0.0737498175583672537359096165641108907325470304946033452710022,0.299156503964791393582372669319152445776533705723371872317756,-0.0174623832835774793402402729078888048342375434019351555864607,0.151760808832425061956404243010476383719150743333140048682154,0.0571653006419604324771214353701003868467050102426029931669275,-0.188150579750888376653469138666102206749770721050424898819288,0.150013264827785665348794908571129712289083023994227673417839,0.414002832106811104633071212472774952119498711384124907574541,0.00698011652003559996071425718221481745175173423478140047412019,0.190216058755175674740679297248316044544094635105977734709098,0.476969871441981510210277005652134309299673417132410999882044,-0.168688062105264325422047244101950803533191615882586120750617,0.287090397608162572096728230983436080158545778092768332087939
-0.289249341477188789421948486539599593093837383355392734540316,0.198809678757954947858764196558202139147343166048026549636431,0.0238101610598346315418353926287906293147864300672860896462141,0.283012579428232102700312500601977905236300567002492250335910,0.0891685165969546410743913262429134393159325381904885103449158,0.0155141158212869317947960290298705542485599297158107864462039,0.0527381706310650193437507273237556392148778563827447915522873,-0.00664379919258876111399519638096364225735576745951551577927192,-0.157643966812358875343247394872344758403049189053902065776619,0.0905626057500773047150711315173137363317523948737426969276808,-0.118875812773672118338409905112031249129098956409475520018969,0.328519489838396326535572971704571534007442321137734671027631,0.0743298648318886906108857316487454616583230663763834016374024,-0.280158236824401015525240343512047558226082554232214135680934,0.456401927728414154154215228216282622371172184122851699166927,-0.0685676155991573293184983463130499844604466484129185623964840,-0.0265501286587268008673862406205673740749160344168390963262927,-0.525228790376910838038059428528582494818237197542247865149068,0.118410628336336552430945430457136592959264901215732288843897,0.205938162970607758853686579615342366359783882096152492927400
0.222314681979569858770875666924553575559840165544554266769564,-0.245928215819914314737187946919385375740951209191178976334496,0.0145593372628102783320082428691367976181451742547249279728372,0.343820853934081184520780081668680963068832380988626077232657,0.0814352482607620623989829313215125333210078712861577765343881,0.0672113100251185925837437876361885680573664123386901889983968,0.220153008595386107536736020804120330687346663000791868546057,0.0143611705363789191179027012317983298724954675467911486862665,0.0389659677468970177074087422942977170481661844737046194955848,-0.273910600728071639072012021560522481100482050288705470224072,-0.232213692394136467087708812510381137809441494541475317556035,0.0903146203749154650330187882411381472428337333981530546989220,-0.0134499711282711484332517985410097375723359862549939350120726,-0.164425857269574229755831562829373346913261579806440408304848,0.109058050894054523311564382390009992201173464646510045308202,0.454809707859020234825829831590841989542111564748308726821633,0.265137917676789765233433861262868047428515472253133929490749,-0.190226016786061427277356079949618969131272928156368634673998,-0.247357840764470345412592805413005333835329494432908665739831,0.399487859538829097230562764357726316288328547665327270285013
-0.177839730178173575708286440742241254145777012446127497099948,0.113869457199861393886698863785832539909877582340436538987809,-0.118539987507564783174246407726224851230852715516686269711736,0.00167996872711695828676540898062636048826580366698832844611559,0.144006088628758805240854175550130724053717317782271506719430,0.245335136367280633550227412331745338836623849921092005060587,-0.125726487762730707148588412409620277546012691076464102470921,-0.0552277036791467021661802062286198828456882176185394934028728,-0.148769968742563622252056703949825199302930343694052080070835,0.0375936183336143148763389005855981980751973728912027864573318,0.191415726239232621967524987486582143721269944375507238973088,-0.328741936371308353901274155697868756377803766067249655155245,0.201707210514017714455448585655007346475363415123524997990426,-0.294311124487121007451677286647367904098035587360651301154309,-0.0822129007240332054813332475910873663056622923699761541034902,0.438972169968513222218859018277927244305320769147443056608167,-0.0754580086642429465181372645849631295874877949744061463689160,-0.190226016786061427277356079949618969131272928156368634673998,0.214853860380948400289066875253422433534810391441417638046704,0.508437288246725611484964700456254560793025371695659249473518
0.150913427483130155657050043275209176161320331378236123174691,-0.0577591840403998002129881147539718645762300845284890784173343,-0.111652012625956908965793648865346690639038127719126499878801,-0.139573812138327796834311990559202230902163443841389718423648,-0.296461447157612151019372410306840699984277843558467640432499,-0.0533741696752671708488806347648680540743933135536338447264581,0.292442753132210354226010774114411846792778512035511993375757,0.208510085780092681753792472652678971171179222802543802317414,-0.221480783912188175613482079110348619686838865767694743367645,0.155775099656751696563159666412622378876163124840639669632566,-0.175796990401317235918711251470278344658549575513584457909374,0.177898567248425507273409971722763618961897060118393737086192,0.0288841174536718471301742897792167796918309478595966850033533,-0.198726332248579089906630424602038325867577089489845547248635,-0.212829026219330518894242005207605455295775632094830046745108,-0.129501993426187574464106698614278820477111723493103527734856,0.105259510914418737114862710815838267983137281625641235637166,-0.190226016786061427277356079949618969131272928156368634673998,0.250168254915241259596457133912061202292235415220908260131715,0.611628493790203827525457740033396951272225006853877188432280
-0.259327705836784118281489689571957247196202997197755386042855,0.244288475892371734327211839206387775591544430170818396307875,0.0185475095210342576298671119938813788553490034028059217360305,-0.00833572131122069722240038398850981509289179388243012534977715,-0.0322214783006438947719083744468312244643527367501915878112977,0.224085055362495934484711806925564555599635499192739771524087,0.208975261374961964854482709783544890132477780377246850446066,-0.132026971396127851160974428014349997192714316557001618729531,0.219724618648928553396544801571964772574760476191176211363307,-0.0103424533592052224984232044996975415120331555133995739183777,0.132611383290628842891729103302410723143578247479332721567655,0.0767720186546886554074342284205398273168696726891516247895761,0.319792501026896176520142539700804165312756502451259784594034,0.200414065177475176769339071608139608903679223183292415643408,-0.0215580746012427901013443752265080967889398750783438473334167,-0.113664455535680561857135885301364075240320927892237857521390,0.445855437255451448866433836663669444999140548853181311496832,-0.190226016786061427277356079949618969131272928156368634673998,-0.212043446230177486105202546754366565077904470653418043654820,0.502679065082307313271055803934868706767528182823545209243775
-0.0504502147935582143397234544810822270020199784313465601767419,-0.0893106256290544901695848676498915504328912973815289438156288,-0.226395442070414909922552934380694080293776486257303617121493,0.0317735340007438641858484431169143311180430630145724116873075,0.216712380717175279010517767217616945947180500614686182689437,0.0107318220058475453752608386716545177390445563418418114952097,0.0957667935154070124920335678070506290617071488700436360901209,0.0560976778900680666048060747939634881619454076789623775541059,-0.108498080347319520599839599738900879558596115293403505987828,0.109430876423234251031562189591366802697737890843399663010918,-0.339230340026437308715582553527070651855299075616285609720360,-0.0603877472038270711199708325035151566960030842500932174395449,0.423559907708972396876720010923594088433987791674310270833940,0.0996814726707318437681820587111684937813855141394335052536827,-0.0946259861105089252351888763671363736244326280665029731496916,0.0737287372054435695869482802832973031763651371544184663117025,-0.0809420981521828718258976320301507791265112539197151467120291,0.476969871441981510210277005652134309299673417132410999882044,-0.214498836677571830937224662326717866288234026805533523898729,0.501551987929948999301147057862106774816707231101145554330136
-0.289249341477188789421948486539599593093837383355392734540316,0.198809678757954947858764196558202139147343166048026549636431,0.0238101610598346315418353926287906293147864300672860896462141,0.283012579428232102700312500601977905236300567002492250335910,0.0891685165969546410743913262429134393159325381904885103449158,0.0155141158212869317947960290298705542485599297158107864462039,0.0527381706310650193437507273237556392148778563827447915522873,-0.00664379919258876111399519638096364225735576745951551577927192,-0.157643966812358875343247394872344758403049189053902065776619,0.0905626057500773047150711315173137363317523948737426969276808,-0.118875812773672118338409905112031249129098956409475520018969,0.328519489838396326535572971704571534007442321137734671027631,0.0743298648318886906108857316487454616583230663763834016374024,-0.280158236824401015525240343512047558226082554232214135680934,-0.141766509313634416757647144537181337625462479630583329675386,0.573454593918129665292286078417953356177052380590810302706261,-0.322516416141692302136331547577797575362617740636050061043983,0.141967097851132099449573657073170783612709147746531769406974,-0.257709476635003393208283954687712020678592510975475357446558,-0.0804515297371503876390376813372291368113879575601876084151934
-0.238183507706763740108259729791835808264719609227901125802580,-0.0662350988959173448087017259925417175720856149992338626237668,-0.140439744570422388833778534261218037545571480422334928903633,0.119403477185490558473461356306428210971675443330108449936299,-0.330721384878506982211062180814604794122952346239718788931925,-0.242362204087085427282434691872857582172191654885505970720455,-0.0174026011537694744613279352744019969923469336424289469222085,0.148589248763835325354533436722684677832444879940363942777015,0.145008459761681927133043050486502451953086281381666653598989,0.102737568139174324119240176974605359125930698781752317439048,0.274881838902737549807824644403250898879403775218758107027943,0.243539169752459376262803805445515150150172805893283273975785,0.0217363765357435779014624625982346742452275553552982679870843,0.0383537667965714028625865019619415517530713982739475453747416,0.336333845062870139963569380833378616219294043271133727103299,0.319839971376419909648672645683848428402390658593201732084210,-0.113053295441442919505371284839859606069182331111290363404952,0.141967097851132099449573657073170783612709147746531769406974,-0.0609612304848848730126116832515553443823755463755179446844666,0.542158643071334524983395120740236551373882724555037303695319
-0.314783592152572963281425305724753330093855755765106369930746,0.00258113690363493589315763841755112035041887110313967386800774,0.119567982284635208641369408956669701598663778091614649629980,0.0323769523794072108393243637921852726558094392656077958572719,-0.137419459841930914193019115744200868442041510200776847413646,-0.0306891632084861710702596877255178091432524747215268347206949,-0.0746888138055924624037720794070858399438212291039052722589519,-0.0614564218680935740404602136824348364989370432525098866543831,0.0222079982352674325176969480883644558836399099308980771244111,-0.505231012254821615879470595907344341342454125995938695791126,-0.0965827149038044393132690534663472419301427459472954038942885,0.174133023173451418260984377026113832938839603586677450197194,-0.0844587091309108507166547166429674949622860929949061230666560,0.0885280011675173259956831094062765405561990759078489705909591,-0.513172731897412270680091504791602356149388963707612854356480,0.192860935797536882157134652877376119079295247708659790835660,-0.0433468113749828988386636117752543026448167177828309296759930,0.144776756804787983483347268629344556555691341229510595801072,0.0613162541882614423644538961782599116289519110114020588324412,0.467830633105340085802716637578124784235849878241767500108335
-0.289249341477188789421948486539599593093837383355392734540316,0.198809678757954947858764196558202139147343166048026549636431,0.0238101610598346315418353926287906293147864300672860896462141,0.283012579428232102700312500601977905236300567002492250335910,0.0891685165969546410743913262429134393159325381904885103449158,0.0155141158212869317947960290298705542485599297158107864462039,0.0527381706310650193437507273237556392148778563827447915522873,-0.00664379919258876111399519638096364225735576745951551577927192,-0.157643966812358875343247394872344758403049189053902065776619,0.0905626057500773047150711315173137363317523948737426969276808,-0.118875812773672118338409905112031249129098956409475520018969,0.328519489838396326535572971704571534007442321137734671027631,0.0743298648318886906108857316487454616583230663763834016374024,-0.280158236824401015525240343512047558226082554232214135680934,-0.401903286489024407563703345364252804119037999209324505621888,-0.558725955858611436290280192591273186728959111947834932006417,0.0374029502003760853355372513671975855085731750499416156306981,0.141967097851132099449573657073170783612709147746531769406974,-0.187376868412124328093503033450550138753646924384371976285732,0.125065419576203290754798000474537280089192567735834887270288
0.0875974934622642402158452198370408233238191165092123534818137,0.112104665478416447490995264373463428091034968172932084395854,0.162497368074733920368151199625339412303171806654416653990207,0.170728627303537536894363164724664369240102858996039757197635,-0.114018704161727450923262308430042494963850191347597357879396,-0.0543012574568952656938379084431068848053610726226415189017961,-0.308191624412853439243606235514029528143697496494608410118209,-0.339423865741758737704426840354632942991073010459392230874040,0.0657915727155358472579080257145561590880648472140874240309284,-0.0794764537916029003422334626726239889241899802213111573560697,-0.184978883455316271492073722074225676434665463110270844649418,-0.108771528365306275990708916898351503783489027978913248186209,-0.0396904425867376132789024118023975522460703856662500403681121,-0.306253490065550523202733573979513684013234647621345792941672,0.205717719567572826550660623216860527229180703546279834461680,-0.248634192018280887034293071208357636380041834047344852258813,0.0676642241372187641276286905609417915014427454887570186011299,0.141967097851132099449573657073170783612709147746531769406974,-0.0256468359505920137052214245929165756249505225960273225994560,0.645349848614812741023888160317378941853082359713255242654081
0.128333959483330590987770602176536288613834068257343535359807,0.381285286120317717120884805213380118125871707380289681720031,-0.227898768184086217121147020444971395329973798675812709223427,-0.0664317760655591725546789375447684247786020409377171077336882,0.000491308965440781286872044502907879173307708360741647244954889,-0.141524066250232806170375699504766819226944973584306708275024,-0.181343582112388251656765630648801018751147270829910832586848,0.222254457121480499316955683814412923615184149090845672302508,0.0938816192441711045040614362623907703065664645533647391046399,0.0701579840264719732585515552286668214524251001379793163621951,0.0728325631234526644445012465808343098261815931352517231802774,0.0449135104882113452990341031731799843273202056999996473235289,-0.130905228905644709025580797981310999601908726945541588840502,-0.308689384418759664250507306786040165300442931539009280628114,-0.321901780279324541887193874810504997642553206691126654944789,0.208698473688043894764105466190290864316086043309525461049125,0.297249114966049812912907514072576874371186549444709146183673,0.144776756804787983483347268629344556555691341229510595801072,-0.400895446957157303337205784488167855741187974862924244954094,0.358881204397443571548314701479596539731153054211435520919830
-0.0791959180531202458307707812040298937905999443181077400198922,0.259299786584062789536509193753283089662863244536926808304492,-0.0772629102075455028546103770897678778893508590265571079969868,0.0980591829755647903963482307259107582763248179905208009474541,-0.361192968927509961335256887209244641967777639451826944228472,0.286951798928203123416596095250228480451209924988112875735779,-0.0243371188520312945996662941878461061946600868218684717150755,-0.251353207297158272159507511021844152786545836329428337152170,-0.168449723417047031466236091231312344978077891949242758872887,-0.163229192424990674417587517547384902312347867952787931791564,-0.0259131232257377337368234029514872577966987821849782183646953,-0.329445105288965621097369753822764022562766655212653606698530,-0.106564781376995565226832483912526081337019578916588546812343,0.205150372820678773835445509112008702325073326119357042339375,0.129505905778893283596296882466915170195915308669606291288503,0.369603418583279755993534111257255725131910809322407504516509,0.0451926382126730258138961518608174617211214977446676371430235,0.268957176819959505915226763873777750752286229534138251846359,-0.402831811962427698553773041639465175416851693634953455215889,0.163200471096411820398998487802340217347490654075823729408382
-0.0279714218588662176541322386610350442495312582524143831076615,0.273055129032611165067670796556879258051384886617571823571011,-0.0572875855868015494170708146121670142718274505535742418432976,-0.0897581740657105886846666562812615645295934779320061047457383,-0.00688168361667531305062964162122851036826033022877925543038310,0.338345219431092807652685114070051589880729560965877381149931,0.322852022612570513592417790588325344801999279990875710505124,0.187685257248925684004755277919401732516981758237204079596410,-0.0554140745398993683587708015147514891943223673251151079819420,-0.373299691830285264562889891570268221323487844107740245947059,0.0802503928074275116442980921018299135867611471184096159570020,0.0911981756622538891668242322139741766498488260848684126821250,-0.0476286562469536111079417794248831891886671112690950810246443,-0.288479291265730270046866066044352282905528273662736882546866,-0.306416978766940255788345755555382835619225000403997905445474,0.00856500046793293018502806290386758518129472825706645317541200,-0.159444299336501770676076097176488386818337738185446548922120,-0.484122918275927110647408174972799951354115213161448853323447,-0.249656457609492817434448753761290854312352413967536032435647,0.0240023153042158976556312635508402816699229157339324563410970
0.0894162963243459221053056056093312599508599684519142921444901,-0.0300559127715102097220298781087343018502930853297030721088985,0.0783751514235268584469859241253026575895424669179095532643605,-0.326556602145027292367275879169517658245822857359808656682501,0.000836527601259619333648542978598859272265440925388277215202591,0.142541158649108727848436160146139167337230590138013963982278,-0.244138926166625403515654878029867000085114241891257434320272,0.507856167292384461190530780627594385412949951524054815847125,-0.0665714530538801908501390898961863559345554221277916706844772,-0.0115675146629747408985292793650732019433263580030597408602612,-0.101501403270241171480051345018991998981410296009041974933027,-0.0958182436491318210218873889428713790760518231485441961191483,0.282549564308416298954263451286475435348170273897647166546926,-0.141169919895217543251879842830228129359733721038152997389791,0.467089478608869047136977691803097125782260354202678757838102,0.00727044027234719668862876082051472776104816740440569145403151,0.212224782636401229877853558687794169052204564022916822007089,-0.107582870727983802366090705549511100300914491813655300738544,-0.190563893786589702654909453429272454467261679501790011639109,0.324827948741421108352040415111998086199513081079799645961448
0.0532306448933560777332645505408220518883155032219326892826248,-0.346932036126287526172266522775165488811657799449969132123864,-0.211669885997421476477636269763160102313733302363194347921945,0.194194677586646435504313187612799457413325210482314152479505,-0.0472171719478078242809399010174049170776680385852619587718050,0.395832238910781134223384173331991566395062841971768257050062,-0.318351144553381082505028268419568843889979852127105076298475,-0.0266008548564300801570535439390427140945771955617714870133373,0.155883644894550246490066266150722284055519664089138972572290,0.106747402692859605285084970598449043038299836555247699720779,-0.209171792099787234749938728454030006363379891662747313842123,-0.185731398470697836209648930204991159082184335913764360202366,0.0275930278792603170451404691779013578493451052647866054693180,-0.0441533275907920522781996758546799731536136931686749695505433,-0.491727090356765875764340044129271853915902568662700684078387,-0.134320288540637309035490974127784990681701713411965601809963,0.290931635725591233381451581007705118822192195147400110864832,-0.107582870727983802366090705549511100300914491813655300738544,-0.0505030546242974130253153539681164246662713564414212998960553,0.240963370859283624617754894517025478510314126517250408975314
-0.183374994496909140985061187877698099704095943532824898386400,0.162069315590689427590210583484905846049338204806047195781545,-0.0655087055781670679879960838441088991676525285909323552164471,0.0511559797751808601652243329836818811163199098677685615252798,-0.148330603861019846756740149988475114823965149974546705486170,-0.533554233115351277269432177026447841260231066084031828682538,-0.0240355002636816514227776040962269216106706522029277897439853,-0.00541571870743658732033469908870082847425959168881011115821505,0.187005240900183358820176178617016080544576855256967558310070,-0.119869021096256686643674013352855951024501535828161149230786,-0.107171923275592000640728882256300248735332938795247655783231,-0.329079673835481627873648280383984093130644288748950290607872,-0.196493018141316076296939836043680603433871494286044392334032,0.0389195645773743107041465800309646962716963775784253511297482,-0.00733218943732383817704441431664398079255713356190657562019705,0.142306483302166737949565423753439578731080114897062179206516,0.254838944239738902461137766233350755725377375787105560557915,-0.484122918275927110647408174972799951354115213161448853323447,0.122071807716397260418258914921527992074243778671884680422613,0.286604879118479390083096739633329681978639502117862078541034
-0.0696860355436617356136090818371605441992479165153010277073837,-0.388072258350953099554787265524088852450996596056077285341785,-0.153497534452208670183553777217196245448991003594062234668098,-0.211912733721557948236254590845921741419429996731028582730746,-0.0693008840442201295812938929225177600083112888217449012480561,-0.264272117489270673412064855367889842239069425065114162795369,0.313011658242833723987293210590335619003093994284880250907020,-0.144884446855535544632773396552120419967241378060188922859494,0.0191982710397566631058219129433321112128539116355107661492695,-0.281364344305906132841090735330361133983852893913983060631254,0.170388760753817825814538863876533831255555430714288717322829,0.0792759043124640244374353861814765743972075400597579546034086,-0.0945941439360123733113529518103829576098659204256479400262508,-0.204936399444238504389522901548351438357553192616546168714406,-0.0173054223105729904503179380095307473410850808981153506200883,-0.269356331570456850296427637060709841651733660904622089562447,0.248317474122253560798167373462148532149019383383211372314006,0.268957176819959505915226763873777750752286229534138251846359,-0.363138756127284376098483722318916871207776814615095991957777,0.279186440482225342886698569995693882731187705479187976395728
-0.0720208651877520734249159707009089763871725476776941908804365,0.00154356318016150979684554473699265863192073886377978380808043,0.315900365898847527119055775942731117193599843455656990316350,0.0456716905683045899352757423428612482976506561636812915264598,0.366433399856041017067279361956012258055106428893874247114509,0.00335285317327880421555683224413118504275893299580084184800464,-0.00255518610310653570443371236404670410099240506698014253537576,-0.0424877275511934214615278980217772102125008091694544597402078,-0.239242651934938303046068811235217047711804615346359248175481,0.325544732917607004075500835570820916927827891893350321471304,0.0676204922907853841012024688355675191767359602507994558783075,0.196876904062295181625160037689829980184934417853981530191740,-0.327882893572810561318459044667381452643130724276391204616664,0.161591860075230513660794896526378391464121245196124959282557,-0.104604651988726804414105241833982658940541654140033716948830,0.0822952782378370161848006599095259063168834860592875066867521,-0.0925545008318905364234469332434920604953675918512794516512982,-0.107582870727983802366090705549511100300914491813655300738544,-0.242054784595548522542649489262507433172708313984253992988881,0.565880810935332136468374302711812599308756051924247033683110
0.476390916839451988050737290319437901346109906179667858705534,0.324538797215429690873076390180419530826850897043910332735802,0.0153764339002671654190615519032385965224726797634501023035956,0.256895785456973124724174933445656271633097980685540948649937,-0.0658972269234805078447740208671498592206907763428167796716274,0.00209276967861831399868560705455506083427505360987083295718054,0.0391891867394435337270888197301605830392445006906841560773634,-0.138810770137726561463785339328587504811136312569328372258845,-0.305337692369638086898426310577197129624022869818177886227776,-0.00776776527880539073228748947315174069524763275986944708635873,0.0295167674873955784437956140483116241743040046560854285824327,0.247453053649426065168275904649772356438383956284417872488549,-0.0536672119192960510120777157145557086982719895689428590574410,-0.0374273095599131353905870172948471281960937838806207589072764,0.0799670402408299757867428895078079308068994396800117907085448,-0.209345126506127128531662873216796169237537032066847417042683,0.595710919193882999682752072938991348369764351021596384523219,-0.107582870727983802366090705549511100300914491813655300738544,0.000987836184661406862424681865118554039175278041042681453716389,-0.0000894913346274034985789930827890345989288443271969787463489332
0.153298466235320092274497173070815374971211370378552370606199,-0.0234822206216235931009190035813523109972919247450245194952914,-0.419278514722916835311634495410004978341045627769843363880377,-0.0479887883907797148180423650041073038278238105130839351046518,0.136856697426673892165064962253205338691610508223946828024428,0.190383183060832980850635588813574245359862705988326801046912,0.0267280719567709859766576311908734900374477300458777756963494,-0.249051508259434818152768133839071752473557025538693039430252,0.0668657584893913609006488034004076764874846787255272039502734,-0.340344409690843240901783006495099032198854471674411351102314,-0.0680268653008664922499373593660337428516369348440723603786249,0.232355564757978269240548037014053581628428662771690968191574,0.0656848175702140270780777838505655705003157006915191169192772,0.283250669119489877308591137014100825382942128964281506426586,0.250284343151821949576893505511730043986888472291154100220857,-0.0106813685026386928236770534665052494022454949540922168132789,-0.173839830530415893157656899878663885313303908956241639101239,-0.107582870727983802366090705549511100300914491813655300738544,0.333351889707573849454697821266602158984658514764005442545676,0.448321848098116081534717660025776585429590773449034973840449
0.124753821477683786891408072866674738095401044284028518121972,0.284875173211641881023954768625148891808398585851510835150716,0.0611198021747938483335961896430562450817189302173525050404000,0.223897938202166550451946224564092053686145810309677202682418,-0.103895396705229654712313050500147462575800366508140247752867,-0.0695898447912894448044218013813874212220387964431523964016717,0.0328681328210928746213090275708823984049238210682640856431225,0.301123277989691550386547808054975431251533356542934015403730,0.0435177297842037395947125825549512651041677912068454764301395,-0.0794549597615924245377666807070734628894979827280648420850478,0.438873734583581880886539943862704881815362029593948652944152,-0.260137048447341817723470232433213358808039509956129730217716,0.220780167330254836046119327962251987322667268104937184435729,0.0901403840501308286830896649127170574632412261008462330433920,-0.234110557767620088010402124300897829136456962809640008237333,-0.287308140345442739808733451347729818815027323263119997829757,-0.137747139044563562237343085104309522216489089595947088794322,0.268957176819959505915226763873777750752286229534138251846359,0.160777027366879176011123552376957742244143379650699462227008,0.402680339838920316069375814909472381961265397848423304274729
-0.145470506137519037757955878215502387373989791510475578245963,-0.432198646235300461196329106293358293168415923064865264556325,0.258330291446843076228112166613350658034867405408648965864805,0.0753024696407536899197041398964974124565473270272425855938420,-0.000556913884370993231367181715622853326902442804928309197370541,0.160421899479656283796611376843729830435199921969602854917686,0.205558550370343730450596322421913157660632329464225852626080,-0.251932290556194155142560518289751473407073927614916936694849,-0.106417714558501863059280470924047247337069553211926880725486,-0.0795262414329584309658092988432764328042059367268026059049179,-0.0825579594326913598810233195538394993521693551807831504241657,-0.0509108511062617683865110121043010237366718273815504079754171,0.148385119430725703136140611189798937093296652221779699142226,0.349908949832635116070542715133755681386949044536113066399363,0.265277151830655595762737178081696949103577007938714569341458,-0.0664598374975568893111438361851435933745405903978153620573086,0.145334984131789995625224394754797842729234417688749724736267,-0.484122918275927110647408174972799951354115213161448853323447,-0.198165566800533997546708717928055875606905779485072051085876,-0.217050546889695130460702624048974231439320055110514931380566
-0.325056147231431675023242161085657865467665648106957583443785,0.0281175551439068770680628326139793443284223796079079097469147,-0.0668150550933892852122647780164536741556550409027642391594964,0.123362324191326295897435148362382494919612329384807997970288,-0.201686621971452567966424435611616684345237965780767584390184,0.0591369195943137987503245510488873614802127676370128829060560,0.223430972743717213127335987343782676773200550855396123568005,0.0121916709035878442657604929096841361938437962921324209157557,0.101655566301995140552943452500330106699485202265575577515842,0.477275510177813380133086219875355121426454404624709303594036,-0.297675442353289338253406216718484411937194059944289034991720,-0.0292571946757414505180088654182193483012693714796928667140407,-0.101547169352954770019861280147225989420069604779742643305605,0.158271194455362461392834593742860524461108749890475598666113,0.337583572829975763540680809336181955586345045533072466549598,-0.362332978310932559304905350436740997370862641918001813062478,0.167032144423728204063957406826976707331083066278249184864065,0.268957176819959505915226763873777750752286229534138251846359,0.212267918175837995898863588210192720949590014133163443576780,0.161627477645009287953041927309657868852022427003975916553066
-0.252000557292633915217623317310054315697408360423993428268027,0.278767227106920493374147052599602236715362978584231852896323,-0.0165034583922656506190809273869211166934776626909552311836971,-0.389731555418278731232401706931462699813372132140339342555372,-0.0923093686941554761708059919993633871502909015154939356711157,-0.0761860954565941389853379990236517258338263874449746216565425,-0.249550233757326338441963354412449426195885692637621324881183,-0.0162788302882965720805286882951633645164805671318055096233333,-0.0441691277437413184600009529830548434227596209401294148200424,0.310486124520455493201988205093718400496795244914537816656779,0.263221391287509771446773821162540958893118251679304857145389,-0.102374411188204342962661667993234279701498985537674833083550,0.0152459576205841530088457669028931250411492587209274809922299,0.186381786827104804776408973141167708921663654716851235814949,-0.219117749088786441824558451730930924019768427162079539116732,-0.343086609340360936296200234066368162787322418706843143073787,0.181427675617642326545538209529152205826049237049044275043184,-0.107582870727983802366090705549511100300914491813655300738544,-0.370740429141228670990282986817700292347420914598378031404544,-0.262692055148890895926044469165278434907645430711126600946286
0.131486522460188132763990228132768154426160440059188666463222,0.157284821358239009943462405142547406006505697985073765338111,-0.163515072662620212527877545761069651444800447752947200915625,0.394738462322715860271906496946667393091277379936635146939334,0.0632239255144294545156228751971512846487170584543093211468162,-0.168573693261319982068524232272608990592130023056813518770693,-0.0419804271210704901675383260085758086223272605047742023362961,-0.0691307855884972229367219750318526024466619279649830960952538,0.455065557366108862256622079419383637411584017787882911583576,0.130616318476264544081706696671998321311699227976480411811774,-0.110594726548624304698866584741622093654182312771067979903414,0.149110540563338236056661718894328847056676520447458318022530,0.246492254577402200902381029103815056241845949720980524908332,-0.0206359135564532398548376612598075260719076576607828355177353,0.168004689279252629525676350564358270955592487360587428012825,-0.126471042561886611075908600029057265788737219235590034577072,-0.202058460939839443259360304722044973491510549949635287472946,-0.107582870727983802366090705549511100300914491813655300738544,-0.562292159112479780507617122112091300853857872141210724497369,0.0622253849271576159245749390295086858907964946958700237615111
-0.359367296246670545025449631899097857161897406492008837704753,-0.206526603284815457680168350622502881333142922848276073758992,-0.0681081548098292399857360863738268700906669832840996547130132,-0.0298484803712834587143778757473280606923526961998492731686799,-0.321700374590580863206010266300917469654060391829356314602585,-0.155538649970368746634432440970674640375034748278316414545752,-0.218536064377964870944188818275736872242872519433853034005618,-0.0835976956602737489891411299037113313555827919265371152270423,-0.339103135454505895108501789266529287185828847481880146708099,0.0197941507053659039492578025212726188892853555776932878306133,-0.172025563315995933604442109593390741795908456669660990369838,-0.0647986335913650432379934150419855598900105638336428877657700,0.213274492399531493672381004580614696340805476104555246453647,-0.170044668221073686679232217296185907600256338053796280600891,-0.0488004461777944680344078357270088108397793945509372296044202,-0.144422851336872500588214414316077242952030881594087942844382,-0.588123074106656566294870763288503027857019022928793748581274,-0.107582870727983802366090705549511100300914491813655300738544,-0.0383763756183162283980098474162166874019376778754152703125839,0.185719284283852589107252183943287185120874187065105351640512
0.269988361297409623745443170056143671571512520338230093029197,0.0750795299954043414627696642849606163141756305966585404441541,0.159192787370804107062222365590593674522927114279473968787195,-0.135347528671934898113126782080552807186328142963456617921960,0.374882902720902352260031379034281906929349621110652733391107,0.274725042686246319466162105700389901980895453871253676290985,0.0197263858151048898002741563560393635644788692556660657094824,-0.168430502037743850019534904412539147478135774774877513459992,-0.164371567125955543253477947998613483016506905107931820095251,-0.116456206110314822754228803837920524553103527982661400877735,-0.311587052984110368447672591020754301133723400363948335275261,-0.276059169613660799579636338698380403184125475758304134274119,-0.0246388540412876927149050960046430402927317428995466011038736,-0.0434751790612547856864013571072261435667967833747756629950996,0.0384987835003593459293794680974431007596771786909811367243217,-0.496074461145166367069442711286312990920648028557997539093581,-0.247251099152512469073256456582862435212632047694302924615970,0.268957176819959505915226763873777750752286229534138251846359,-0.159460347150052081953844080472626125437006178506257269281480,-0.100975086169254204474423548772831531456694159379953705646871
0.0571868764145684713065725957870920442008381752800476993712778,0.101236352139548740762809282433049429542301496074150116216991,0.256626224872991902259206427476867725093370748433323675928305,-0.0360162819839299843074861193685756186229286720275745735099603,-0.245650175807823119875605476084050271013639044668162358898371,-0.0121648516515317842116719079605609667726874577870116735607503,-0.108554617810752387181054278373687162731838538613219488326416,-0.0635884502329852496503716438311814889246473969243871053543697,0.122985924587824165847438807578141376933120188442620950034208,-0.124043277745419470306153048903919622986631645770052929151116,0.384528066144942517932094929884471058106402040043043849706597,0.0684513762811652207211910607549810659922496030434250440815421,-0.480118235282753459288644224154089305788006676138310850211518,-0.112992027521975921183436312154257653815165657407674352200725,0.522893684419801383516675097910070973883022613791775245182512,-0.219447689302362320084386313405088421507866200248969758077103,-0.283343790638364799993570271357216798309446867054597474922887,-0.107582870727983802366090705549511100300914491813655300738544,0.0131145151906425914897301884170182913035089566070487110371877,-0.0553335779100584390090817036565273279883687837793420360811507
-0.205656008360691485844708083073398723523661791149162811459775,-0.0197539320288966532108335475910235831969871968336305456538373,0.351898248436830054503026334348611124869376022992156021561231,-0.0253464954921371547581006149471120474379688834606790697905163,-0.546987897339824143821703494513081654901254237579348890080103,0.0280974586943872971993431137801463981156548088137408264382384,-0.0848892857076043378210628635905990300354391503923497644458507,-0.0368689118090138920666420309668187953655859674637175336776320,0.120894666790730644183588196840053791922204968587740125430177,0.121268102714709991299341845456866976936158925138124882490757,-0.251517538992925061174774945460741108285531584206592203338946,0.392519872657653511906286393353033598845020425396764961148897,-0.126690370237880958032121100087979708830475203102816884022452,-0.238849595501392152996005341247668108127889488215688727066904,-0.0480282134211191161769488955057996963723038812939018575562790,0.0836387851323852014216650402235755099845738706210524642392962,0.238525542468997911043339325069387559066108284264542472818337,-0.159896785682106019066359722215401600724689710720297210428888,-0.322767693605908325778639440191587095183579332547150308944379,0.0927000560497797343584366731387875007196370430461878265841711
-0.234168070776376438275842259802829111109860704094966103016764,-0.0804086117093787084433073809150763990848332734229983337171987,-0.255973103405737452844617074273408828167572105384963050842476,0.375261372155909132452136761376603163420945947905146673931453,-0.0813553345494134321366370740328503777744787803391638158971825,-0.0851855029208184345832306838855235741944985248690036178066374,0.267377721695417020066951044452939721697269668412981980379729,0.288788889175890764876958574629556155960438705591185537923178,-0.379668315047600027654895975627714128878019739880129211134357,0.320019330441100138215426172585396809877209878958620429314347,0.176720973270004853135095081329558662234658525738744852937919,-0.171422708945243551055042034846109307548225141645501369410367,0.199788390382686956999406062885759411998787364147767239082383,-0.109378276674149704166430132667924440417986399677600348261522,-0.0480282134211191161769488955057996963723038812939018575562790,0.0836387851323852014216650402235755099845738706210524642392962,0.238525542468997911043339325069387559066108284264542472818337,-0.159896785682106019066359722215401600724689710720297210428888,-0.322767693605908325778639440191587095183579332547150308944379,0.0927000560497797343584366731387875007196370430461878265841711
0.287238382778391131501082684023882449831917406243662129994363,0.0631491987923753800624235690299007686599523063080966221537742,-0.287536331927287254521493739235560927148722822432119352325895,-0.384445725534422654808936547785190606908417709149377083050459,0.0955161132632416409440041229335923840989802898770646219501768,0.0557361461756692112629809732381312970828584174655775688430380,0.367370841591245391002749706295347971085261866388340909668756,-0.00564405792052093824519091432133332040664106485142917241872003,0.110737423163736361412446760297619739175357846507886709586448,0.206596500903306082611512369235632509747006144264825475071013,-0.417614743072823331057193987386247175416416606600853193478624,-0.0502742368239795061137800338273897817437257984458192810973868,-0.141276182064964888860475164344530049527092945710511420867135,0.281848036681275886894958336364241639130587083688759178936405,-0.0480282134211191161769488955057996963723038812939018575562790,0.0836387851323852014216650402235755099845738706210524642392962,0.238525542468997911043339325069387559066108284264542472818337,-0.159896785682106019066359722215401600724689710720297210428888,-0.322767693605908325778639440191587095183579332547150308944379,0.0927000560497797343584366731387875007196370430461878265841711
-0.241144087084496514445286727246711275410572163985270812508706,0.118820993429161225350293951822189566632315936356013176795483,-0.136668472591545563018518718399786410744851164139312600413360,-0.0616152983929784787954493764117948927496784679060972604078555,0.409731688955925013942341232764569505236284888456576858410624,-0.0796058306261642649121447163416756683292502293398134721371505,-0.339795250090331844741173169126539518386066833208022940054309,-0.342216926814704812876892030544451701343081301511145571473321,-0.254298044304068147566342227879741768838392401126338598534800,-0.319955325358108661664341425979273696691400692365426506958553,-0.229178579662065735954068540147946923386285119052324223116489,0.0836839432283414666510553836909691173617956786895764629744518,0.221716224983089396161797253829075715727282773053360642874427,-0.134934546787551048769820944012722545070956711318802327818687,-0.0480282134211191161769488955057996963723038812939018575562790,0.0836387851323852014216650402235755099845738706210524642392962,0.238525542468997911043339325069387559066108284264542472818337,-0.159896785682106019066359722215401600724689710720297210428888,-0.322767693605908325778639440191587095183579332547150308944379,0.0927000560497797343584366731387875007196370430461878265841711
0.300490073216859785960797814364670730427360600488450087542776,0.0143603172185544168258707741211878650697527859916656074885770,0.409212404197078181279822070003053876181565206562921367449639,-0.0271809720096280637225648595358493491460681184670412628673227,0.140186774238466338804399336540102821306739988060020006077274,0.0639189817082513271327944756465356815762331665368291256496750,0.0328020573169898615491960711606275082702929766073047107296726,-0.214117865646167499169075396237108685949231301242169816692528,0.243987188950340042829930981555344910048684856134155575295467,0.0408523460654135448019222828019986326840624141220598255533714,0.349374080524740300603120240651599740223416650692509791140014,-0.455627095865892770698917609762016788345819088079417415805575,0.0363505941911844725483825439384134414661555136780248268842052,-0.271903132570819245615417632968093616593451521218975176998734,-0.0480282134211191161769488955057996963723038812939018575562790,0.0836387851323852014216650402235755099845738706210524642392962,0.238525542468997911043339325069387559066108284264542472818337,-0.159896785682106019066359722215401600724689710720297210428888,-0.322767693605908325778639440191587095183579332547150308944379,0.0927000560497797343584366731387875007196370430461878265841711
0.0932397102263135211039565717343859297848166524972875094481061,-0.0961679657018156605844473664671782180802005583991465270667983,-0.0809327447093379653982188724429088349897951375986823854291387,0.123327119273257219632914637303343732821187231078048002184700,-0.0170913445683954177324041236923326779662721484751487804607903,0.0170387469686748639002568375623858657490023613926695690128366,-0.242866084805716090056660789191776652631318527808254896277998,0.310058873014516377480841797440156347104100929477276556339023,0.158347080446861126795272264814437456570164469776685399357066,-0.368780954766421095263861244100621232553036670118204105470936,0.372215807933068974447822151013776804630158133428514975856126,0.201120225749120849310397901391513161430953924084396642189980,-0.189888657254114978816989596220738810834657502065824403951428,0.473217514852636264652715714532167071079697036742307401209443,-0.0480282134211191161769488955057996963723038812939018575562790,0.0836387851323852014216650402235755099845738706210524642392962,0.238525542468997911043339325069387559066108284264542472818337,-0.159896785682106019066359722215401600724689710720297210428888,-0.322767693605908325778639440191587095183579332547150308944379,0.0927000560497797343584366731387875007196370430461878265841711
-0.423594407016546799925067024353641888112048654858642706131259,-0.229120482777891711267382408769568229370063411628905007033352,0.177999914535193681598863294898717936509386312438971223369226,0.327722400959200424907585391123964923894130430453084682562949,0.167269935486189921328650217549285846634572925918623632871710,0.500084599017535701620154113660542042346847521729007566864216,0.0388581237772516858194028444005120006700767857044562152242606,0.0642708555323459742505012101279732439433132455615450103817201,0.172432272304318837120722168309879759592849770171216048537892,-0.229857256765064183602702600205137619648381767380296186994603,0.107877026444650568969848941537972368520959023390045056867235,0.0470792623534231837050340157177292074226421647411543196696083,0.0968949509442996141848607380872123697980144929100330286620436,-0.186910304735636615470024025609185580337542203731782256220107,0.207229618492323202029162738312847010555129753469853072841933,-0.0679483314564008646453397833069752640195431066231645449058420,-0.186228309837726827945626173833370186357814639489726562625681,0.213195714242808025421812962953868800966252947627062947238517,-0.113422062277298684149435828427656562289114776159776318472572,0.252936367246426540702559630567601061936953125545323679205036
0.0473118989469336378555543884208771990874561064364070520530543,0.425741309906630889769046857030298144556733166383604468044035,-0.121255045807616896538725976230654121594939713413733368767706,-0.299798050511044696751794805043808819158304578679628646182704,-0.0485008904593160509278754840162676667696160923607106282063689,0.134549968560176078846422135330440118164127504863694014470662,0.199715740865914039011932644551894641415381145922977704641869,-0.250293333302026387291995727831498364418654837821054862099420,-0.159350769572439248119332718287211580404431019519760853222410,0.287949520107629207682936450722571073866419331919418543658347,0.211814900173761097332118779897617530613555551739098845138224,0.241969216378867953505806889921941998528049799496404547285821,0.232471198348161580528617844954641201790479355890793009600384,-0.344433072795991044186352041649868840674077762420904038360101,0.207229618492323202029162738312847010555129753469853072841933,-0.0679483314564008646453397833069752640195431066231645449058420,-0.186228309837726827945626173833370186357814639489726562625681,0.213195714242808025421812962953868800966252947627062947238517,-0.113422062277298684149435828427656562289114776159776318472572,0.252936367246426540702559630567601061936953125545323679205036
0.0236856875504089157389979082670005833793117630582603122524861,0.297242388180489900473222180141656003725033134978407700607292,-0.0867663824344475530759540945538472754223206325568034554460918,0.201012307945023234000329250738613175435263132801293730553516,-0.0254351317944194322087748286573097087880609939700620973865797,-0.281952070091210498368137423971703767688804197895800401455744,0.140566357599348380175199054554183307358509839740585115196902,0.364532581147921421941478890736555596767343429797690831141105,-0.245053260462136616326746568645118209317219383632287924024160,-0.326266374652743137606070431718545338016455220063188753289122,-0.373693546069706243110171836398372521507803302823715661527760,0.170305711758502114864290859471019602138812021205247362971470,-0.293073885397118157718874451757744066675518116786282786180526,-0.0691727550791353556714988212884067762821728462043448070071532,0.207229618492323202029162738312847010555129753469853072841933,-0.0679483314564008646453397833069752640195431066231645449058420,-0.186228309837726827945626173833370186357814639489726562625681,0.213195714242808025421812962953868800966252947627062947238517,-0.113422062277298684149435828427656562289114776159776318472572,0.252936367246426540702559630567601061936953125545323679205036
-0.159688888398496106454375805124379737701453333813219891784932,0.0652734986078465496419727830129699924591990479415945342832072,0.406014908828635392940822697759479216102683088622845068316801,-0.343189607011075356267274522707950986025431970154095585454245,-0.0239650162401517435892801094285452689233310782329947137853879,-0.309544471151311869666154785463079899579649360374047000553504,-0.0495819649164958426989048310772708433864304097190243145187679,-0.174236029590138357905310010792105041902047764727951213260785,0.270397683098543892118962185712895129596744502900860746602153,-0.138276828932444328222122259107173251333228847414777053526791,-0.0943011631549986440524948104697238903723830156718014018471113,-0.0600719259551195016917522073313433934963360070581710015106892,0.205776350963555494537455691901893649081420648823998739312535,0.454737784422301092006309455221974019415582920129969401566551,0.207229618492323202029162738312847010555129753469853072841933,-0.0679483314564008646453397833069752640195431066231645449058420,-0.186228309837726827945626173833370186357814639489726562625681,0.213195714242808025421812962953868800966252947627062947238517,-0.113422062277298684149435828427656562289114776159776318472572,0.252936367246426540702559630567601061936953125545323679205036
0.570549267599915775646179568337050673158165905060467629576405,-0.466281128996364085365743509780952103705977593855800548506716,0.0978515987435312544969007903596714811874532251456393987768366,0.196569644001472080842936873924061080397339727748461380732536,-0.324341001364641614046885257080545503192236236825573621938799,0.0895266746135732237949126747861078160582839734902594199432039,0.0270169003638195635832522166138637474446669046707478232991410,-0.0175876255054613228743095471621659718508978822100413334561757,-0.146910975425628726767587709812801002809840943482634535075658,0.205584325349212854546078447504315206170954436485316533507864,-0.00632661643892357433660596933891004324366287414490339254673339,0.0327328140569970553562348756230436498871914380633767259256025,0.0398674997394702603705023694243093033677339930271212985176309,0.153313556886160499965336452747386384545185933185372473229435,0.207229618492323202029162738312847010555129753469853072841933,-0.0679483314564008646453397833069752640195431066231645449058420,-0.186228309837726827945626173833370186357814639489726562625681,0.213195714242808025421812962953868800966252947627062947238517,-0.113422062277298684149435828427656562289114776159776318472572,0.252936367246426540702559630567601061936953125545323679205036
-0.0582635586822154228612890355469068298114317858832723959657542,-0.0928555849207115432511159016344038076649243438189011473944664,-0.473844993865295879421906712233367236782262280236918866249066,-0.0823166953835756867317821880348793745429967421691155622120521,0.254972104372338919444165461633382301038671475470717428445425,-0.132664700948762636227196714342306309300805441813113599268834,-0.356575157689837825890881929043182853502204266319742543843404,0.0133135517173586718796351849212405374609438093998115672935552,0.108485050057341861973982642722355903341897073562606517182182,0.200866614893409587201880392803969928960692066453526916644305,0.154629399045216795197304894771416555989334617511276553916145,-0.432015078592670805739614433402391064480359416448011954341812,-0.281936114598368791902562192610312457362130373865663289912067,-0.00753520869769857664377101942189920666697604095831077320862421,0.207229618492323202029162738312847010555129753469853072841933,-0.0679483314564008646453397833069752640195431066231645449058420,-0.186228309837726827945626173833370186357814639489726562625681,0.213195714242808025421812962953868800966252947627062947238517,-0.113422062277298684149435828427656562289114776159776318472572,0.252936367246426540702559630567601061936953125545323679205036
0.0402183278764592330405803779573244226769272685843048600608641,0.266384794942874667091893843102611000970693751354878360577853,0.238256184207931420543307423765437244577969617054482578755335,0.421659561207283310375316379544784390435778632525685124637257,-0.0358942712055953054675727499267537615813793846867854077611298,0.102174052594471129375484296761140060515658254483755326721411,0.316699861300859059119206008575952683224864249143250987609691,-0.345600222624489341977906930698929152741863643170333001451784,-0.0547557792005669453788922743815587721182729412799583539621604,0.0615180686590737276584735344399820405075443982475256291792316,-0.405836138539406373939165260334503012220385541949035927058285,-0.111665579042946416616373354628551851057810762315885802308162,0.263426367297925928853663267798603324240122071563034502043367,0.0592320177410005612453406776201553721150075945673521517766413,-0.262848311604513904479095675597662483413884361241098353662520,0.0658513405892368253367400109969212238855161586468226504404054,-0.144004317493939869443819631595228944685247369700581077041774,-0.159896785682106019066359722215401600724689710720297210428888,0.196351190791293066577264229403247702923566803892460497342155,0.215063262663542550416149514487633857463519457866424413532595
-0.267510808014140887738379679606563431982702150987386298804142,-0.211290300341279335358338422621762265892085908766290348087505,-0.0681619303878286029482605517798009459826876324712564880803764,-0.209518910514006140599443163877449646926829699732795565461901,-0.358159859130659861679876304500936390962287697575943161954217,0.205979260873904111705780030535159951109631346849084670121386,0.302728928929740270694063332634108091391447822780117474875212,-0.213422817255302343242359903842328110152625596231213560752730,0.122929548641549932523656283868050220828578947439351591251111,0.162502848374719185084874057111807052974348188542027211280721,0.405338084963807218119358978417829934157757058920762629022917,-0.128592314728699951962046130635824646910845666799744393686850,-0.219013080911805840348472633758713667100266819806130335058554,0.229115096950398476641832299415697855160490895804179374017097,-0.262848311604513904479095675597662483413884361241098353662520,0.0658513405892368253367400109969212238855161586468226504404054,-0.144004317493939869443819631595228944685247369700581077041774,-0.159896785682106019066359722215401600724689710720297210428888,0.196351190791293066577264229403247702923566803892460497342155,0.215063262663542550416149514487633857463519457866424413532595
0.378955368435866991656061215227309283674671559129085939865023,0.315489421737402457903886020945366651341924956837124053994679,0.117563080091985422014447960064390862726477407462050926768819,-0.361967121946641186053768510031026391196274997280762157445022,-0.198142134233599048994378442870301493021218116195080487712547,0.0928262170759539935409928312794164546250609060884072818811825,-0.488281319528765569191237795404094166686522233376340576321807,-0.0200051521863512776823004627561193481849440094041563409808703,-0.223158213791152331148315368612462130969262292433093340712768,-0.0908243390271696094931687015376072709247287999165498227026558,-0.0809266899943531398618293436663120402935934403475719687855408,-0.0962170385841946711711177111892751261212907147563811071491314,-0.211333336497501259713252877919041524945425590178153274081267,0.0476338218905640462405255961165409134655017115657522916026845,-0.262848311604513904479095675597662483413884361241098353662520,0.0658513405892368253367400109969212238855161586468226504404054,-0.144004317493939869443819631595228944685247369700581077041774,-0.159896785682106019066359722215401600724689710720297210428888,0.196351190791293066577264229403247702923566803892460497342155,0.215063262663542550416149514487633857463519457866424413532595
0.0377694765291300234337348188226955272329819767276344650131880,-0.189506597569287459614450667769798816775798946680098945787020,-0.217528362066137031098983320813967519406365241429692904797535,-0.0616478293755523138287993725280249130524412423751539975842292,-0.213443982388717579549616902522976669225768091281808753774183,0.240610868353480664564270888974323098649682787932942718111888,0.149323900853400286745251987329872269075470349366245624176522,-0.197387589717174564679429012594457245943190662719914436648529,-0.226737633473042544936518026031564763530791161964720964050796,-0.162129004762012171399654205736969351319773117378497893612694,-0.252875359163805630485944636910732720340820800438066163856216,-0.314452949805689326447459693133606918380857389313674869882334,-0.194236727071484072990647144669166098847976469547003023089003,-0.513852240605540912148193359185028815860535043830651027454563,0.303611468081734141532354320956159109145067971016986864868300,-0.00848658053040767400535272038964340333173135938357917211738928,0.157984449796558391651868450845185215165632077456842983124967,-0.159896785682106019066359722215401600724689710720297210428888,0.247370638258774423056736360134033183588600299172642735899212,-0.0237825534870782070622182309522565053238008403625456231412276
-0.117092847882562715198774546450014395558786413546033664962495,-0.0169083626119034901110649280244236715062480558031301100151912,-0.0952530416611926530413011557403783002120961344118798370671792,-0.206491058492822045837749252069276851929857747090567178986058,-0.333566109561282924012694835386169969716021980701533582057010,0.326877370893601564728797100008527668885857002317404987270890,0.123324173101307804114272846782726691238066676167533141886833,0.146235573962912779583729013503481651622622703500989251299541,-0.342505092516553354544830800028349824995615523556092626983653,-0.301212962750826297812225927751252817109995026036372218874661,-0.155488503572141884668856158566842656567487405002665023314292,0.149415631419507656847259203556563139847479186645691841172430,0.388653915743695081509863651381067524791441596205045015144970,0.263542022213980227728383197643402772200047684203663706638055,-0.176348381373335604808148115421254536111959519408348991547947,-0.282580596625334760091991308335544040610634954165897758741635,0.193746681684418199813311731311199186416669043075114637049739,0.213195714242808025421812962953868800966252947627062947238517,0.0763758470428689674071352698565006613628326290195268667942226,-0.0690061745272778948872101038443970536572480188430829833533867
-0.0791175734502005064463925952974480859142502404311512838447505,0.450106570036487234290877369014029673951836656620720938915517,-0.194120342187595139741688581108402794713670633922464687368386,0.00925477094351248307641810857535870970936523374449505863833517,-0.0778471931626766153472797394818961455428250022378902193741266,0.117734393275690931402804959038966526285555635666662585495756,-0.00689389787522838656539413429220211317479875829507949240361180,-0.268209938811168684934958126085117135834875764308724637496893,0.541360663389671732190165711552485838236591605948916928101815,-0.312134016250275413557980175588850344716398792925652970076092,-0.0396664237278273133885629773178787330764733484905049794250065,-0.00835242660109049013431883746589483390451747006093929546926625,-0.241078120390070312218735410181079895830074806318967265306731,-0.0816929637515322402044717496507270126643066963513629795671630,-0.176348381373335604808148115421254536111959519408348991547947,-0.282580596625334760091991308335544040610634954165897758741635,0.193746681684418199813311731311199186416669043075114637049739,0.213195714242808025421812962953868800966252947627062947238517,0.0763758470428689674071352698565006613628326290195268667942226,-0.0690061745272778948872101038443970536572480188430829833533867
-0.213817337439163838961370887949578186534904321734441915819411,0.477749522098721085161118951523692777857795473333212417988771,0.0871975401435478895832724675377258073576398109091814752770202,-0.0790841179619914187913116818741047111244882390013942446004129,0.363056034624448719549345162249129255956300595513844310133443,0.231190932859640482834918711186559317878395618631346003848078,0.172303560437494908629899101637212646324799543683177265521894,0.119573095750285854532548980387201076577762770430221353776363,-0.225353767071969403873025920702576844826631234854518185684371,-0.0748032652565344702528940719687595686785667364594304351127869,0.190771965568060121330104171248814764873513590355663446915886,-0.286611527802054359333063568247290805365799155777210551651446,-0.115709597298645633755981384370402270410086859144889055595420,0.300150180280487352232318034535176264915005052737836955704546,0.303611468081734141532354320956159109145067971016986864868300,-0.00848658053040767400535272038964340333173135938357917211738928,0.157984449796558391651868450845185215165632077456842983124967,-0.159896785682106019066359722215401600724689710720297210428888,0.247370638258774423056736360134033183588600299172642735899212,-0.0237825534870782070622182309522565053238008403625456231412276
-0.102172281948897544899050683538282544976018570268573819652251,0.0965868579862358556994274947813263572707338619140379836991882,-0.0793693402677901666892997262300395689756926219651293493552258,0.239783096705304580354644825405135350773522192679756776622749,-0.345762986022390877624677467033512354319351794414387082639713,0.0880879763362783439718093197164554404473476028700235374732541,-0.486956639738868432450091904372238115523683131722872708628322,-0.233275664013179430902125345346926699356476335523898099631746,0.118082775367276569580528845353198481558301058152945138331968,0.117417419866647914429755817570140047431056327208694785214031,0.251422149609884009898596262830988214228790263483607540108826,-0.0946120988367086004195973661191955699565769981247851739233060,0.430908746885290178427180323248419434176697326370874606351369,0.0864140957225386714459961896067830430642018034789468744004187,0.303611468081734141532354320956159109145067971016986864868300,-0.00848658053040767400535272038964340333173135938357917211738928,0.157984449796558391651868450845185215165632077456842983124967,-0.159896785682106019066359722215401600724689710720297210428888,0.247370638258774423056736360134033183588600299172642735899212,-0.0237825534870782070622182309522565053238008403625456231412276
-0.235823089821302348598938257852750508545701366945638265589394,-0.173365859258110216954331858140753112388239055757724661648918,0.347112655040979232204985459815794336420664633529050859516558,0.330765845689725756324801956204297278179321850924803077997490,-0.100830743309487273372145730870463421074733108062083825335369,-0.194748494102139601596625059409284314538235566639310540413938,-0.224434675271324140406720149735024351135115131162032363806473,-0.196111799458712733095962293106566828385123876635075891777419,-0.340824212469619833155716412658662305798946016486962596106933,-0.115860657819671444929800813594965290481687797117901930494131,0.0609979929305571875779886598309382026771342610119009143187286,-0.271917888235501512150602153056354037113735414206134841388335,-0.348030801537018617036441498688316333539412851013330462016297,0.120862354658971163047846682279957058278055615549080094470242,-0.176348381373335604808148115421254536111959519408348991547947,-0.282580596625334760091991308335544040610634954165897758741635,0.193746681684418199813311731311199186416669043075114637049739,0.213195714242808025421812962953868800966252947627062947238517,0.0763758470428689674071352698565006613628326290195268667942226,-0.0690061745272778948872101038443970536572480188430829833533867
-0.0418613023803221199181189387015939553007929267369833717602695,0.0278257088199962221185082910215787081389065023976554912762487,0.113036544211933981213431633309983789760035233164969110015841,0.113747249881129170427393936337148856046592069277378330655488,-0.344172515821036810425990537668348691039512197409336451854495,0.155885795045731363093998624775954155352053492159748447276242,-0.0258802031228128222563904019608593032739596559520049963636166,0.444124440486535924437776639435741796609396516604991092309607,0.267007138293367546994439594696648993303828900635343060638549,0.00340988930450995927692024471206796710011962306305522911641057,-0.231083507717977291330328600707570078096942774428102456717470,-0.526724649380679981697910716510145063026178406371184144388541,-0.0551179368000613851448572295439205388890436242007496817186950,0.146183214617943314960983618679815234785062113846175480660405,0.00726505694389887912369025014730307064112027151801334635049859,-0.141003545191214352753052330830853330538358669884295942562312,-0.252505674771616433251388144319343829546492992020804378901530,-0.159896785682106019066359722215401600724689710720297210428888,-0.120954135444159163855361149345693791328587770517952924296988,-0.283980765226244077712367956674164852859355660550066616975538
-0.0801689531384771496871066151322805112878771227947202054449266,0.0988911295139620061826085366790494754366557279988619845844054,-0.325606290847651954740023018418072448165178218869992014407805,0.280147165357744234587971372213338934439791840624652280162821,-0.0175403129540200560098855452507107424328657785997852467899445,0.422221221611379762994786143277978079587724811131292475409208,-0.156425096244337844695143371544041022904051952295652691643006,-0.175810615586799585921880211060016128839634511464808468901137,-0.253692953569698019690531180334037374666909745622389166354070,0.217396177748434679349981523966414175802344552584517988415049,-0.113368396188589422952563867487508866743874098607369396366500,0.305849368151842575923701459078703899773383086981900553090167,-0.335897015227856992142613632867106906573814062101384821327861,0.173074790938656394796326187006612425455337180134613438107611,0.00726505694389887912369025014730307064112027151801334635049859,-0.141003545191214352753052330830853330538358669884295942562312,-0.252505674771616433251388144319343829546492992020804378901530,-0.159896785682106019066359722215401600724689710720297210428888,-0.120954135444159163855361149345693791328587770517952924296988,-0.283980765226244077712367956674164852859355660550066616975538
0.288255391557655408027419987448737782169848717575518061557241,0.142703376985024051942203094913408845104931856233903150384773,-0.305915495996957830621353693097183651586255499346593172445763,0.00917251226768660738505623592953071127196739504119892368067429,-0.127178392240743692666996508225483160552030411367144164061891,-0.367175119666717754879409022958430013309881239100556948001436,0.203916392718133396590080741112544469219332287217311417090110,-0.305405304035388151039628055921404690335100580804200905558610,-0.216914196249388743175459127267550378080606452639947590674760,-0.313977455141663011710011743182209140583278713483522519863190,0.242331707594341580709157065368417191776542622237043196050645,-0.248310429344330310553949467646983932875596071006540962079666,0.109466567435096389270295494526227449726859443111793459261095,0.185727812131163382437456130935896888750860919262236015730439,0.00726505694389887912369025014730307064112027151801334635049859,-0.141003545191214352753052330830853330538358669884295942562312,-0.252505674771616433251388144319343829546492992020804378901530,-0.159896785682106019066359722215401600724689710720297210428888,-0.120954135444159163855361149345693791328587770517952924296988,-0.283980765226244077712367956674164852859355660550066616975538
-0.207934968896512414952769441713045093337769132462306092012748,0.131698270154890441479830345519232573720440519877904231833523,0.366294444941628631861209422464038867933729288884761711470145,0.150553826096217119240168176718928712186378937703512824156675,0.274724651609663937877813806806435923456961005265317575362604,-0.0574667956435346358246669259950050591564420830715503055553310,0.215700533328430163232609592511522068043527049789161994195275,0.326574902137988758334140968114914003389435453323094291755009,0.174424904179072495762539084466197577778408915033657562326259,-0.128101417628603574913694950888654568855994554795933008659946,-0.253955127428935940955169570633356407959597795386931689208528,-0.0386231483029879104334006926330234920519081748927366338060425,0.105422370355463954269444431444144183417643546008876712622144,0.100135249767838887281900621556710830785597014948990661357276,-0.257616532589145787753937919828374024779445605853060675841054,0.152987851804805430773242477219944828133325609851154396019794,0.428678774770154795618794666112014641038681284743347199659154,0.268957176819959505915226763873777750752286229534138251846359,-0.211280081991176589036438906345074166910414736092120762123063,-0.161716968979636691451620920392446903450951271331172895299415
-0.236961712529369731413025829835568674218884139588281674217662,-0.0243535537993084475449279892632327818574800934553891918521232,-0.286573171192470032106163558797783012979230023499076266216314,-0.0567976327278803824418275271563179069601423602207434390865576,0.213948217067611728499232809592648968099292928196903517139966,0.228498405307967951625699032982023782653525500366544176825394,0.0234266893205197907607473399740201809959080639392752153608142,-0.111697387891027157263850223920554578720480119650999395735217,0.291321619081836781987669692780414652351070989900928879327669,0.218730542470995249240300081034357326467281463317892943082324,0.261714518491128953558007932780820122894608585328987352557991,0.228355714941449152113770776781384139504983982994627022213888,-0.180774453678529874781386510718038060309323442264439614297679,-0.210231284954878748132222435039645120102817917195764661232044,0.226778368330296249833357709984253848343899829247733432617136,0.429614623647609477758298875101169397546107438160182177036273,0.392586083284302464698480851337660277941866465383052649352237,-0.107582870727983802366090705549511100300914491813655300738544,-0.0387052196504819155928646374554297501698996009788147818043951,-0.116075460720440925986279075276142699982625895730561225733695
-0.246952103310403242008384290905655840493715736683318028442816,-0.0126019764714549578021474496521053175346914005923820481532196,0.445997942446667935854385962636595283039743582866427389921658,-0.308720271523232901256796734291926703573075232289868980315988,0.132201280569236002576492583719495342032691207970068824966570,0.0740770723289776355988959211364465182719363952515048080890857,-0.0461472654170636582917902135163252975711534456568319489937510,-0.213920089817906842654596070822953522825054791770874859706260,0.0370255859483760713302650155418410091662948041127632501598509,-0.0691996309919013729385408213210105586573012581657577337900977,0.0771476711841955681279856411907225524469966960402760852010045,0.144062132296231012875244331848146845749234752277233118385871,0.177576859834244352835089796106032360784711385377878965968743,-0.304486715787426756439267434698914825976115337026158753986380,-0.136838095216217121773341296783559150988472442231512866908700,-0.227296935281113018043968687503816146400830694425345325309994,0.209646306027065876647241614372533294004255878042437923414891,-0.107582870727983802366090705549511100300914491813655300738544,0.524903619678824958972031956560993167491095472306838135638502,0.123404408022067569684098251830989464631148848042038349132652
0.230136636650171354330844846698820068452484246241000783091873,-0.0897359716771745762824604020036122739209860308374296710367720,0.0185658112635425667636473922767048985596134380520439546653403,-0.201264173864421296920146606658081022297702298581757900785506,-0.164003940430538032978969669328903715785212910105286327426151,-0.203976078399801468822193942619726500058320269849414651365460,0.0220898083075987560398217942915171247996436294061372980727118,-0.113180956133865595065839136869880979735644161817168021684650,-0.0482321593198959339054028320177698276939695366746321747249359,0.0608765773160753418459780987538542123818616514873033739857616,0.168472830277166339645167049772932822335215723088785897790044,0.226735992581630393291312940685171095378045380723864707936373,0.544411540081819931678200190958043887416324224566744072506023,0.132121194203917497960124265341689168323324344056861541685104,-0.344915762267299601717725223652825936378902179094979042169795,0.504639461613099297254470774190180576101942756815063992268993,0.0878067998160106983971803594063740483942943095088563756938495,-0.107582870727983802366090705549511100300914491813655300738544,-0.0901961104594407354806046732886647288753462354612787631541667,0.124977401473470102130054812323671813126617075113886161987968
0.153335873721418739284460356662516720482457539507122139857018,-0.0564099124853643400397129591582863581098844771219900257045127,0.110366501459104699844718616198044486156393837380933523236640,-0.191732360008407966854801726155517937463619959760425285935546,-0.0776943259869043913140210074081526645168561787803245127834862,0.0313924585275464063726618212943566311944519057373411680525072,0.161495045703207546050655871878027687901493373386691315201522,0.0740136534812104382168893537095848627901072700917505989937720,0.467962299115849097659209214546387393305980992895866714503168,0.0744604858294627574147910491100789592712392069314325838854447,-0.266441798257504839133362943738847916344552598331014758073997,-0.104296786781566589904244427228684643115313006835899880399828,-0.171856583727189795478119071726050801520657720624620343191989,-0.364938245023777532973243481157010366710048262207456418151644,-0.0872992296781538139637873038244519115994565732419183663287419,0.351651609808293866481228296970235747968617146963909596249199,-0.340871974954144097221614306705640592644386975234490823965304,0.268957176819959505915226763873777750752286229534138251846359,0.121083971531735853555834233056409438035068500630841998968897,0.286694370453106793581675732716118716577568346445059057287383
-0.0797882909213021056782009990416969661010166834581243035170080,-0.123059320109610745225591856503021406585047711109886873336803,0.174323278136290426268289884774593339064341999758490697980226,0.342253355489055717309876582911269855327852891898189396268744,-0.276496575496956201023554369309552044419464489227723217618751,0.234306863520938474999764980963760656684130381695648626931619,-0.0412073831795417851780656865253497477493599103981507893990231,0.398724564770073189669558964291675534408519647931855042038073,-0.265723133536168663648965091381047422185171403375332442817552,-0.0432818925804990816883753625974350632715380509943737669595648,-0.0114283725085929241147735092766983953607679692585772592895433,0.150047135926062882048200901615809261431740400788762694731730,-0.142505214220686287884968748191682183380397545116713464770438,0.0826657052348417251543529467742173990745939789352534314122913,0.00997323287324915227327352369288676654852794733620877499989129,0.411662814872623588245993060814149420382813775801684268768962,0.00652147011748534166297039277120222357635799240389418824390872,-0.107582870727983802366090705549511100300914491813655300738544,0.485210563843681636516742637240444863282020593286980672380390,0.00741843863625404719639816963763579924745179663867410214530575
-0.132619189061583488417912551313689071203868792280675079733028,0.203733385509022920212087296826495759469901814335344455110122,-0.429816595080741624406426972454451389272980173006934994141845,-0.107468047834512273516848638305071528679073177576494502340714,0.182146636576505039257701239623922980419558988093393069733723,-0.122224513215913245364851396756699040407613031263791626568521,0.189115420728104550413651159990216813778647711545025272356905,-0.123204640914707833460876643474808820634566699019767677702653,-0.405062314341550974194641326177291411073079230890785310207821,0.0845207153650880980887849304402709364224647125234348641045210,-0.0898739768933856818721536805700174661186400760821507444459894,-0.0708328220891098673694543786021375102362024729607887580095069,-0.197308703033790743704140867426000122895306199702096540385966,-0.0751110888589884117803888988894623721401420084295028812911111,-0.474421668046192885314022106119741106574817487764585333458299,0.135036043029819541260936662932924850970031947492656487752484,0.0426141616033376725832842075455565866731728117641887385508260,0.268957176819959505915226763873777750752286229534138251846359,0.312635701502986963073168368350800446541505458173674692061722,-0.0382230696229417182689436754786684042208735789619375674204141
-0.0362775656396260555861475708694272693972960833129659888167766,0.448585558085437234906253474937112790822335070790755798506852,-0.0118527476240112287914619186054310145125944677157529127667061,-0.251851572635559627655280563673831017977691680224644063957637,-0.146019947158783408492732517515942118393326734978727139341782,-0.0653231298034998202224543488268454879767135534593025397010259,-0.0249734604074389803991402573776024694170455581590591177162912,-0.0871502487265325041351929695420350869772139737515191457906907,0.0206430062164276538554680495862113873392632484148640330237830,-0.0714728315429680519817283901318353630927768518065501184757820,-0.467711195528397856052342548120776225884273528896289512303166,0.169715638543280447870523738766897963308081887956154605624934,0.174103842299307781538552199337611065080984271332315354737868,-0.00264251709033078567616198403606403741619558551175005406100013,0.282582574141228586213055116091227696444662088836829919961546,0.202896494072899960985283800875566248277193070506806727505138,-0.102982489990463565172942978707350689419784965694461647577739,-0.107582870727983802366090705549511100300914491813655300738544,0.164973189326750378551775004390860995600871035130023940871902,-0.496236987371920473347401194044668114170507760589702907776294
0.0126810971249952000301743798984604411691971523800524265161465,-0.110074745377717134564107246531811891833673933595099387985435,0.0905117029787095177335888791860801027255558459872091755161136,0.277717720192321557084818168847081832659676101841442738735414,-0.355796021022954681809252717199341341195017228068662646867970,0.197277038232130764354803595822603243520378836961890221805343,0.244001540576642604666208563299267135759329569115287590903284,-0.210901212774319634255900049678044594252632525127097205518451,0.0519431055992437741753829191139796466142985034916561565996154,0.146236212532467664368485463642207268238854473612281919722058,0.209079699555914280269515117805758471391644209397562535216576,-0.00433455133566000197017240537702808960666696872817801165629379,0.176141529835496311583057645574021050228516243973269313484493,-0.342592173876877158421652770741215783759026030700678819449100,-0.201812326778213451374240513721400176678683346263964188496644,-0.0737302777699040859997725970056583211355887578022210535113401,-0.0668897985046112342526291639329963263229701463341670972708221,0.268957176819959505915226763873777750752286229534138251846359,-0.00760167301394429489179926449878342113964409998328203944676635,-0.541878495631116238812743039160972317638833136190314577342014
0.356816922493294396397149304754235531327616993295714859740024,-0.00292579838800013146155227374842681093230716835875375479623024,-0.135534000281874458823045268157074744595387426264142368805060,-0.0367002753502239614002618165989177290432737589630050423733835,0.155769201362066153038736973325326478519127923008254270113924,0.0347871142046021858201356861126664209443015831485515926149215,0.0846620769035161089159758729470284768937362782120327524404100,0.0696627520147050584581399394590505693643517610665229682566545,-0.0251734518017821274021249061782173440131849347199255696026421,0.572694954359500382172373203766400605152195316662704001082763,0.109479489900855848877454109708309834500741146857621190250395,-0.197385159144790536290344990094025595678759527088736490701304,0.0957365549575439842687410042787648555292419533333597742164498,-0.100349223144279156727823229120368094753117148451801534982246,0.0484720163736084982026529917903298673082051260271899117242129,-0.0844116462725427788234496504721635705378342527563132703246190,-0.240729629035027127410286063811660211636274055290408736372061,-0.484122918275927110647408174972799951354115213161448853323447,0.325750216693629554562898556767818737845014414780723403098910,-0.0935566475330001572780253791351957322092423627412796035015648
0.0251545082571971893368667866184191863447561339964432213218175,-0.0758157738903218150079232333569421610231388656073304343597160,0.151092193519787359817706921824288269813787453321374373847208,0.287199348328410695595369215179818085776963010515659167326826,0.309643572751342176343316406463862757395001061299594838048925,-0.379896409652723723237724392048039807404618605976341974374496,0.102534499276889591592715537868897996006304499603203023382335,-0.207407879703552237653151495867025280208589325353107091978260,-0.224935796325330476450891973582692804185534647305932060815846,-0.00132030807857592802662088511126326429764192917718528248034442,0.0826756447794544840512999912190390956638392507543595205967762,-0.175731502714270218421842843407943920243357071186878949439928,0.233431022757077903276164269164274289359590306328887210050920,-0.187359916157658874266109575772475566669151500408929755502183,0.484394900919442037587295629812627873123345435100794108458190,0.276626771842804046985056397881224569412781828309027781016478,-0.0360926914858523309203138147743543630968148193602945503069173,0.268957176819959505915226763873777750752286229534138251846359,0.172574862340694673443574268889644416740515135113305980318668,0.0456415082591957654653418451163042034683253756006116695657198
-0.0992944639254956827905563620769060130366137291854576211589435,-0.127074100208376634488873001238054570529839901807606348240263,-0.184195784771346556807815160932564878080830431675750789086861,-0.193526171295567519136915719750210906589667868745754682338734,0.129243722163072176305961488153534549089632756932556618963033,0.0615521521969741934484664755034546957589567752508879305862095,0.349344723494682858492507266301960480032559449296180658958848,0.384747433519500071595769653179284570205027891590784830136657,-0.0745767793734715897420811497323822441423684536406918948144345,0.0900890146741038450294173535485692073387505901985406303864632,0.209679276703788088818886355471296078477412129761633455841916,0.123295886360522386039776974091056050025209916101063659935817,0.0449903423471074574287872864743025934980869932123216799534123,0.347147788360757633403907547817477231054126436497029131314452,0.185310111589825619975994288573889018296677568258702778632913,0.142885289008570239220519037031652575862996441669032054985375,-0.450375935062093004057527678184193505640529933332846659786953,0.268957176819959505915226763873777750752286229534138251846359,-0.199153402985195404409133399793174429646081057526114732539592,-0.216961055555067726962123630966185196840391210783317952634217
-0.232255727130717774359618451456397918757169293752320992048562,-0.114697465601685383011181377328377116263913475441286895371288,-0.367569768413949290872811407327712624020256259862077360221343,0.249265660328959883443324359744826953187346784187981094247138,0.236457835488911368560968201990288764214740299443563537323600,-0.117721032229226865182620806168989796630100493871840234270831,-0.156692549055668471786377659617652002405484510903979999023782,0.333008237501006850469985192203917479944583537224300219583255,-0.0120377644439678292415014800620881729221289489256325327298635,-0.297652603638154428918682465887369186268580882359298347550947,0.0562615989152908491238168280818348326292996971764076227703409,0.0101289954266066360851412026764475901150998634707072489702447,0.0618927185951759903452104093479144480844837992508560221149738,-0.133925182076049252483121189823065895402470653164887125155392,0.135771246051762312166440295614781778907661699269108278052955,-0.436063256080836645304677947442399318506451399720222866573818,0.100142345919116969811328242893980381008112919944082087593243,-0.107582870727983802366090705549511100300914491813655300738544,0.204666245161893701007064323711409299809945914149881404130013,-0.380251017986106950859701111851314448786810709186338660788947
0.293955962828831037865721206053823592894768970127694723158429,-0.276908531262470207188951148005670607604837640122012177249120,-0.0210241748051556636640828788531928756247618444111722919221849,0.00944879752051976972545772636955945879514090310846771476793427,0.0365240406807723279371799401390634661967366160948921791520532,-0.254007330192834970395434259617520703889973072433692095640382,-0.236879912104517415433512432589213267644418656312706035913725,0.149656649184062266155055903697365707853234664474501462817027,-0.249064640523966312378569853997530057457432476310711508056106,0.0117234902665236582450042886478279323191993079435246233834237,-0.150319098113621618511182008968909279473527730845863342774811,-0.0870234539311260138743132710107677202683545336131014896456885,-0.362494675381758445939425627771623929187624749394592624018144,-0.227175531837556410945247960970763581331176767929444584149711,-0.0723064209993201677779436312544850064827680375943578972081405,0.295873140813375669993761514251597403996322051520186451005169,-0.0216971602919382084387330120721788646018486485894994601277986,-0.107582870727983802366090705549511100300914491813655300738544,-0.410433484976371993445572306138248596556495793618235494662655,-0.378678024534704418413744551358632100291342482114490847933632
-0.171065030388704499519191653005950751630056310009323539698856,0.0654718187631267413356779208384242791460164047339621149679660,0.126561004221803931529771079205108665492630897815466818259639,0.158211226218285819981920388207400633112542544020488292793022,0.336048205337893586058843806422685444301974590019940988094665,0.0605012695672298328146185371183082525873510136802164829498546,-0.331492891559369067326063139634411878730424803939703096232115,-0.236352621202710199359732537656570596828416057186669941644542,0.251055308081766474089800035029721267646239178044883213247142,-0.176575885930127115661178715706769044804027519947797055016163,0.199271317382317105475123083812630955488744920582956864019486,-0.201653519637016818065815036470158203458270301715938764258769,-0.0327410391001531046109715036143107796199627591233137241576294,0.225262434444006721639155167930566171452271947644844326345360,-0.289111556456367265338027817545852088278139919505882554825385,0.277921332038389780481455699964577426833028389161688542737859,-0.407761773458755331474243470638636918967357121568657921236126,-0.107582870727983802366090705549511100300914491813655300738544,0.113482298517791558664034968557626016895424400647559959522130,-0.255184125178009445231067306444853601061264789745255520054631
0.201586826000946865801624218811848121713867981458031900771246,-0.129074546122922317261628093024373844931951200144504109983754,0.134368736456701316696081089937959963465250962286349447101732,-0.00190429643106781118261403957989327884732261092562787250522051,-0.163235348492703562840940871825865942798781790970059688175621,-0.278094953232556079653006896330351623037347409516329042168955,0.142514856421247315761858294374794929277561765170647667292199,0.0626023075993532058859784501818296263026653298094800090185203,0.168635353714420916779597461929776852747096971482037611045541,-0.0426135273044539058975623990106359579139653081848599879501548,-0.216975636774604532392433176029379961780338757889326679857045,0.372639136710918508427329209392195182377191566553449730043718,-0.228641352009968762222208725820185583061417559045506215487823,0.333610748187076391814766344530340113806629812523490371784642,-0.435922884545833539384642638022298005815140309073604196733977,-0.361038418115346825808506048353388139950616081065341051341097,-0.204636937549174796489972249037305848539459235930114186065144,-0.107582870727983802366090705549511100300914491813655300738544,0.153175354352934881119324287878174321104499279667417422780242,-0.139198155792195922743367224251499935677567738341891273067285
0.327873060833100703340507613128273723372440772362928745229629,-0.225356910286196227127810395813916441356668400618149298958210,-0.0269895528395965251883713291956675813863049618650358928444138,-0.320803498454026402808137707260939016166981861968461060551375,-0.101075267163214295326262329231017562681502765290047998228358,-0.0175857293726828831652852730708991439563237226265482896814913,-0.0597803450104286167762569339399659598358070949852683316278345,0.00753095155103870938263572503793941149776377082377059146609409,0.178694304563234704256719322597114186680371812365471591281947,-0.102655510268952187543575443193823635805324631339783775166633,0.134749404766407342557808133397615402686593662071519898437942,-0.372386986696522263610652573756147444001449200552665373130625,-0.0842551971571695221483612095921651107508535902800494857206710,0.317568012968026682920141048073967325113571024181191039382935,0.0972724625514029662370608275173386781479845205781271413286331,0.0600112050643297217647647638439136724141966288377746725197635,0.347393445071629438884584699476842816220744967638385012209213,0.268957176819959505915226763873777750752286229534138251846359,0.364126592311945782960908404184035425246952092656138673411494,-0.279275931816852746385277563078482917330116549806384955142077
0.0000000000000000000000000000000000000000000000000000000000000000000000130718892633981638091411640577148739604031138571979658678787,-0.00000000000000000000000000000000000000000000000000000000000000000000000859701175442282177862778577514146228912369685440837743707495,-0.00000000000000000000000000000000000000000000000000000000000000000000000394190154257314557245536512657587659544766153685634338128947,-0.0000000000000000000000000000000000000000000000000000000000000000000000139568189031534863041386293527568643972614586580560780790799,-0.00000000000000000000000000000000000000000000000000000000000000000000000268475905500610230395201625038575583932282653032007643601906,-0.00000000000000000000000000000000000000000000000000000000000000000000000246665112397161799586301296581220042194716980817085811253107,-0.589037149622748701536212381861040057745697235464206525827629,0.000000000000000000000000000000000000000000000000000000000000000000000000239719919198473433692141086341023294285370350589923560087089,0.00000000000000000000000000000000000000000000000000000000000000000000000717613058351204547174321440717333523230231786532281773261534,-0.00000000000000000000000000000000000000000000000000000000000000000000000807201884328460600813648891162721802402423498116706935044950,0.00000000000000000000000000000000000000000000000000000000000000000000000691394115875771889690507527230028353082776497927765727404910,0.486177508424280043383680050368336535896226817134368776602468,-0.00000000000000000000000000000000000000000000000000000000000000000000000172540846532134409042301851759853772918042845622614703341305,0.00000000000000000000000000000000000000000000000000000000000000000000000949062544745855943079649023491958017162041666118362828730408,0.00000000000000000000000000000000000000000000000000000000000000000000000293258678775617946014664891440777193664097386400041216585255,0.000000000000000000000000000000000000000000000000000000000000000000000000578134924088217450654860049107220763522938988439893213618686,-0.0000000000000000000000000000000000000000000000000000000000000000000000317050396842753816132361495750634475283308061741292135310878,0.645497224367902814196544233297066601805486950881931804431262,0.00000000000000000000000000000000000000000000000000000000000000000000000754650010969313520965220311933303542062545302553962039228234,-0.00000000000000000000000000000000000000000000000000000000000000000000000356825026241643840254789459157617381168376928978889022517819
-0.386070133268547075162308884115447279571563953634520918058819,0.247147730509437878074695026317680934170961645296004411702868,-0.215467217526787716733989495629290725219159002541188222286647,-0.0992667710298826317258087248375803670100265744438210225489727,0.158017529095329555188795820934119276399560051854982016791697,0.00213298352164610064679495934557598727390594035944065787862902,-0.163318994119566231260537505836243136078850710590732184046618,0.422812654073714556221157987049498872528492651396879451233650,0.279345542599943515307089240914265850088188924667753891088040,0.237282180221506214837537070279698142878490873279211689905718,-0.145513423317851965321632873184200186243422413592329142971948,0.297496941550752085789382621612809065868865616920961257620901,0.214152647395179868986664918324659273214612656833906352962817,0.0935817806009466734495686461061386982409042497525704645780425,-0.262848311604513904479095675597662483413884361241098353662520,0.0658513405892368253367400109969212238855161586468226504404054,-0.144004317493939869443819631595228944685247369700581077041774,-0.159896785682106019066359722215401600724689710720297210428888,0.196351190791293066577264229403247702923566803892460497342155,0.215063262663542550416149514487633857463519457866424413532595
0.0831496299932005167059057805077180017858935495144357858635045,-0.483348622198081699814543884440303536585314818686804608506786,0.0858783517374892663125178027928818239196514912026960201293451,-0.137525439093782991766553408822327882117695659294309848636684,0.393502299200791998505390390515053460179850387631276278062966,-0.149195525868946733094309669091806133243637487740746137374314,0.167914926036385155637466928697711211528716549454118512315693,0.309390043003654571976067707135849427961059709578017273596258,-0.173620248521927439454618111708076799311562551127312834784854,-0.302821351608401418578770979322768787717778051640391866501705,-0.0813064296197154318633056198875667707271311765232622445132646,-0.291928657150025092366503396635545843265853970213668393974723,0.102617576444277219369391776165786450996661651580477066242197,0.0583683444014449479280720101671137122742386602852439856495453,-0.262848311604513904479095675597662483413884361241098353662520,0.0658513405892368253367400109969212238855161586468226504404054,-0.144004317493939869443819631595228944685247369700581077041774,-0.159896785682106019066359722215401600724689710720297210428888,0.196351190791293066577264229403247702923566803892460497342155,0.215063262663542550416149514487633857463519457866424413532595
0.151257614977161221498141190029659003416773727394080631073570,-0.134383024650353967897592583303592784006179626034911869681110,-0.158068468122789789188023139213618260022251880706784815286476,0.386618681377029639770257428023599896815048298226003469455323,0.0406764362737326624476412858488189089854747589715507625732302,-0.253916988197028602174742448829486320280618960039941799228295,-0.135743402618652684998960968667434683379655677410414214432171,-0.153174505011226165294658396887971689410119112169193821644523,0.0492591502721532681510802299197816314823299127332590471206315,-0.0676574066197280995089449809711111777178766085118228411613099,0.308244596507519692866574118654752075326775513491436654306122,0.330906647955114046326657971476388401486935497164718439497966,-0.149850173728075917147994450611293856405703969993134312108559,-0.487931061584354705505339229425646551256143111975098267624011,-0.262848311604513904479095675597662483413884361241098353662520,0.0658513405892368253367400109969212238855161586468226504404054,-0.144004317493939869443819631595228944685247369700581077041774,-0.159896785682106019066359722215401600724689710720297210428888,0.196351190791293066577264229403247702923566803892460497342155,0.215063262663542550416149514487633857463519457866424413532595
0.148331723966651486466475165479544342122404157691680306177241,-0.0176798695819100286837199443395028499222222751808933532292345,0.0735660791329322438572258383871452341126443853292545710473383,0.0517929632292106582337069873438299454577926047888247562783006,-0.156430929248246895067263105053453904137766485036216084970591,-0.136544534592674102689833069068831554422278729782419178823536,0.581939232686459536239966643509245008154243801566190159522529,0.263786816661535501405659443364994854520858571354871517537210,0.397183069953593772049385018832709921210762537313144676682470,-0.132960452342689301130065187817118846697837999252111390571587,0.141621370480637454938040388927366754052631369536879818170137,0.209689976451733131159101348982635503752151030075504355944308,0.262752357412335727158365053815309417507675670032887288137881,-0.0721443861800060737880571826002727895943687454304076008397651,0.303611468081734141532354320956159109145067971016986864868300,-0.00848658053040767400535272038964340333173135938357917211738928,0.157984449796558391651868450845185215165632077456842983124967,-0.159896785682106019066359722215401600724689710720297210428888,0.247370638258774423056736360134033183588600299172642735899212,-0.0237825534870782070622182309522565053238008403625456231412276
0.143569352109653789975717819134317536977970537264140461578747,-0.0875113213677522154740932131531607302525407736395297677702930,0.0828954106127115081671008856624473363359575896782558715305849,-0.176280881696839861308767844756277074752540471337910267440225,0.0977768563609583911777409472592677901965862091790455125848719,0.267074736809030413963812551865204799759558505425942085058332,0.101876490822819490355268873429209005805359428138396943297819,0.513461631545582413714511139954283694970464007166677217763996,-0.0308810117109187223203019839451240673070830243606753299591531,0.244762514750515410682939240585585276692864017261919567739226,0.192751809713810414596637215944900927844145831620789143997422,0.123430304216115020873822820329334767700091502011658477490268,-0.426070345678731795850425967859958184345149972733280654480245,-0.282045554095228598830923081637986405807519045967576219148613,-0.176348381373335604808148115421254536111959519408348991547947,-0.282580596625334760091991308335544040610634954165897758741635,0.193746681684418199813311731311199186416669043075114637049739,0.213195714242808025421812962953868800966252947627062947238517,0.0763758470428689674071352698565006613628326290195268667942226,-0.0690061745272778948872101038443970536572480188430829833533867
0.231627504886210858063411638027246817953559856626924280225130,0.00976379903881131897469120731730064662181755309407510555125964,-0.0353884471319307973454101668053883891965932725234869763630441,-0.0975715898767160493045706318026065088279172246269300335119754,-0.0963630704122328202402290019038144649229318668977450208193589,-0.512660966619916254033189000382215008804600238811638178776815,-0.138643946157370885370704256320953609404286139045487569450415,0.0777194621343977069018059276912689221630056042687383595748161,0.0586582061271427559466079375239369308650049495509352918479373,0.219952848340221433501915837942520559069680758432158204230310,-0.335290984409214497270584544894057731025390362968706598701690,-0.167976579421930968256856620147440548524184675670001386659688,0.349829491563637290000427676211731622312669449988840248572433,-0.344584528661255654939144665917311347476719769827460380035881,-0.176348381373335604808148115421254536111959519408348991547947,-0.282580596625334760091991308335544040610634954165897758741635,0.193746681684418199813311731311199186416669043075114637049739,0.213195714242808025421812962953868800966252947627062947238517,0.0763758470428689674071352698565006613628326290195268667942226,-0.0690061745272778948872101038443970536572480188430829833533867
-0.0856474545802154883767606987636293305505225446631560040061144,-0.242218279399763841793561609304502765355408677563302906915480,-0.133540264102746888591937804882324041144215442047840433691653,-0.356891108065477520731058059946673494048429928317716843821432,-0.0317747051710875912436013813321589889328804154712590808728683,-0.425875633146524085619601458289960693764482510705637397374439,-0.0926407405459668860964557720384326718604583367178142421912693,0.0242341508996004721244115550408398650016920262582612472201693,-0.400186399323535194616882186870924681057974147333915547727616,0.191257364582439779365582562315911767802712101847904854445309,0.0826350325632546946958003787640593739510539718584064668903087,0.383128457414655578662970134519853330484667698703620188185190,-0.129804224558691218581073989171771129238256270462138254849957,0.159724059981776658415985953894661291018377683987396186889170,0.303611468081734141532354320956159109145067971016986864868300,-0.00848658053040767400535272038964340333173135938357917211738928,0.157984449796558391651868450845185215165632077456842983124967,-0.159896785682106019066359722215401600724689710720297210428888,0.247370638258774423056736360134033183588600299172642735899212,-0.0237825534870782070622182309522565053238008403625456231412276
0.215535873472495362336972285949250192706059302246856968287348,-0.124931633533995610768814224891214703075099435822955195756224,0.269674347160193952939722546001460088055989109204226641520055,0.206046995468506014762817301599837821994044612225683553105025,0.384356568205994223935813693692972660659466190689826692123913,0.00253039018979869693843560748145439121133523105374431676475492,-0.323969313692519413068570056065659136170372226174926098401354,0.0230691904189321675189343791483481491993536302004584177465330,0.337011954547676801796512269419157886646332948687064882448344,0.0612179379121482489872750856367959514624094240334400796377270,-0.413575159058030650376596564860496386765168394796491108228942,0.102858142578063576378049143997604459466414814436546051327589,-0.253910555368804980257842858852389353188053397249731560954870,0.0397082908007443038419503637486810064573192490568786113001935,0.303611468081734141532354320956159109145067971016986864868300,-0.00848658053040767400535272038964340333173135938357917211738928,0.157984449796558391651868450845185215165632077456842983124967,-0.159896785682106019066359722215401600724689710720297210428888,0.247370638258774423056736360134033183588600299172642735899212,-0.0237825534870782070622182309522565053238008403625456231412276
0.0568366541582009222049759424386486350872076270317584725927620,-0.182084825837532630726078577012992806426626324514411505032374,-0.105246234672972150243686441824072188634262182349475230248533,0.140322913433139717049867663848504447621628358386109343302434,0.510830260084721241794608360383076211059925748720207135000992,-0.00427704025626705446560055112119967158813533795906093863422574,0.144771855379796117873276820136244376670773924196669340475848,-0.273094929373011482169125661957350304536092673992604299364041,0.114191447180277421884075547555713429000048008903878333099987,0.264492273730036312115151838406962616545536840385849347475349,0.276696109064816093153377805002939990148071023829186543124839,0.175400958622900292820695586783791511994866871279725204854591,0.276695860298488353595311549136555266610526583871693118085870,0.323918669635065103198309617282664935470442212393655777643360,-0.176348381373335604808148115421254536111959519408348991547947,-0.282580596625334760091991308335544040610634954165897758741635,0.193746681684418199813311731311199186416669043075114637049739,0.213195714242808025421812962953868800966252947627062947238517,0.0763758470428689674071352698565006613628326290195268667942226,-0.0690061745272778948872101038443970536572480188430829833533867
-0.428095487308344300242284862544008571319073573271908006808590,-0.00993891745760859128765822362593609754177745288232606054225252,0.127968120153035189245131143403694096382097556841119845817528,-0.0722306642518352953560012661089499573571359815181618069821648,0.324374063257464879190814169692925033731351786614192624049829,-0.317395354561991264723445556113212286994217102566557978565795,0.381808896789127154459039499113417085431296966374557304754914,-0.144085427878859778875421131337782106100863424540025881619714,0.135205570561907448663550796468667902178670993716705526837253,0.191792545363177735422267527140940682106943971015840306146868,-0.117442004287863470158937820716967290516822917542283748613657,-0.0327815500326473431255843341173228641818124339625702339873141,-0.249048329016544873099070642443366871161794995704700865322319,-0.293346666773197986622862800296777304664910610034148988920494,0.00726505694389887912369025014730307064112027151801334635049859,-0.141003545191214352753052330830853330538358669884295942562312,-0.252505674771616433251388144319343829546492992020804378901530,-0.159896785682106019066359722215401600724689710720297210428888,-0.120954135444159163855361149345693791328587770517952924296988,-0.283980765226244077712367956674164852859355660550066616975538
0.149850151546080992717528957427818046292518797156195800451361,-0.395358721811474164680366893039786937605807423487531493246283,-0.146881536337876613560050580517204540529177338374007915070067,-0.486050266437973181050598002084754938124500832709955836326223,0.00810902129953832514017822082931327661199664308198586778182015,0.190541840843709712489942274395793480298994105470729418757002,-0.234739075450921574397297967546438671035590122746194800144529,-0.0891569595007067438221718472768818960368685579539468702098323,0.364029657030550728723280557338629673216719510099789979614967,-0.113724650669760896539137288528091029013932778187232436466854,0.0552680516185491563770151923744468761659852406716318156634385,0.210966650855911132657719533389745987478185128595941870664994,0.187055565087548225776243785898784470702968652237876802229264,-0.177358411036853181349289055304161611577309333163662507406752,0.00726505694389887912369025014730307064112027151801334635049859,-0.141003545191214352753052330830853330538358669884295942562312,-0.252505674771616433251388144319343829546492992020804378901530,-0.159896785682106019066359722215401600724689710720297210428888,-0.120954135444159163855361149345693791328587770517952924296988,-0.283980765226244077712367956674164852859355660550066616975538
0.112020199723407169102561471501327209445376108071897722005184,0.135877423950100475724705194051686006467090789739436927543109,0.537398658817517228462864515318782754138478266584504146090267,0.155214003183248464006177723713686393723285509284888108809404,0.156408136458797354771880200622304283681059957680087370874681,-0.0840783832721118189758724633780834149346740670946554148752215,-0.168680914689188309700288499174622557437027522598016233693872,0.270333866515218335221324606160343024703070558157991033979687,-0.295635216066738961515280640902358815951703206189501810061939,0.0151034933953015341999797358908773445878033450073414326517174,0.164294148981539447355658031169182167415111927669080589983545,0.291000609749903926796023525806001972832018695762452916700360,0.343541148521818635340002224429382396194824586657165106878516,-0.0342807398777119242226140810213856327490402700452134381712088,0.00726505694389887912369025014730307064112027151801334635049859,-0.141003545191214352753052330830853330538358669884295942562312,-0.252505674771616433251388144319343829546492992020804378901530,-0.159896785682106019066359722215401600724689710720297210428888,-0.120954135444159163855361149345693791328587770517952924296988,-0.283980765226244077712367956674164852859355660550066616975538
-0.363403184248995091680894747857958620724133462124109951688939,0.114957488372893424507903454291199456046800522843776760659761,0.0375355757787515771750908131170455833755837574157459926433355,-0.286766851311240900936657681115112022660055154120404866296538,-0.204309118676566710383360874917210416203963609724984724195070,-0.222637148309541656633666381474537324289241783221856056349130,-0.125155016232954291271590441337236206450380921976143423669692,0.264889420197116834556492962017148909725258715162919285948442,-0.0355270388985989644186744709146979684089050579046159565809639,-0.338935094767403968422824266396700833411931932000491684428744,0.360008314744319086502915948134908498080478830756488824851415,-0.151633822514292525916175892342400629440106549999947817264134,0.0503646751085807728138181565681861383568592521999262948343328,-0.343698454227634249980740544923247254391293084342210543664548,-0.0308812371189875972210146228915924744431702340615040812939859,0.350528928081735624737331091642519304630178060789062303647477,-0.00751837184669137186768555747782900005885440358538807442405842,0.213195714242808025421812962953868800966252947627062947238517,0.0370462152344297167423005585711559009262821471402494516783496,-0.183930192719148645815349526723204008279705106702240695851650
0.196969280723382581017732721225937634272036027997130776076243,-0.0693532999081303410576329122961354798175539818199578370392998,0.315668852661869343940597180620503652860414683162239118360206,-0.149878887484056171824004659481273706620039889540805054312230,0.151554757779135155264857599357008103539347703911644308657876,0.161468138528613839043671164924019769742199056701514251074720,0.301332406377679725720551651026845765361904745072619340650882,-0.337827777858239397805069656126793195121933650579235969567687,-0.150636799132490740715917428527564010093067055563151562651440,-0.366316094355798415821145178631264485105749842465089084808374,0.0430384645066460318971832599512881876376573814185030838094064,0.365084724542160607126546183137490829222219673779507590367605,-0.285875074942788039122086519505445581817197599758325158446080,0.0451063076972250919642657878714660061571713477952262272890538,-0.0308812371189875972210146228915924744431702340615040812939859,0.350528928081735624737331091642519304630178060789062303647477,-0.00751837184669137186768555747782900005885440358538807442405842,0.213195714242808025421812962953868800966252947627062947238517,0.0370462152344297167423005585711559009262821471402494516783496,-0.183930192719148645815349526723204008279705106702240695851650
0.460807245494396872418482462321576767874371586943490426150983,0.197097929959270696320916959423669277305099747953893329521595,-0.343763912656301459117922426221817928882639409155358291146697,0.225470313214935237129025223794612951205491537419548597837590,0.245781385977915244838597616984086897021044916769145682659372,0.337829077797891804233567904986743615217099461540909140116017,-0.0776637197591587393766530717687327601351005870544846982225885,0.246830278364142211020427938334920338968184867779907611289371,0.0305277142334743700942803788799733141102402503920733845712851,-0.137561124760976972673380973107795979335082180670406090114244,-0.0285701346739439750023134801217984072037359247901308854774132,-0.0940948837067802605464239009106806625423195340245882262536328,0.288936818432795337519908057416084686929595163755039353985681,-0.144081011246285750164368749755948270359902339073595780318554,-0.0308812371189875972210146228915924744431702340615040812939859,0.350528928081735624737331091642519304630178060789062303647477,-0.00751837184669137186768555747782900005885440358538807442405842,0.213195714242808025421812962953868800966252947627062947238517,0.0370462152344297167423005585711559009262821471402494516783496,-0.183930192719148645815349526723204008279705106702240695851650
-0.208550851609330015462866075887293184986301592595225178887964,-0.213940491755973843180180916652940223591066396072693346643480,0.250745784772732011389337514009605194207216466267357981642839,-0.260392785011906614032894215971425390503541298559954646930283,0.121102184913583130191692339753885562667160094038303527893583,0.301605190767755054269686722742366421222341709919795391000139,-0.180306199234781383794743515674853111848770988336779362898586,-0.0705295076553967665195785175490710942707358244492398467724375,-0.228060835783584846561232509735582086700674229833256845521021,0.507258886591173352925644587792818693428294668118167526810745,-0.217017837572678048820952970082687190400610329126551334476755,-0.218453235323016446990726592069559300676246310487462181018264,0.167223970640649083157977786809773254170473094006509340049423,0.0173319465370762426930650458323297233221444813188900793660700,-0.0308812371189875972210146228915924744431702340615040812939859,0.350528928081735624737331091642519304630178060789062303647477,-0.00751837184669137186768555747782900005885440358538807442405842,0.213195714242808025421812962953868800966252947627062947238517,0.0370462152344297167423005585711559009262821471402494516783496,-0.183930192719148645815349526723204008279705106702240695851650
-0.256176518331185845196440606899641257692643529885179782408458,-0.427235557847885703303511528173023571680252132881837902429626,-0.371004016018407777656260640785248838381726189261060139449541,0.263032380314298920874009992509126650551463631827282823242094,-0.170261592329918568127037239928078330449950847292402027917118,-0.235160817913646825781022747310024319022900544817187698677569,0.0500881282582451931150765345999243074359055538741667286081414,-0.139650747558847146441671046559033799232822395762502861915742,0.230130596420959541382108550298129509803475307074464648115058,-0.141013423345051872540571645498221829409284523978253037262406,-0.342693404989186080451936365081934363558716703909856616129850,0.0606851773024183000091485510471013269242496537808310443765678,0.0469167794712380003008858722756549800830676552767800135979424,0.194959499056233138127487735541872439147860611783026541790475,-0.0308812371189875972210146228915924744431702340615040812939859,0.350528928081735624737331091642519304630178060789062303647477,-0.00751837184669137186768555747782900005885440358538807442405842,0.213195714242808025421812962953868800966252947627062947238517,0.0370462152344297167423005585711559009262821471402494516783496,-0.183930192719148645815349526723204008279705106702240695851650
0.170354027971731498903986247097378661256670969663893710758135,0.398473931179825766712504943407230541736972239976818995931050,0.110817715461356304269157559259912336821150691571075337949857,0.208535830277969528790521340264071518026681172974333146459367,-0.143867617664148251784749441249691816573638257701706767098643,-0.343104440871072215132236663868568162869497900123175027164177,0.0317044005909694956073588431540520056364421984206214155318432,0.0362883345112242651893983198828288399320482878481517810180544,0.153566363160240640219435479999741241288930785834486332067082,0.476566850638057876532277475841164433833753810996072369803023,0.185234597984842985875103607200223275444926745651546927423196,0.0384120396995103263176316511380484365122030669516595897918578,-0.267567168710475154670503353564253477722797565479929844021299,0.230381712183385527360290725433527356124018982518663475537503,-0.0308812371189875972210146228915924744431702340615040812939859,0.350528928081735624737331091642519304630178060789062303647477,-0.00751837184669137186768555747782900005885440358538807442405842,0.213195714242808025421812962953868800966252947627062947238517,0.0370462152344297167423005585711559009262821471402494516783496,-0.183930192719148645815349526723204008279705106702240695851650
