-0.0540286232286418942972149503480323204769181240108923537195441,0.0851591362861591750790415555477414057640763270740881650752936,0.399017870140273441958850450143702203739403906026099388796614,0.141641031803792789126870604548885914839550814716856570934740,0.312169009414159961856698658370402696447064796575993538536914,-0.0793021512595347623276264528975646000997699873702562610985674,0.156299882747363112120805446521145933505597341486623317762163,0.0518247412541086155171110244308721405760795978224381562769488,-0.176313701199509347786039886162176357639437515330203043888760,0.0107373863234257220906439521244023999862668901267510964034665,-0.185304684593089844199866599605958734640439452760643227717110,0.406058078301576601651534954297843627202609707982443703969472,0.161302940488920813538499451075693407249438537905944721719611,0.366030025085145084537552602014475500004277627917310794520157,-0.0777892099750651472995450137679630098727010104392974614813393,-0.134590043294928584617346575131826864659695489892856501067787,0.177365630887788549905916966547376447942139580803087062824732,-0.174284404179894943646859626412562035844094416819652308108294,0.0386441692045573557202782391452805433136706032751816131160771,0.422365024325212470771528772122526776899433276619779587317279,0.152948819104146375246559525227449980059995038683519182348874
-0.0540286232286418942972149503480323204769181240108923537195441,-0.0884826387342789165737069159308666958302854321908053208775870,0.0552018320654155162240385326086025724503337827569108523991536,0.125100700717578671480653788374536321903917574513218934747898,-0.170933815686000615697271965302071039457724266606382660766922,-0.106421729810713177046197304998812706136305441737303324511727,-0.0769912389427504647299375452561099199516946079891190573427828,-0.0745879582061163065520184153603777652426591836071023272786582,0.0821636008061522378725797939616696411481320400640306159827731,-0.00340342436895606206553830630930041298185425717918783221724954,-0.0507778116856613679615257279335108351559380762953764112349867,-0.0587906939066201984517011698760049618344508076003209659829127,-0.487587373927387408885907025081777185349168650993741270068569,0.433445889335033512388534329143810083712728349558367943904180,-0.429025877882263295939606848481167135908256836714990689696927,0.240190335431076698508417193634508897687104025554913529215622,0.404528684707400648082574336435057267430065669124879916249298,0.235595145732555833707660884225453744702050413012201356669915,0.103555336822942995187678502610501217232711944439750410560564,-0.0132838632762708931469845584911642923393137599056254100315355,0.0911157319495051626161854639657353503103830589232815785892513
-0.0540286232286418942972149503480323204769181240108923537195441,-0.321615794830569369155813407776969657712100760987530622913397,-0.0173913572841183811763083722063474872331159989129072679449185,-0.284107612856240679681464348455010117111760140145256999636093,-0.292880818969131834171139959256644086181202162251156185480289,0.139475149213869046061183782273926108593788214469112170896853,-0.0957123784624184768777649075560815686035087608728260760758980,0.0478717292130282742678042701095213839148830521492804263374061,-0.0214057815246860228912647578052916205323422774378073031920666,0.0985351683295270844787714516230355223332963395588490457600774,0.162326242464686101157664601310335629317644445643089211418303,0.406204890301265397134432004919753272234836033399235431575350,0.00344887285401941156296602463111085340248341288444662458714491,0.374199523567454062627858872242296330333947882504203620491102,0.0121282401256360250614749986547681417091131715044781948534019,-0.0798220733492448144328412877766115830840185035453674697466498,0.0958281074250375155552558289950307319197850650557845175967887,-0.393771835671604088394923998925392254739052351501034304204965,0.172998642886948417629735883550375120286673013791009809303315,-0.162833428360283056612313505749245442362170471099164593787210,-0.356625230548985885010967374572221808528088803678651727379031
-0.0540286232286418942972149503480323204769181240108923537195441,-0.164248201426086602058348742251627403369083271274403669012529,0.129849360456871020113706760150718947888443236719191479144116,0.177256151399391788486810144569487422663692156228544011054018,-0.0784451705490322996931854095140127354491325584980009178027138,-0.116784753650240074703665974783968326885364574339466116893168,0.490443371794914633294331061370176476927705698536449298124460,-0.234062159577257587811460535316853360720555201335284489221831,-0.185044793557119010979773106862161662825092681939516900311531,0.210189492844011996611274841854679215342059867003651292608249,-0.293528517063239820827420000912114701170452672548708095595830,-0.0681735255319906059963880871437032087105868780314212224329140,0.136386146972850896425813102445346368703079131456663502998630,-0.0886710281220501707560693245981418046336865783521054264021843,-0.323983752513803759847394484521125537172692127940705132742089,0.247745078932590159293533440510101652238314841672252764703626,0.0296763656747754024391525580421121857344127359032327815054291,-0.352810570796278942185519269190514187932158097562135706509264,-0.0353106355049338525699520470336448763062635160617005527243792,-0.328791515401765660864784240467509213754009078179480132589077,-0.0998468012706631695083223201730651438342710101838278251248167
-0.0540286232286418942972149503480323204769181240108923537195441,0.558857489023511615366361353609152613388487991716775697107881,0.420417424500783222967555467372471013118350073346170358351722,-0.134758497666738640017399956522602431255098209718101238344562,-0.0864901276556594651783038951848962621915409281359209516232605,-0.124421088964072101342569158065141151085605733669877943376468,-0.199840909894167242647533601315952333865978933936872460324938,-0.0371485679466923022431175594742377588057471330744216786778943,-0.0239652458805042906023096471754617713692279518741062051063916,0.385269342382951698262356916494831808677711425830466378452439,0.230182991631734647707921442478857514364686534515102256100167,-0.0676272985331484698614917076239511470465683437601225888404575,-0.0767020299968114509623693632513859620774329721421172675118818,-0.0582756881805182375671357015446319506130016605508718238926404,-0.0143206335381215587358120494486230074708569883321926697294483,0.176323854289272890109225972366947489255404234872623373500043,0.251456378163056303976451567207478002727346845414973219674171,-0.247949442898300455228922529566065345145941751247192401082840,-0.115747087497881393371111728065056316394074622901919688379657,-0.0343290048386465000450635079583767635254257372948298174858920,-0.197855986742429048146605566278392208963682636953161821507452
-0.0540286232286418942972149503480323204769181240108923537195441,0.213517456416652656935719087017394224733546277528913665305253,-0.102456209523394320532898372792276827292269761601770222293374,0.355096063085293879332627301711527709128471493816628163036281,-0.265443885734728711847640687507718976179838930850334692681858,0.168936363861873619304420394115454210086599608145447850700691,-0.227103802445609084534463065550076535399052395300130478923375,-0.0114091344419399402494649602337859011052309760196444792356451,-0.0637692685949024639989460276463848577509837165912065395421104,0.0673223364796054762900308066601531653366595574544656524155252,-0.362458427071305314211410175021996418589313312134562119437920,0.401211182313281554184725482944646184643690852993124873449358,0.184531736382465859071087075100285895967089140438446687304099,0.0963197186781692897955297182786655896706358747260219098655934,0.0595569067190972341306508183950697450857362053100626348666326,0.0209333789174963564379600548003977328970342007060886001515421,0.219210982440207004707310921678998146577102872036732670855553,0.173207538920160158908195765586699635419581993201458645478651,-0.405199906086797512816904185483455388772695656260049194889189,-0.245690482121638881797650425088870273395359305931544840224184,-0.115452814530748017374654443892381914220267596388486886441733
-0.0540286232286418942972149503480323204769181240108923537195441,0.255400859604807592276385385188071433353840980117620316703849,-0.482037939366655738998283551766885310010644501816153195194091,0.160246581900427711790328733557413016437209762342096021567350,0.0389739034820229459241170924912901384259955362354511574876675,0.242108430369551031019002180458635853161512066264913009212102,0.302193276318266233210875235677912997436232167104838615063512,0.0844869372183811389460701255056408901005688024294648022442219,-0.136410141305439666671615594440829230708347709142093534370205,0.393372379581091103524399549497147440070109862057916930391483,0.325149041923637424249169880008267298825104970280638959778264,-0.0593200653021884670974285909139054166141091496272310903744547,0.0952173258309224304987667173803994800477702665477768167469899,0.403988496057644537090157397009410839292390100568982896422680,-0.0442428064725101661418361581798060070271693812153297361835492,0.111920485723404587040698845679617030196628123692123653991596,0.0708826735926493128727289834444130736810014303339798098947981,-0.107445250070836575620530210093091200017204681443672564398302,-0.0702527717412199079343458545198484440656518795662293149740309,0.0552378900022796701677968922679824512609737006174768955904918,0.145996536749027158230822257150735949389422315162499316735714
-0.0540286232286418942972149503480323204769181240108923537195441,0.339142090436918966055131118017689140711844863803872157540372,0.190755340331110156571448783821540414328435165900324515470262,-0.0375680628504678433022964962142273348130121828794689890891190,-0.132119829284431831691361516105399491652595947693258492275187,0.197539947443040201791428550481454817049275442545826040972389,-0.0480183704030385945407820295269988524484451620786957990161230,-0.0846550169149350252670889183127116030597945596341021111135014,0.134482426712770441860803538735601365315397756321324774328191,-0.230933263504811151061872074534209575928529191207284167160306,-0.0897042998840891835388274508351987081158527127876894381480338,-0.0588445455531964493752510115098524854619349117882843550039466,0.360839628878465366408417339367165726201701040538704725691931,0.430449261362476190390009691387021690470476476639029145247688,-0.190099729686539290923157890854795945628078854935186049534612,0.360715988775609440281587814812745853044499216724194837494735,-0.368576162339290461824976239237038334243504923863195903220824,0.0441882933433280187115266171598757556649255174368459931961421,0.247468472552868082717223752319098663179615974785287162418017,-0.0864560722173737414487627206700854459314413658885294288522989,-0.0844240000898776921124617732051432804136666232369892856344656
-0.0540286232286418942972149503480323204769181240108923537195441,-0.0806989676858781070674776137196412872500851768382359874581973,0.137811352607993542020417713057891868781381086700615664129106,-0.0269407052940865055655810847585652164015593169360145836283691,-0.326306752047041828472515834489961425319291564154136692426805,0.459799584735908083002574438602548847022892611713542928801775,-0.129532622181789481210107676478236977455401441710222296275757,0.0814478075148587484909711156117513205680356017716751236284045,-0.197349876544027923230699487968232969505904965133323123858872,0.269347264340118527767797311610006263439300845871701672586134,-0.338297453487310687404592430168637195213419253299785064066496,-0.0675799238865584893268932064587172842293295186346647172138005,-0.111940341740296203760040997946224391400597873382411849709651,-0.0556394792586510175431833992390709469441175929809547675583963,0.194980233516364593422368179322015164442556526409085865301829,0.306604034813711002962394694470286412549846430088836294237465,0.0389179643682839228977552613080643187237528815444072897159644,-0.191821032027558765333356520204233508463994048456571519434410,0.203433822761284194664285957713020586289884658095719625535468,0.231209707433456745339054116177450072809206015590622444883290,0.343855486237106879686772997513438902413177304493311361004600
-0.0540286232286418942972149503480323204769181240108923537195441,0.0461713254933503917641523678604850072227832200420232518763034,0.0103479721002479877720080604982259635377402563674730266604967,0.00595567512625699698455235906844552998261505623169142748514078,-0.0900590220566823949580629168301527474076736266991011076512007,-0.0858703804531356244790416255683610884084775939983260383634632,0.108457673446240136950048856521292249026400449474734701395447,-0.362434027424966613899324285101035997757274807285072790521886,0.514453183202710711395973077218021793360322120055643292166124,0.00645847018083533924091490319520738580643538934196850841972360,-0.183399370070247446700959491421167472378245002158173935699044,-0.0601681359037003678353529095345101608132801548931609985204117,-0.140791596475438130317927745649241007615097376425510893349889,0.356796771221605159129484323182785234443175078581344076706199,0.369384278252565802202246333205013557641038220261912557359530,0.0282099159788528300117107445545055624123514005687376686803150,-0.00445352362600923607689458169509370143269209456961762893740454,-0.366283346095459008225075479665687938028962094031455675848413,-0.283971280516102469832198854102854937050061945996034969139275,0.0137230719658602794456677527438392931340640927263627841010242,0.186717202542074117299621458244472552407475892477414552672987
-0.0540286232286418942972149503480323204769181240108923537195441,0.216965593357910738245852172775096940228350085219579298448815,-0.319654902002027593593166706828092944412993508082172234611696,-0.313584925919260827255038078368419693225171522611002473020565,0.312686735124418901766307477839627694599054639600089872458884,0.189796301734047555985068390229452888484569799669097511730796,-0.0817066225889630532423274501018047580301934350600897718234155,0.0967605732408206439419674246968613179649081398818014892169818,0.109739483670629802810653906938159299908171207474871987835572,0.0356112940851943608773190888819208293808503371621939616441157,-0.525894129301546651100903327943672472701627934123873691845267,-0.0655346877875842783644627912226875669364894333156316773405031,-0.131273816288176347550042013285573326932309707838009581208245,0.0581697001132755420509430104894171640492467844248027580535075,-0.277951310272580737047996941592454907923129690351402424726188,0.0592444359628816917257923707093623038771349054811897318446383,0.128916246841006499120099540593102670925696551832944181796989,-0.259725375884341829738051581780632464453277317543856607629270,-0.0564169708482940545162879241944822540560128493160838710331178,0.144328843248570748601473051000394742977880541024492847282143,-0.309860927949575991555486386472205943603999765050612854112984
-0.0540286232286418942972149503480323204769181240108923537195441,0.101188400770023931490360772329573707393608031354875965260684,0.0509595468322135892653161030082007444962283784230354308972109,0.472239094325380199364011021753605725854897430360532120669586,-0.0833552198144696283330907628547673505949781672699715717340451,0.274452743619914246568418680522757474201954524004382944532643,0.169276298332864296880145226840426498785171688573148581966271,-0.0426922718216479255951404609937175838688735728384942870596114,0.398656970985734373738287039554614421076920452497260612112432,0.0594297521649199298587925239577928564096323290573391956074308,-0.0249602109803333084553228661988894672784413632184098150050255,-0.0680234750323086753190153662874867332732379130833767361298479,0.0566773292230088029664808956431483481882705200444467423848171,-0.0803213201143961416784768866447072795173324210905017292701159,0.0687676890311659883071610147822746702795613636186310423484457,-0.112833316137185211804704786673515075101747976005561013346721,0.322471571760582216823393308538025482547043672383738102865696,-0.0836719986395532260326419010191967525555184226670341011212605,0.428637452853899292495582400070160613862979416109881441538880,0.154197815227660289099924467501039495656183703962703047383974,-0.367635775726415226940390100309537754305304647139374613111584
-0.0540286232286418942972149503480323204769181240108923537195441,0.00116245523431126748735454531875750325051181513508401382233286,0.381584580561208130545691505695245350512647458239139892183234,-0.140805209201875704518007433502926238150895283913765617879462,-0.0137314379756618151632699316945159904352129804129529338765357,0.181548761876344922087563491326722067454255327703675423212258,0.159017725453493557143563585209113628483981593465424926652268,-0.204740267185833760066307698626626127483287805547356586299131,-0.101217076542775308528797939056027929080312316918331150309317,-0.568171389585759371254596144092187853005768586890224386503800,0.0735874041308770476043197332056666821842239600296678418073672,-0.0692822953829498898896038596260078005221303655631982057025434,-0.445704131118474823004727569662692232774846498443199139531950,-0.150369619748366153193278900336669839810955765653969374589129,-0.0764602159893392203243774918779186173388935135451455557891043,0.0264789419177070455854185450803812431696964438387198011351197,-0.0627466935044408988031406912550650721964926782177960321887318,-0.319784849754768936039310784191706915210040718314543523044809,0.0786664208883209109181600376254119935664975101785894874138063,0.161096496261497868806240125991571805745355805904129690947318,-0.147863763454491353452394031929914211863649426330361260243355
-0.0540286232286418942972149503480323204769181240108923537195441,0.220021129723228503124079245129155868208259636520301554620198,-0.141923585112281574032315309330532181035996490219604490292504,-0.0984596365982901081196413570322313880880450451123158595285184,0.245251236565298271663059052217779738443722962389305845418740,0.130293220265246063059753265617186858139100407485997507754603,-0.0136035482469017534687046476711959809662395927982487940843469,0.189172441743112204743431140527316244494911051998047190767873,0.0715795893338727656565762615331593384159201842832287374537212,-0.0692183608109779396806379646967237609863975143617510723386932,0.0954132515748932015408323904456542123375517529364695592709092,0.397728052217355316875097483676383767476398815797866972024376,-0.458641040682507409391644488862638002795488151567382649083765,-0.0975024899469599081536551616223030066103812902513624112852678,0.381731620481363730990946376099680734887512382307125475850016,-0.0753460053305607541878401830981957459613172597185991295104678,0.394938390198454220087631021841189492288053576598493436558517,-0.00298656502525608584726302849479153666035188409616218935748712,0.148186614031448216237694864982617377513529382792712824011640,-0.161889053801142867098879407947170046245500379818201155854174,0.230491113306557289844369376710566118353091736907356788264897
-0.0540286232286418942972149503480323204769181240108923537195441,0.0130493026852477170752334639297184375303369578569964259011628,0.283685621702515959050923314946209329658036352255843809693340,-0.0107885178644956080506845691838213138832639176755040499874218,-0.0910762445758999253240526711452529413810630103648017288275063,0.376058813567598799113019840423655980687420284264166003203110,0.205908981057974843728222815198771758711409480090981622975181,-0.299358202181382946838532601670781541863496079900594379324412,-0.190046403439482245735415052114791271275839459823075095515468,0.219432410516074115284125267855376767638837922540322714157857,0.322833896747832817323364157789183162666615619782952420009374,0.396498625073270990356879346989156806789396561765152175923925,-0.00666987202734574167161335654991778605005756859957221006496333,-0.165915175619770738537058683776862607418889834090747441429691,-0.206435462875195319037830437309720830470221078794652172813141,-0.0128022184925204819213689772517882172800274631721403155075481,-0.0312805846149900738414216698708251179581865238850079539232938,0.426906172140475848935851161546270615690486429759913694618121,0.164805072972985129828598928222474568273024132446807470867719,-0.0752483672652093798643036082188957164815373983642183712524240,0.0498440360332053119046288829785908030161886526895071494482158
-0.0540286232286418942972149503480323204769181240108923537195441,0.531740534561810840863557114290745888309261717203714279121143,0.0147142485567837289620127212907295525538085907692506505911289,-0.0710985882150341419714281155657985750128792607989579070011410,-0.0893521637550836297237915044071838409762468259031131195103821,-0.117441458878653752404722422179903081323785974711659189829502,0.478848012009633513244082956314218789944546707045184040496414,0.0236845566685786911570169166130908774907488193101418865344092,0.223018807888565506230332669156121934740517622600337078190135,-0.251335678734760968832557634591559426202607797282456978714444,-0.0509480193854825733321462238810044547943643537772405522715055,-0.0680380482822777836941558823418674700962897909740141502671960,0.0554092891342933290838277325128725913035910708225489312991447,-0.0811322629784488711212646414099689060574099831267006494951729,-0.304670129069757911474981572262207529620291324835838877192862,-0.312672976200964904597626705028405882589041122702983083145243,0.175324624488573426668386266059929008288988784145313970909186,0.192063034847898070343959249941743671887848535426108636516622,-0.186543133854289827655237016015393975539023906897012572726134,-0.0784696378659223408416499013435685959386913286384313389056340,0.168739898106898961605653601120860038890415434801923114541650
-0.0540286232286418942972149503480323204769181240108923537195441,0.129331552884810733310350214109701839569171882242456657980198,0.0505870491028601161100958395734324897519094694503005313030433,0.266357959575128641740416890745664783133300805023393024035265,-0.264780309519390625973155344634873151636232701177958505042539,-0.0701461082252637434265122295441209572463388669631353675378913,-0.114629584286100760369311311133769683902478721407013212292211,0.118531051497222795050010785971512875975099464708919705410042,-0.504514746007559913107044456687444264121544319568299117173720,-0.307688727813846990286615770992115725512406513061109588023298,0.244217773200356475115412782150793218907392390061134343076275,-0.0668667907847605550254551476008971402436018271709330881173634,0.224191544781973672331687177182299292230718094860681970919703,-0.0159564846453220973861006473130159582067318491062689128887399,-0.0627602896320222888326040546412575339457418732505997757986388,-0.0959911001653447094151047816830748612849267296178218089563187,0.305936140010201504033639990444555987055571992463170195186092,-0.132766466647057649527486107013080915891476243240234593072506,0.347270567345598814970298084118536784885863501095351124730459,-0.230534942918714893696810267024997901644257872254247898438609,0.206572910234971909121758045194211382857549103560442763189004
-0.0540286232286418942972149503480323204769181240108923537195441,0.0743088537472511860313511313876290216834126572498808382277806,-0.304793632582736978030745366769637715396487860014134937309388,-0.550275440096990425334049358154913333760113954218512930175854,-0.243972619589715630160296046475981004962548233727828450693440,-0.00272198164037586617896575802188013040895428296108242860775211,0.0597664461305666554910672317910654543947312441956737506108800,-0.362757927739748578637109178747884095962293735188716687027705,-0.244949521714830030864675448791451181717288514120852843541609,-0.182219041006656568540858576450313841837962658067921027114216,0.0352863318996620146858860978177820664099214438081429524989492,-0.0672722663872106458517045341995683957426787631656526409808952,0.0441401402930302622571568355215393329646345391388952755705523,-0.0385195743508711737509974653057699422091468388834220072516374,0.137027469843715070774350277405502598906458023526484068432991,0.390888691071891559592744295873864156825732482215645638336680,0.231085813974071600139301172562186330983166010051167320853255,0.134836355013758143307853984857950370275255065599662900520600,-0.153976200430015454534191483814729448246925490947837494377765,-0.175332530659208571946185486704400021772633322390121703387549,0.0339484091691016214814344871854338450620241722941774856506285
-0.0540286232286418942972149503480323204769181240108923537195441,0.144861383617885287794834759410058089709545129682210665642721,-0.120218043486153583853560678192490394304451854443554749339252,-0.115664495114553359737585665885709000926853869890297832916052,-0.118070011037528747852275303810305486715453094219964985171790,0.217410015903243369130707905937314079823943369298757854206228,-0.267312179581642897425384994668148320880362501156832310084312,-0.0928751465610182330307400607927138064256755723901731574089080,-0.0477622306450966397234042292470413238490848749070636573695536,0.0658653494865677417071655893085078427557805748672063313017160,0.0327367342501563326062174885622025720030944457329492257645241,-0.0668333262848314913492065551797265593906678853479879149130825,-0.316664150013946425970033120542813916769090155091697453378375,-0.0140943195500899038508102474816744454109981881342565775571275,-0.305768733427048454498151378758233974011372798840559465278536,-0.164804298355908432769663577739517429339756903057262847861085,-0.331804738012233673633188168175848422881959337396503692421301,-0.208748968680692612183114464339322284558871451168609673223114,-0.141618032674253773231258921357037546876911690207185804851408,-0.548961703863157433439240824418825832796834295059971569621571,0.314011768313842576982918087841722723860499319838429556309305
-0.0540286232286418942972149503480323204769181240108923537195441,0.153983409190988664969923387372999445382478802500429242809189,-0.448093160733450929116824598362431997386568953354400231797073,0.0526738830968262209145701316251613740933987891848644638128907,-0.147435263919527956798831643057958042307100495803050026141261,0.0216358293396776471646499486608524027586210162838038021043276,0.199556942510751428875563412450617908111137435271968069955089,-0.288271448175177708777057870045439841520621709797897026017231,-0.126580750626729241997628635826679913567065067975697895185602,-0.164758852835479156008896443587407126436774409198516987903289,-0.227474393071818071614540877009600346582644458328917337863951,0.396529930573204630570144159254122834038915410567262176663414,0.102361152203669453120933850624540836166118335042482015017037,-0.164173150208101912326625729095930224480945441568542353538828,0.110268409553430197718882197796194872028076617526267077655925,-0.206766936672129245901686471576143816387150864040518424624615,-0.356426602845494442780006928871878967504228120215997543957393,-0.204682072433590886580017044285128003420714815340230901878674,0.289180066811371524058184760075057672987420940570465656138139,0.141879329096389884893041048571878783273213364776178191535791,0.0865952320840421123224251744208186794420558927782596256519364
-0.0540286232286418942972149503480323204769181240108923537195441,0.0106027556872587132747265977797846189996209163112855910584384,-0.153715374772103133312979726451952342646189342408466371276689,-0.0932882610330046336456256890611593937551545072681812339239608,-0.167915077759388184767475581369018657167909154839817904403201,0.198790212565200797045018534225953475214162347279444677198728,-0.310791005515823118218211473687492077707883170560891364768989,-0.316955870119225713410760363001194626395324573623606565651815,-0.0913857050632258411734392180526534830351157105258955441578716,0.0437755784400339192469786863166433788865839745487595430891481,0.145577735948830997462329181876795633442888705961967110014292,-0.0667809705349424723718498863917661345078518795927349826418688,-0.0931284751777954006504818912523069204760385784303962933101909,-0.0111809322236782462230172025842530463596084282264308271189598,-0.0454109228082532229365791010621789667847958215659761095517522,-0.554454029093769514986251715895646971596964685417883196626807,0.343079685076269532533615938825476494811428537202958479279261,-0.0202601740081756292335063263877007337556447608341812792614593,-0.188657062125195025934556336224397002334069003286259678279493,0.429405246450789023898453297585105123917100187018600078987684,0.0870529089146589185469367166127111005720597801902119336916083
-0.0540286232286418942972149503480323204769181240108923537195441,0.276092002375956215755322125880867281203566365983107965456931,-0.110168502977062420466261553952499095567381108565513913730132,0.330087097282990530637720151041243214533679138848807418778022,0.575310893743703247878483843383138206650825853666634528355114,-0.0719946484478763894665014231559450507757212284991938008365746,-0.135572563736274388089577461795410678080498731363522327889758,-0.599504698264771835661670978437806927654430755826043411719495,-0.0746316323935532047442009480286517868311608318900655838266879,-0.162733306966627818298267639701093102256272252164718143433370,0.0846774009845023542159881733144424571842742349959755404610362,-0.0666579075352033349817744174881065791131915774051301521487066,-0.00146156025700308409464869750019188167222316832699441988003319,-0.00433297026056630870614282901093264446562012658741772299625620,-0.0802011290994752497250467060529954912294327952124669989408064,0.0645520480203680464691026546637358408477453094194795347155140,0.0890475823283138281140259231087157796578631950959830159004441,0.0616608163648821448295592622747513886319686394758640051906845,-0.0182019428397553641883745912043275689847209267596771066868649,-0.137638036176744593399063780584295616522194852720637150498312,-0.0226969329343446095109372241170083380982900519398311369699962
-0.0540286232286418942972149503480323204769181240108923537195441,-0.0645629968344519363038707988492209367872569274205623616249560,0.227875309232438398325350927053691625324959375170228658349415,-0.426597244866216683185701999504145181407305551276380638211749,0.106972579200813536597830071940293682363141676386065000008365,-0.182754929484522585218451690360185307185193379142234174092499,-0.116076751696999538753342844852460524716023592171519722537404,-0.314838140458913560376176142748672207192813303457409711928721,0.231028003869415794563527036497187575410753290790772291534142,0.0612901204933196165559092768752765049127163033612173998951890,-0.178519848406813963005165317616801125925880544613705546606373,-0.0686798110309174080660845337736710287114261914172691654267126,0.111411328896099986226977838879574028393240533454564921777467,-0.116843783917659808435140212369082756285270029831904951257868,-0.116616668784480390380622268675764835417727732684329158872417,-0.180671773274738658663048089231391218538826654976966779217172,0.171771316081793274458524065603393690528778301688572345560764,-0.0778464555809372858031167782150322228755658184988757399676083,0.568473645893883930283500236421566001324662863877728777875198,-0.118375299111631902690359664670343565624820837457672384621492,0.250593262096887559366748218616628971371708591233100441146598
-0.0540286232286418942972149503480323204769181240108923537195441,-0.218840485058901783366989606376283138390039216665343984833004,-0.00256035492915134073490889342886674964742233275723584590861852,-0.0950758952300370489585773612152259587347377330114042317038072,0.271630366233633993185444048774274198130450991903582169469081,0.619045616058354618416650889943728277980463782095179574816419,0.195305653955317445568540644605933911511673879752636787967632,-0.0464926305403198041736848312233879801117352561155249432454921,-0.00198608687262034990847403560558239834072947207508544837827117,-0.263293618210259655072178677657735011945365623469385962133503,-0.0941726162978600134949407169606098961319689263287693714598922,-0.0661829275362101731253427831231047863618711128213922098943966,0.407384511711542859519446599406189482893736730090965808860019,0.0220977601233745027624951040790759242480189323701767139685646,0.155315317339722114240351599795175556652982785386174465792012,-0.231086219764351012314927338096307782830825283127053202029963,0.0995598185852461839564043047010835359372055315176332021563073,-0.114832646887047130453483317287391098818623071480411235640470,-0.105300927182245705424341300576828411773245423878256622893261,-0.241997855950965737214966053621997309422324504443333602326230,0.153418243569557119978516927836906973888457568928372228463487
-0.0540286232286418942972149503480323204769181240108923537195441,-0.0617887623213137839040051949047851930208322924717358195668848,0.293785618740242900226709767220326674966043378894093922542498,0.0168656707168014747161054649514461376222343741167102984929404,-0.442756732337353924783401684155633500915379762743510259019727,-0.423545188503214512855899043005402355054349815575686762723227,0.161180896859843517334587932607705935296164552394249568956890,0.160132474077170605322988143372154011117651512467726212180805,0.234571861617833795081342902235098334759759410067714704507948,-0.170163931321891421307995227473802708165296015815642831648301,-0.0228777505955687150064065771165416003695840575604020874648520,0.395660809721737351068127984110523692206447248348189336985732,0.0453196850479513286444869367599040111600224705006600274513373,-0.212536236958884121704658893139044845443605830941801835802613,0.180382083163227562235804980948451266164745587528812850102155,0.351806681272555681551946415556646454033357099304913315519453,0.0424913497683622444718021886002083901924822217595230160078468,0.0943298279669872983893491588739462249372376201052625914938022,0.131671068937706312670028881388327739672926396964407843933028,0.0739590193997579146235313063576936752852978565943577546218029,0.0391188446130889756624297423057986607985532930918303719842482
-0.0540286232286418942972149503480323204769181240108923537195441,-0.0484567583683140541053411145038241035264004303846482167885986,-0.116523028181669451663298925815884494414057645982541771445344,0.293507010092887343205860689329402898781992906593010882178308,0.101362379642976212812695493654927180574700549940580266158792,-0.195083485797964207403770040401910471101860447588664964111167,0.117666659530739227213898893235818590075361440375727644221845,0.0280239877958712113203617932765561476234572320895196130187395,0.231665785120091611025134475934496836722007808931146108138595,0.173977085157706559469449122003209324864689017774327532487321,0.218604103783696285071369238561745538391702763565097211447390,0.396573650323111955695565707417265044508071044239174419075458,-0.397394139080868212237013803604634387075968021180542966669816,-0.161740321615943723998262464800145344860712755459945592863657,-0.281101394701453841326610595458973272608331860338674530362311,-0.127003215062012866365373101287633403931038559230263144391043,-0.151692987395926726265693191570755630138550470896309297817828,-0.144717173228770313892886015883679218591453622138721322426827,-0.361129667266317337397683614528092332853724415619256293428110,0.156272050057103422258749230320878479981740706230977941426658,-0.255012648285001420148889858705411497370867176681585504364035
-0.0540286232286418942972149503480323204769181240108923537195441,-0.106585608984584316279536826225567380081094281955326170694957,0.254047514217915891590979990825219264047080439645952092385338,-0.0968987870706036233131809381296353203247279999759295216228263,0.183309160214246968610810620427715156733224917556225986686074,0.159645077975363886514284160686130497657000319353365619342645,0.165082331090357812999331432758203312248231240893403207999577,0.693508609647018898946272619529427140054395183516175798985440,0.156785552908445881067561443580698588102271575059086371418318,0.0822123147402528087197622026322980505312126197283247260447330,0.215054693848479240043877307534043236197857884626825693904945,-0.0684250490314574394339984753415337035084452149587188145812191,-0.0224690955337411351720689795595576579612962817419787193093685,-0.102667301257182464101961684620805433066136352754649753249464,-0.394060215437385211901076271820098786820253488294108899253515,0.122811358407513348322532254006911697110963911074435242220085,-0.0184399846996910573650307729555220852882200237475926426857616,-0.119585530496905979313719241123189331109330715427729933087857,0.221860377825471548679466762727220461828146551797258038191163,-0.0890270880225798166163736057897531893244968369267471759283210,0.0949976403222794906164018475052069312200988319504921069151002
-0.0540286232286418942972149503480323204769181240108923537195441,0.102008589075272085945368401773642527845746183430085486686885,0.122009925055364175266300636829854880136742168928078311713900,0.0234979950943844466344434082309721375680428453813836937223518,0.204393594536808983501046977325853493999152328490845590493643,0.310879977097224317285636189056953302574484316251964238723128,-0.00706066484953510406511430736658188970084523543395562509450903,0.105463616506011509202632984963182780716547973193222427294875,0.267161034087553137749647123990251504984537662557220665442690,-0.134487822945411697378264606112324485268770481777712050307001,0.138130051609005079534171382513002095082222159011840248998130,-0.0672301658872998883235208211535796004760844492593667779174450,-0.00994818051779373759436384400939138249752616513341333107560903,-0.0361768505213855109162772848727919099822561041121806821570283,0.121188168936070398212939820789173663302064948729864307389448,0.388382147108763795800855580533746504149893578205996628392778,0.130164163777186495527942413101684531927754107055438625572762,0.371475035283553083895171754749599906062726467197047039802112,-0.407942104174937936629549989325186823174518930638094512019714,0.469337333624465902634967918943212980643044357446515848816298,-0.00368106313117527302478532279872050236596866481925442435060633
-0.0540286232286418942972149503480323204769181240108923537195441,0.0332664805964554473373385143580369449668371105622364858617871,-0.0283576128153248804943715142514018279959671761316947421751423,-0.143437791091567025156045722192711717415184101484186518115611,-0.283725013299895412167751912361785118274538946601544264948924,-0.0734496947484630942903023818786469291864949604230416570177168,-0.0175055352203290022370211010482625481104864899399339392672194,0.316244369830803101865529102021588016384444963785451492559342,-0.181889267333170367877961238157375353538930842536085281243348,-0.178946544583863764089080823633446988213358534486561685710278,0.0157617862641096688472656981918988795606951089992498227809128,-0.0671744482841083985006438198600460287302525826399451643502687,0.329994001422780008184873131808608600984572184993779383091698,-0.0330763895531019411782865812463169629417026032038016731954988,-0.0676365697901170646290416643437744027546131210988992357487631,0.0201440108370486266789005763086486632333518832698921727700515,-0.248090024689045436367445214302469088264837017427149100293627,-0.437690595825881016836564376796389195456033899361162411814631,-0.538548174491494654083852695186247208493545477980717482791760,0.240602275542534315046120349239960076449519620700807146874476,0.0500171235254813174023742322034009992609291981477073397254008
-0.0540286232286418942972149503480323204769181240108923537195441,-0.305504030115449858056477182551310237776312064756955298089478,-0.441540051624050955286702084261991021207061508800807815769666,0.349797994327754934779117658176202462278831029355126693385345,0.0152057139823558844942743326556026911907003006396780241874852,0.100902341333352186782383976572274037175518844440074365004661,-0.108209051190363289190629978905367744155258083745826504524853,0.191735696627706524822704735605029683816040378431379175673572,0.0913179191602697050493878764701052920176068575060757670992150,-0.361132528780509894565617477180268278794781628422480631516523,-0.00181591059018650530186721742859791608196733376101353353604252,-0.0668523408881007823013592938177827198784431706132115965787893,-0.138953183623468187022724490634557317829511569506046461330418,-0.0151524058977962290662243835511941848691341253959123800259208,0.124095029170877442411144122100608243134401508486902738009302,0.491122138979093073217387527416381736764392464465558336976923,-0.116210069499513886355818288661105054188275834608768230850323,-0.207176403490330204625242152090988551968043329761269200155720,0.0186921130791773614027513136230119867954528952156214650549536,-0.208190107506431044118015620723678423952101222392632442582267,-0.0897886278685049782192841480130357678885245618378225564256552
-0.0540286232286418942972149503480323204769181240108923537195441,-0.187983379905868350471615961241765550365068544303415609194316,-0.129343953829359454043039552112461425234202149199733417196680,-0.0371508398667354476332570705549869283875653122959527468025177,0.0365734124486227630505327602805231033986218851192901051418556,-0.192153912790418168304810008118542221258806546679286129201866,-0.125056728283235051930514692152810584197834616756352590194505,-0.126980973157619448645038158148888273436064725103201534546624,-0.234413291843083919449926014687348369956355217147877916885583,0.108235657690603407858344559739967882898295127410320259306332,0.242573556658214413758727126450631924717921388563705395808091,-0.0688525310305512851047869462700353169846336330840829626100981,0.159742227922518303523612707880427948213574534842797250540803,-0.126454958602729194423735824401813144908411505816484746517803,-0.296522339354816553614355450214044674314515998165405680040651,0.361875994896586322844515537521029722316115316465746149393850,-0.0340557930631308769011794323564490731302494901130054652493329,-0.0665554951559202140818235228033721961688997153176353399500571,0.328670548373344933416569123626343566876825130680474814817753,0.555789042073627244404117027310171837324921105395231365744290,-0.245883062709419462169397572198843352787208301626139782862481
-0.0540286232286418942972149503480323204769181240108923537195441,-0.244866571363176422933593722383677448425192585268792816001292,-0.179448341792024142141517444644840813637409821406476928598243,-0.00199613067412118896724145626125935716862816900108998736474169,0.221443866559956072206821633310800272941521207032895210038072,-0.411698897787300364355380027567411794893991819849502703184990,-0.0187361931381573379786066556539743184937701582751547086528201,0.167867696226697961608201225470121102624126400881164369147643,0.204257840384336079359423951763121921223754161256497448548836,0.0518376930982830959336781131486204721971420214963341082731649,0.121168102952844478762285409983601634885790161420172325343212,-0.0663837145357845551828343376501282714794747637590632491200822,0.329508124238503946693340519955608230879134871138004415873180,0.0109247695519813415507527050910268474736169665381027019788903,0.0145795210510898096448657365576938953858591279772353275270912,-0.00648616032685871926189081711255414692684225876776032689536551,0.643612866418309099557120304171662932384243776821614845305742,-0.0868669209151239821977065590775128584970883784169154547425816,-0.228412888451918440536893248736773213733562137040101805544923,-0.0662311413779176007132798766528554391203763006697688237648390,-0.0840398722380416390534500759444299080085446781614565807222271
-0.0540286232286418942972149503480323204769181240108923537195441,-0.445457897621854164669513695647836879051192101553268658293496,0.540502545593850537151790617793358554515943416216152986819070,0.363474784576243446119345531954911529564520623928633475056353,-0.0445242413976292980513831098049177955653361679659504794319536,0.0421976049932996388866813934319950114845837364628775442583351,-0.460288076781392883818733186607205733024458606127343571919842,-0.148695509913879492058580477528939251427303779670735508960723,0.165154971690146277794281263732558749795671852975152049183433,0.00540903674690298901532906132236092328693851053061108579901555,0.135393291338618834748374792593458044194327980301431854107927,-0.0670405902843921437956494501753637053185168153481644715331450,0.171750077705107485511491416917185014328786987903327062195562,-0.0256277291721731670371249819209509117587679593157523318690493,-0.119829336238675388228506451610250509622441576849620076260421,0.0108590452416068972982809589372189266293447003367809590901044,-0.0800285891506422221004245779657908480732389403199300737165799,-0.106376034839933935743189845005772390354366152693095722873908,-0.143641586752275850772462255906743338669047587860445968945427,-0.0387312087553395079570405004506832017850230429730253638016278,0.0451245122116459860342056766741255500361229832095631556768940
-0.0540286232286418942972149503480323204769181240108923537195441,-0.0808524496126500803052737033461976550199930384141119929526008,-0.0452084431168941202079329949466945138922461998363300615654413,-0.226899892677180040317877435840079339944837665613127215205795,0.402393713671824281053754416888990044871575625603978788944762,-0.0440241704670542621970660725306164408028383350228366605251933,-0.153400050362031016428784048959445589045245912332440745079124,-0.00627966518054597356592500962177569951708753223159788353978751,0.0741248712144539652817568831060784450691331113504392603048921,0.387148995879196928404879078212581029358183156543489468506410,-0.0282533102329740995401823365179873071780947105876685619648286,0.397754083570609734081947507822104727175273153380804964200658,0.281929315577403494839256055401935414780595963069269469777698,-0.0960539496276726391324543288139535951144302305278330546340396,0.166253388820675643078952927608606709975313533307719496029241,0.386329618069508744234105607613202228917756895995762971806839,-0.316648550727561594174316295998680374986331060474951984838314,-0.0934493840952466335508770844154176265781086225593671471417000,-0.132284875589431134152475360727160919719931802347265680327233,-0.146721683598654885563299509074447612027260509494582650534105,0.146881885875614875293801693798855621354091216481665685080804
-0.0540286232286418942972149503480323204769181240108923537195441,0.348975200200934267217512415665500834745604520144043942531325,-0.201872605262706709416648898355519365733720621522441043357317,0.310355577636676249930952447749901547278818376311766616955801,0.0313120598528137752189181678151698641755166373843918042842306,-0.283013224067169575608301075432229686206592169560408990248807,-0.466290854675207238867049314870904576945607023918012756676909,0.273411288480710700493468496289866163844948851101038630270836,0.312345716667422105136053219142188932128152058195748745217656,0.0899919408631696483972707848622362321660169691502908581249885,-0.0951573236453104669741812153697117532811929732084263302445314,-0.0670357325344024410039359448239034597108328560512853334873623,0.0511264329867283267102877747048493389962336379060575286754780,-0.0253574148841555905561957303325303695787421053036860251273636,-0.0709740263684413926095549053568764262464810531811767565687641,-0.0224745044916602830448291423843918585677250875178742629039621,-0.0934069558256235791581446654668941628560106444079389906919259,-0.00410946164379509602715096463924329327912654970923933249556029,0.131613836388839871016698999575710282076323513130433944421231,0.257082154032851640277890576448929343212264247095431011252799,0.380532060575010455916046307202461671348427305095013967138327
-0.0540286232286418942972149503480323204769181240108923537195441,-0.373392802174670550440207059195037479866085582721713426801413,-0.345299920051595604852653706835475220592343685359540451822889,-0.129678417190597278517846654107134955464490396577444703879445,-0.376504930869397756317029319470742588901889923953670319606267,0.153378047483938389922664555505113112086172663421261141948382,0.0731295521449212332017606652767825861933843545077304873647724,-0.0137273953126299419442529845159470978305481680711386585913415,0.482017203592914142353624135332519990746313371073878689052686,0.229354579165429506321669080788660554703406006400342302846932,-0.131291943083317405315952857902789593694058789095650460270943,-0.0678129725327548876780968010575427569402663435519474208125969,0.235365545427163721551297460582165051261776020855973332308333,-0.0686077009669678275048759844798171183828787472342951037970703,-0.293626555478229465558321629318082384198838570602951993866518,0.000974698227011478907451666231342353376363619369682451036613991,-0.150350258499955133162344110421816109755269328002775117665526,0.250193417740400560788601830064066103070468966252751605939177,-0.0802294551899368243049849779359825108328347953672347008109215,0.0549486319151338988273111057349160783172227383309848064436889,0.0550747611309737794913014787224322134123109865207451858681059
-0.0540286232286418942972149503480323204769181240108923537195441,0.162648088328652109843305315129746580444804725472353377781681,-0.120442701364265049802221512970441491450137663209380739539446,-0.222593283661081894476945928015924686615150727250391947915215,0.211525423239032045468712119106526770677106497635718585714537,-0.669993054710059875537350999820293652513866807111946452846174,0.161141286979112583814766291231927468456712733516422404333925,0.162645214500703040219951552314409398636574896488909709846756,-0.180327973261456053222015658094567061759047490611718000265062,-0.116981817864158505460754424381700225946880109941541183613824,0.0784064805956721993883081732958858428065265621874976728126361,-0.0608340640489791705148044254523486310089431304878957813100678,-0.225260549576178894622324884191049712591409332028556847992482,0.319740542958833200533873985285008526517665600141650628597314,0.0263433715531826667192284329726971570808481535253290114937346,0.0476222357673656685018873143062027034437546986321597964082533,-0.246161757062298006721185962430466063686840260203684800497292,-0.182569512874005626708037816609675868535216582159440784045910,0.155448103313291378922461513385687464027872146694142568333788,-0.166646520950381944584544460321803655697594805824999969858516,-0.0516404645245738994347249199334531266206680708910185205807178
-0.0540286232286418942972149503480323204769181240108923537195441,-0.278917248484196575151041948477919021245887839003001135288655,0.0819829425481947495738249278816859030715117020924324199869360,-0.0128336452447977003811852372242845467207407160454262507442880,0.312396542830563806140419766506162357044515680271669476021992,0.118358133424332709278211804545451189380485397469267703577344,-0.128515968763969603437845549134670476797422513705541439102469,0.182821245224238619587709165596377585939833807801373520802084,-0.692656137042440065801960590705926060779202746028012232762451,0.139136981337797934752532669333682040510870530363325812764960,0.0603595838877840618317673256251088726158727219843060283916875,-0.0659600107866827005722674819949846268092627584201606529045898,-0.266310978880290638730870211751461178763963173375538257869711,0.0345021824512921790540263158588185820647608998127750122259180,0.00994505533920474503528535744980496271919425548784407646332470,0.0518824980404758603514250424072744860955728387610252579489275,0.119943149666500110089212695530420915060707920495254209137712,0.0566105840085740377310480950890255781497203005642716492673273,-0.334617832494728072140730112705635892074718581079339447642142,-0.0877379324504578619240423629714372994117532090225269855832924,-0.177689457951307040156773333459016910759530991357086720716689
-0.0540286232286418942972149503480323204769181240108923537195441,-0.173016669169429429713563318465232772339371479222702401489615,-0.104893326631223524506904958856070707109228587268483075693797,-0.239527998799395271126366481655281875437741609881866254097333,0.178416606242383625538859023991107886627520427502994453091433,-0.0944443802204974299186656222555816932067109450910826862014309,-0.350793583189711797963361830277260451685623588315904129708424,0.128293075895755658259284069855363056279453851422722169535303,-0.0338262019009428146355161632535089342011524774745389330811491,-0.553012237717187369020370042720824613929464944622294617840374,0.0271910709936476394791761771651658646465614094445849323026865,0.399293450567346663189382759195951446410234477236282931597581,0.0838113492362910025230422554237197571957658815062482799616168,-0.0103943552469917365090959365722440065106818258152656293798705,-0.344994581311716085552726252966114356899243547911841564700579,-0.122739186058164034797555481848046784544900056407019902629723,-0.0737857351358766976664788413506631183322671407813539233066086,0.319447895606739645679430712410054199786469669388533241527372,-0.0468711859024709717774583966254243807008925956140140487253850,-0.00209240773153462161040390129434862492785713951358186324943369,0.0212107623480803822602972817279353570952477461165853154058233
-0.0540286232286418942972149503480323204769181240108923537195441,-0.296103016849536758310509849009509008354285687015416514416798,-0.0405269236301085674220644691026915250707016682999184600640242,0.274402903348751714096345565388224385427726104459615900805836,-0.196014823090292466989858309440139491808057120217853988717491,-0.149791010621979356482579812034368876141002561233730640198641,0.354022667442680722958751988329994291349417670012119852378429,-0.231249483196673618274289598338251250439376133108584558268241,-0.159846229449586641564728069390676168662875895682900036037771,-0.319789004054753575380140131741700322883918029190715076152698,0.174278660218885560966357290074778013775495966938279488456735,-0.0600109453007239752522382408993625697069389162944862791079965,0.151550882369147307870920278897192234403986723251711039223282,0.365543797317366993135774948878489284799824196630663715382941,0.119151467341112844277523469574003516398609176350443136607314,-0.150237564049948391075357628108167295683886139182189550771477,-0.0796505852236221039380734034458117372977188305834867848795316,0.295191110629833300481265882095391478819704807587429633685690,-0.184950902490280532203749648245146380751162652195690008001018,0.134381966319439711465592813376551369503280329919690655025932,-0.303151966356195051860333360708632480347326954968768555578270
-0.0540286232286418942972149503480323204769181240108923537195441,-0.368708833866789288296652104943194221341463835981617694625423,-0.0825343894927800496875181338835065497057964969346569836341208,0.0588131220369374601747744052261732189139733949608423334964845,0.139376985088953574910952832334756931459760521542430421884133,-0.192691820845870934070281671451298062868546222685492581973173,0.261257853449118567756880634635792778522444725042867092364812,-0.111271720787223475224196627924828116482541778975554170002863,-0.115525446134786638269197049391152062510785580437775525983184,-0.0985962019389167707403013759577544321616504839687876621672850,0.190018228541194897984013332163605814722630187283088883517593,-0.0698457943817554137283704803953962910134696440011782190133384,-0.135526094383076645799866419367634592256138987407287159882807,-0.181726077158405024981072084593452732693954831053660956624666,-0.0487426583632144663455198103543592845791973449183359655623367,0.0439647065127439178503639044862613907863454319209024383046454,-0.0439635823145072753789527568159617875685694467064855307314682,0.0283184857579018702538165718130154466192212878449086450118986,-0.119346737655319456120447558692856286585729178878218607276006,0.158922738993743361062090159320435886152805526811282140534205,0.742753461036446668141529467166702960666161391268654394834173
-0.0540286232286418942972149503480323204769181240108923537195441,-0.361058988010910614154969246630633230306079855254467148871701,0.0439470700552494284805134218610336066600066881648006718119964,0.156355645886309927250312451125279598689068316579996930448824,-0.169424762109584988820265750639997468799391706100732683640288,-0.165864361492603072431395310930668478425299919837640685238314,0.0367700268736510014614433806678619557133787636967417436109894,0.352157374419111790543762212722089823616139009584069170843104,0.0155041950757482945826019446568931218358527958210049600110197,-0.149301072451121733970369152043760266010780301476079953067966,-0.505942621227342588753163011967562383978393073598597790887164,-0.0671749880341072543663897648990971671311063558951539574664668,-0.258653028975651553433228289455361670227758227674393002504668,-0.0331064244739927830095009425339192454061499203162534850556861,0.0499871613489892764425983390800325199588049664346706081686770,-0.528592209955907584076241428980652573052344177162926682708843,0.0491356091346585539720084158172585343373899903208146006893999,-0.113260881096529691177045591284763952603933301917561626962806,0.0163225580683426619333837336153846759098731370272547854353421,-0.0907753220759101676124446766305790573080415854737571218785032,0.0456059578269380000094452276918038934302355205352758229501714
-0.0540286232286418942972149503480323204769181240108923537195441,-0.0176576964264282536766470986796166321742438997201612761899993,0.263024109638990317089250171681093551733625357040748234029826,-0.303964312428151429794364755201839680256683929683275973618729,-0.187793185288842371141441156202177429474939158860919658259585,-0.0671881080184411778284140310761769296924750174509854856858488,-0.133001642547637219540836947247681980544680875359820891465079,0.284473207052641635193658844663925669626949693681593656298972,-0.0155879167942999780555833863981186869515100395074526913471733,0.174428760366679768735864831334379940074443199914596831827444,0.139652735639171013597225794915862009260492621139370494615556,-0.0590010730528646504415750728346826217095291557988343587013897,0.148150026681821316081579959805280026715904582395385403650415,0.421739134304132059337844917982359775780754514028003705793372,0.268242134632698333219435470178174863038738472915983368442237,-0.199337176736918257669186580520788876806381491638304336344204,0.0145295262992061962666637856515834645707530518886086277865065,0.388001337301242716811356086143526300955597117702919172212028,-0.146272416304217034205858790990906663226872197214919226912961,-0.142024795030770896263527207911597315815714136665914797293528,0.373257936181221994936577400275489049068540783032954228872272
-0.0540286232286418942972149503480323204769181240108923537195441,0.295028742907111123833931581127235997048448765869720448733693,-0.221918256303942328020891948695822393139058557749732951583289,-0.0816646746945145125251687358971092483106305165033432910796661,-0.454067244977425168746838517213393188610549579887131788087643,0.130969632835970184878670663734906845613713905587312804473219,-0.0819226999195246826553906114464611265334562735058325303838916,0.400971528666767941411426659500576574415884104048405095929052,-0.158879302550868569176819296566811054178107113688964459837248,-0.0521120171125428609354703833541363461316134447002827980427653,0.107980330711766155514468188744882821609514686249250033903327,-0.0676699387830580832554213657089910807140164309216172450201058,-0.330473298618727905635595530391116116421138305714736857522359,-0.0606484469308947422330702432652122653043397124345649608474368,0.0154075623776652581650545344539922370597497302779282367878842,-0.0572065540236984050749711227982363972189172232873198820226890,-0.191484833539376502675138977424704465030952894939784508757413,0.320692615316784461680613031295530880919444181185284085157414,0.114838264848385246898341685353585752046057262917197730636523,0.120868976272050944280876735333832500517426557445268899045794,-0.367963444998330820822068336832659804960726735499293524351694
-0.0540286232286418942972149503480323204769181240108923537195441,0.288010912555006084510110320475064990103494413333694207791886,0.317865916911833724276981593760646114621669448681193793426433,0.487776542646245940966484336936943628453503397190617258091090,0.0990285158243597804882154761280261841853534764343802200528775,0.0771890301841929505021337872719920671778173476553939860063765,0.260742125885642737750309875617536540699604082824613295782147,0.192263797604487752872024563097774301319083061179051757696882,-0.120806407569169856986246805475601209748717468488269623023932,0.0274986529476022520885241670265784308592479374828467140892200,0.0380901728898634355193696591981153185141944473217360456430092,-0.0688476732805615823130734409185750713769496737872038245643153,-0.0638594808685668693129906783136219423882732141396957390080228,-0.126184644314711617942806572813392602728385651804418439776117,0.410103256217974711387379369922960656361269468747175007660387,-0.0272502333716680023593334180264641823477245474930449561779218,-0.440157733456231365429122200764245454441344488220196775105158,-0.00876163921933778850860466109197042183617894303516259472528093,-0.104783602757322376228277844669249273954144020304358053446306,-0.161580773292818567252956872017057599097488185183343579903936,0.114353314459203888506599440589206043776026803309689751181177
-0.0540286232286418942972149503480323204769181240108923537195441,0.0993144881891538701749053643083948357419283439554092719895855,0.257602909973338762858915648274660767064265265012912911650982,-0.132572640224741111306397908069851941256256542335885893385952,-0.0771275625988966584585706885582255488730866500666480796469384,-0.289065913156470424661547895539301327332360292039089383056856,-0.108741820224933457550060593685022329450753576237084120468072,-0.330523564949014092287600013389591673004164303040031502824750,-0.156228060330368871784591277285395464069812355715982543161088,0.125456747380860884815752979123717823751509953169130949615723,-0.451318797917090495058386286423966745733934337117882190699614,-0.0680326507822892250366964319513560860877520584219262191052152,-0.170972377249868690628737184680717125013953583378285062467872,-0.0808319137695404528091210285339460814129368120021825308933000,-0.115739633422044341030457418321402954594371080468247958965096,-0.00261783459930280475420195419304023820448387567055713535350087,-0.394990389040584089847183648822203785081997408979853537151648,0.329931798345822379625655895924020089564040804816420812171171,-0.256462459186957998658517793566331573554262796864170541584651,0.253201298837247382823335374132306417222587454608798062583417,0.0177916789317524108541260044310804982339238236254296878653356
-0.0540286232286418942972149503480323204769181240108923537195441,-0.109864612573036439513902151876491206419029490415218343926656,0.0610254931028387970014006931534783450418729019697204835480023,-0.426877405109312469963646281499692339160982844786485312473115,0.0489067047096133244956381398300668231406544723300377513629968,-0.0252415456908221751073611412879505155120630872604648714514684,0.563802326308022849882307679647813124118369855350600037094648,0.0749390879503162885485239307361408687498880703709353287067944,-0.0152401388736764328759984667947732034127585861577895302045118,0.347578706393923357472121267321138386464478293663625263137469,0.0189243755273178004556605932007383685721534869127479842222664,-0.0703956762772802052724438129172400050255713697260224818204075,-0.0328961255373066516456749262340411808250753098087466625227484,-0.212324797429645989865594745656738710763291130316214854793283,0.355000441939051692441889887056503346317727905774869000975838,-0.195590961573543263046395805152489513533202785151759243823338,0.0112722151192643839503699022975031899636632731642312540040436,-0.0437305886664640759325474271421068220382781264856136800604891,-0.0232669179834684131270480754174676775414248429912679957717374,0.313624167633588492584020505574505067520529652386091239011760,-0.186551342552395293928518318344655683721870170835046617709188
-0.0540286232286418942972149503480323204769181240108923537195441,-0.0184010083613076609964283979328424520350594735253063793457070,-0.198885746569664482976126890893798082827567623158004301087925,0.0977343509922566624636368615318687553842828240395153355884230,0.255580254711884088317456268888896093831255698994322089717714,-0.0681957935977793684254697011189875143371819890974818695734917,0.253076887624607760122692648534729055165993583388858466416553,0.213151075581764306680101209015044771338646679141850245641741,-0.202569939320653191065934792042563926904681944561929736808924,0.0384272413167552215240192760721903784790433985462895493581005,-0.398416435828576838780234065052765513259448077350442996937337,-0.0670308747844127382122224394724432141031488967544061954415796,0.194416612420551791838631039256326041768158643792421310913628,-0.0250871005961380140752664787441098273987162512916197183856780,0.0804027150211417507684887726908995367799838908630484719478960,0.194471404308925476754273625335549454829000243532937106184767,0.101767585835718397739513293791889122384407410513057174061629,0.579051499135790148066780222333290533459960235630303996671126,0.357369292861894694740276553791946887550349588185696345544401,-0.0386766279548659842277869746289184187555118076856524492535932,0.0697469417626649181192703582980577276257632574935025632021813
-0.0540286232286418942972149503480323204769181240108923537195441,-0.274387531678039183099572036705567358527733574224009182767575,-0.0612828943963568657670315557260858055867161256164349394407714,0.0135384021981472389936332499951427198700821197631584855210285,0.375130364352229863192214096703784839342915018035983666248502,0.273709888419695724412319379369501399320388266384621352817135,-0.114753310044304102201507160055274955262633003863702024525249,-0.0457302727255445229399000772527220134424683402136346908569763,0.147356319998403897865103377752492085064429221303392979737547,0.101024325974236633862757278049271884269440312079763524766850,0.0468939938184347339994661770029458991250469567370291622776455,-0.0604033435498921896495402842895401871276320728312788745840004,-0.334949626398923946318974831727035975066401661383606092518494,0.343708409829724981842934292791629933146624655878196493026776,0.105426229530372626540827389396133810607848471714393704866101,-0.196406248684365239000612264328006640278612178859866063738498,-0.435901692688878812292057953572906428922061613112530724213168,0.159547366630034208481583004496715225639256556784315446133766,0.318123527590992821180832433231062012977066576542054489052383,0.228915674249586698715836131729246771221017248850140955693978,0.00995918143571324234325385797057927853034970097784326165785350
-0.0540286232286418942972149503480323204769181240108923537195441,-0.0948320532482197119073830975293088659562532454572227776855361,0.234634691105313448745075493102283064110098694797632600100587,-0.172317639691098865419350911721444149684197176138870987083018,0.157939261564667746804627701155363415199528371429737591406982,-0.00789428626840432005085282065639703032265982196502085755972788,0.0611245937842463277170227100215017076860699488465322660825036,-0.0206165458892096885765269076777201374036561235296821535428157,0.363009302347527688606874590557925768113833717400375559382373,-0.0413674700165839119401351074949198312805959321126911090243506,-0.0792660669347037018059342196720211851147341533880031387708346,-0.0672829380338784275155787727093248473018610069369125807060827,-0.195835178584086189424567875522663249938912538219856095952168,-0.0391134086521611492523732000543757382956133428066158570931454,0.102207544923661377816946445200512567263645614974916944494510,0.0424418452335844701470862820513102883535439177623633713704705,-0.0400597837993478029144820356890583107224999258692565514942751,0.327824116558702226658369531705446408919491960669417901350499,-0.105502066217941912443278179907650123737748201784050423859459,-0.565489616258042365540820493004860612413794793092790241070424,-0.487610368937868083111456787623272068305642256938370025364289
-0.0540286232286418942972149503480323204769181240108923537195441,0.0512056907712430724359455100578808587778570124119932028579079,0.102278685894838078278413419168190575607397945597324566805655,-0.0976986901729847408869254545462284282721425874298945419092931,0.115339977011185818087257533685219806421957038567811474867229,-0.105044284079063332517760307298739218775046510384969362648433,-0.437556654717883175623515288635854762306814676112807660295870,-0.000955377176055362242130057335803341675923513266363729738699115,-0.125215483808561294292456871477382860072523027869738537308141,-0.255267076612125007499862084270316231139995832985414839184828,-0.194462601969323957460241648497407009498047994888644218762206,-0.0664582000356266646557747530391853707972954729778766991554172,0.210983104400283798044199422946388008536375793832964299005200,0.00677995046904516884317084740191186737988720501975266527304344,0.657914396555215473017832296615943685604156203124036865737946,-0.0375809887807333760672412358103495220639639762804151721418173,0.0117799467684762873959471314573044046140716277818169391716166,-0.0499421907364369402085301242401883399402642661387536847775925,0.126052411566217826379541449130664931431564188478255481792886,0.177100216181661293114347337771375986230535006270938053583380,-0.326918596021628629983057226893377582390085451072529768438166
-0.0540286232286418942972149503480323204769181240108923537195441,-0.202750529083980747913388417753656765066530781146321832384763,-0.226665820621232046391483003810464859038126531317314738187806,0.243214557870016062459906653516092165176689008614585311968193,-0.235919256862644936428247985540024171299468350254715700031250,-0.323454499269306615784828698128186386845821780005767153662605,-0.162367207251146972256929336771926768929609212953673253992091,-0.269972907100502132345683173486914904702940226908742444936294,-0.0989887428547366452455523550415404300625832999196492550785150,0.512904890033295271255298689925916668648883828179662516069348,0.119074685653987397539468505154166877178173214416511935411942,-0.0686598402809597410334845673287789078798365809745438201273837,-0.197336624353526833984226025769258741415706698175397769874712,-0.115732491844698660680208844727798305100719296671187912430938,0.364289618814177039174902919725244584225539204323920323811376,-0.0441721144227788530169077603368022374902694966161289312461725,0.0150770289471358492120805670243953758258843071706676396088944,0.124682285986830254349475148332649376872357487374705277070771,0.188745763995628813012899632526637847962327136071965702262577,-0.234921727803476262032043508644478304292605606571275427993899,-0.0238756830878308342411689753039440855419648347978453657647312
-0.0540286232286418942972149503480323204769181240108923537195441,0.0942125946131955088916136713237256708921450035770573100088569,-0.121104119938062516032018870866032003780628693657754157481477,-0.141813006800434393408177210860116081251313770491607686257753,-0.0262876483389354137728579588982754119608562847914598124424944,-0.0278139201972052719935930968059010454395663031440295886096204,-0.0459995234731303405736326642219981060570393542766214154945736,-0.0818950000151436994652695569430970649827582930002862269620952,0.366631124259122634845527380779029809145739970485066639126093,-0.185881061821923082173365866826922859308481705260560550527765,0.762894823571844886616433574851269031956773366811391390007509,-0.0697479762786531663773097660558739240010434634754707423827120,0.187525120199220370528698763580865790999996440762225700223187,-0.176282892360635792408361200533999753426510595374040622568528,0.207404428030239920341402309936572904121218725352483002715820,-0.113817769639254568146501615890490316064370985767725741289114,-0.218617957628938749776590085230518956008419550898639087421264,-0.0706235755395745964896270685714458579994741412312196729035367,0.0921706561006723971141222690268540186168658671394352069204068,-0.0615372826408944744904245187885498637362796354112765006264858,-0.00455365352745488198428077328272410991385216019357647739104776
-0.0540286232286418942972149503480323204769181240108923537195441,0.115377719862574129886503330145031926752066322465493743846017,-0.00748740557965567375447133041611996075988644397927686065567741,0.0591124582928821896919080373552150920327498314054089024705108,0.170883212379759873666371296103580713351123580320413055612657,-0.0930431960136913643968814895324826923724045376593408318292708,-0.103570867481980585502913521271869383373570900723894440664512,0.0969599662187572854490570214203295155537176981854381078961784,-0.150551316817993112978034277550360440467996724480907784739872,0.327896741559531464631274365866865530989186347817509328201803,0.0161832571683356202565321269806860371156510550013853864771180,-0.0665918113287242480586797981813350612932447976038255467749929,0.459908029281865238718889702233178192098429565804859362752692,-0.000654981678829883052167769916574477398087762216611901328930138,-0.238640032782341904410073984789250047663107375517928912849226,-0.548075396938958712723349679627096653104350524111406130322133,-0.253688124462321958648050018855291179039811103007810545562429,0.0558743366596541926290989025318606894337253052252298935856278,0.0702577365638738315089470819981841484965581896933459815758248,-0.137388203108932173900371576416947732365056242641672488012103,-0.356666698599927277508969872587619476973181049117147072995292
-0.0540286232286418942972149503480323204769181240108923537195441,0.0274312945922410614495583915896989462753248094069914120469645,-0.0491663270586332041124216342451782716095556275591903537932753,0.0318369941752466811956718067385884825838763869829391422992905,0.0330006984719841745518484641161449602722776084613812862907634,0.0764332548569269926043190834530149187167333548095189072014856,-0.153409461633378482791104807160031415740849487857643760627086,0.0418387323073433456970063693351822867716292453192024317587395,-0.0471409467962648947008031088440314396586800525080542632783991,-0.0283622452407790894912617572141335086997026013902794196062417,-0.104380247106849797739253161703059735704959069731005494139991,-0.0837225254961691325420188134768474662901568605150466079899105,0.0670198673186579335459961788730655381501981143268614430775148,-0.953910462759853945253506339979321799625466120611938255023102,-0.0398795243547975994291475456742647370099973957419340091814727,-0.00706646389022598438723939428054469656793591551338639103047658,0.0929022745070040995425120598269638200097682312815439768490243,0.0254577738137015411005086643963616978457489283578860086770856,-0.0876977203299452767955142940958121489809653961386381334392148,-0.0708447367568245746275724772740626274681335273373041694764039,-0.0410384366105138805636331336037528659641040841205210079261168
-0.0540286232286418942972149503480323204769181240108923537195441,2.04982880131870614714995666465416574974935866064534785808112e-82,-2.22609997068261214849752703090795831062436188917584930238440e-83,2.75257776853259148504366439209621853176860431998317494825764e-82,-2.49333124371418146196878572048438809014511159384901119754038e-82,2.20059534339834265192872115488293396601654977545425100997324e-82,-4.71896835742661105947417806908528715591549477839352552917223e-82,2.85679638851557752344520213329065177712104165134256456432066e-82,-9.35805497008141889550746290512124023961144568958370454115764e-83,5.79226071337532937372371871161143221381104432961314138072684e-82,2.09976756783159590566225605393280300786319620059165559848479e-82,-0.998378188240690048701959347656937850671468326427384246366331,-5.00984642164949499049754282480060102129283514941474194517527e-83,0.0179416029733890858502175013212615526076964558769904985142785,4.15039434258676547759553441010354015516348863254225944650459e-82,1.90474872984295761289680866494803771171609983493181072421129e-82,-2.84304299040929426372788966896050907516786107536806923706948e-83,5.15865576181348033985961533683873828777574321944252882056449e-82,1.55736041234400902680266291681266160833098113158970295174561e-82,6.55167250285058775566853295820884270415928939585373349247152e-82,-1.76373379317865229528396513736003019366271325365661471301019e-82
0.238747443270857863736505062601219423729851144946430398514671,0.0784869553409198608329495031741297142731515569067451211023411,-0.309981603619262139510841313086292471839233627125334499709331,0.0504032481960633538819702661994870470832751803252114458359176,-0.146344886642561344855081399523249335802188749873956771290206,0.140224927731387782754871957323241914750152569597553088172360,-0.373597259920502895713611349397678370078077293120630873287553,-0.302173763697153023985077130098505734592514709880355441052465,0.0825887885442617953239457564246814436134832791638985112264924,0.170751981529908269384650382660246496391371099709703359681177,-0.0314763308186005310583481171669582198876603703437531830739039,-0.189510114764609656158144270738771111583956498070330674103145,0.471311171079885655510461165204672292017086503973403675169664,-0.0796066223841229562291569307759848891932954012688022159564490,0.00839621079961602571280370809525611199092754153115686078228827,0.0992374961198396654675746870536794921151432055961037026980225,0.0924131186599631089912587265783282021989918804931808394728677,-0.473212475896509028948693454564767164113361278661707437267126,0.0672000833633993836557579705266279176599552304148526410352796,-0.128688654111651322484900344435569873502576002328264065941642,-0.0377858125748870575175766359503421384693881871503161538959369
0.238747443270857863736505062601219423729851144946430398514671,-0.0148759523231038275169467550783492346094619270246322550504865,-0.253711607916476700918667871730460190992237229447961543208722,-0.174218559151976040652548909564236633937862223930586662663944,-0.118292204374887737066050429368324310328830846213200762433034,-0.0714982768315553674155901537263620293693320965443715484630359,0.107326933829051453175432145512677541047310905784710838505943,0.256393638880503572856328165034297515339506243943600258677026,0.0787158579874159319184131979571291027700797123702067739264728,-0.130077823775224336052097274498598191427110930845849457678368,-0.326719374505586493815618058957464865379721881632029297743929,0.255898837038958940325986655872752596467097263039485349942990,0.181809065801179505573459837447209139673559113149777241554574,0.285249009130850668819056063376411035481991427976649535028379,-0.160431094525852178415270655278769381922369927059630138857564,0.167030807346336878818928343143396399586168869591822334823489,0.161199538613762862015417014219462995136183122136442706253089,-0.218688507059497293881557605560740742344081638886180257902212,0.0661697736522060354838072165959411960096611377010375116721576,-0.243054923107074209772633675818886257421784984182731710523283,0.501024570012420495430256224668561922374331178822198457171497
0.238747443270857863736505062601219423729851144946430398514671,-0.366930150536045081560884313190881066396513028349592696208119,0.194154445573685140056088399502608616199672421854241959102586,0.0341346449816502140719766490731962629080492511853037048588703,0.382781110244520099865852159675687562416370456391406028461321,0.0650387393625187962557752413217652346395352532248268803604248,0.227396481004063136236506613719392963134887865854410268498779,-0.141986006009780356566846790823715810017569532162848895240583,0.0704483225904129516507397183184802297686119873545039190605010,-0.0318331236987923170171408732075409537438690191056141466432451,-0.132340543685233604142732098845504824250036791956898244436401,-0.191195438656697716534021403511184544164886261863790024591526,-0.0328211141666765399580188307009712288381985563693250461946148,-0.173388132123093194767418533421170078451413224474356033631904,-0.459779427530575237885319003004732768141738818811892654992265,-0.246085041975801360052274176071813194060720649368075681129953,0.194586734112924619343742872580081746086218665640431669661830,0.255938826409663150333253605244583296246061092860293491578671,-0.0431758496801323969902812034634902547555137064926527134752818,0.228498099746149213562939564856589317091450851882111885305011,-0.162155216674151514839514401138729660034623241095829226937603
0.238747443270857863736505062601219423729851144946430398514671,-0.245683324512608065537634280214151387380012176879984797265239,0.279192419249911887904835543690075221669357476327803759333149,-0.292722858962383902358317124742723160510569501528717281633831,0.216167957918340157604397639595772325690807687622667470112705,-0.329771990331647590248188479941003790782571757191678771911973,-0.129506308788633572220907121145574624158712183571010659218753,-0.370836800496997167036929049668360832264458566878900895920637,0.0316050114356793719181912977699905458325700402919352558651204,0.0143354302633961894359285342677211283971515230668124467162716,0.352993173136608994623901442856904780223609773584637069812556,0.253354587520324190554683601994977673819288337360939659790748,-0.248987036626991865614353661641821732079672414432730751319987,0.143671735984504162750739542615917351095339491014344827162478,0.211144324067492438881413507343094845304395801281302495917655,0.0593430359500425383419572743592791157723359716320868917849483,0.146568610192315488617532165069358606318824790812628345643261,0.142241351492771389291452503115608776696275825902064039055994,-0.0996616898365081924883616744443429093796532184486907446585125,0.181580566682766987901859557504178575643102480769878042251416,-0.0622788774893405738907259175392773822780457302648972564387648
0.238747443270857863736505062601219423729851144946430398514671,0.448971718839026947279511567706050977296859239892075985283111,0.190567130833036081828340238633153494616433550950664968957685,-0.122223906006936096635891128102860618707918442103156020174188,0.394490034366470871155310715531648771394776340595786399365492,-0.108964109905171104975957512210626285518485081395901712076876,0.0579646232163030955836057586347168356285451756331112472438607,0.0704418554185173019876924446201074780682666059207509799687663,0.188983832487577585911734340879886471902527863843959722634720,-0.0633346654928561755201481454018586674770983327636730444804635,0.00952351496147933157059302323492619319611466293878005614842495,0.245582244669180527688226677248980028416768192027083589551302,-0.0493922807032303413919730909840223930008286606865916883558810,-0.288827945655954682404219941136145598683766388945260699388167,-0.0216031324334356716497702844701909507846353330961831877822173,0.0140527426965457895099873123536268923646011242432652660477218,-0.255250431695615939210479885687609637543496498854987195775397,0.181022722012577270682158089669707550179384228689766079955804,0.331025033544268974214895117953818501361586841251857879287230,0.235029742634215247199461796920925990811585775115650690342601,-0.254873696987949954555905001531796928733235295387510838277995
0.238747443270857863736505062601219423729851144946430398514671,0.0288685228030653283374301975387187321798167204833411759009073,0.334090216412224405372359503554184445679881471844935625193804,-0.000259929177603281807101161340876277799456133347441199085954140,-0.239440432361183020336908809152321679240107425915687465413042,0.0698353210424793018490818888009802738748487247084984609165756,-0.00403617451567625917339108597280574651331138895113501934039007,0.0209393226264780629493735037898612175301469083326539746598048,0.452445781389333923623591950202936704289677715960549070868722,0.192766273477846996234333870793643139039437377499090715658219,0.127731856646579429939834218412734412960467693186648046694377,-0.193354050155495256376902039731408117273071180018428661750605,-0.495667421898775358618020748349362561699398485797399097797650,-0.293506197408645429822389014092321344138179139718591363289052,0.0520779997558057596849507623717737846816526340547402687242671,-0.187707835603041924364412438729862153555544180239706905100398,-0.0363025565253574445724846736339581195124975517387953713749275,0.179614343966734615867314788889430335614781654635754672753166,0.0248420202135785915878223065065527899002783371865032095343142,0.0927928256794393720371192912816670138219530692991558647474231,0.244405395430324512409650920896769996008799535508424285510683
0.238747443270857863736505062601219423729851144946430398514671,0.0328439406785055653129713679759028584236930057436738666441080,-0.0306924455601054381891817419707475755666880369629062848503639,-0.213749989521697100505143794246617665399899713481064873144374,0.127702976196715212375842966016840359216533352195419407922975,-0.0476056805000052945146501603378710806441757348466304590297829,0.0740307504430336732672471057068271145202363035911858629974693,-0.181435776964205127889215551567086332639578867768513890819730,-0.351277585893551729710987900475784162766280965245143125405333,-0.248803407356289858544205922135595385013494204507881872623615,0.0830788073416816377991346315977941681147318756158206989952750,-0.191869873157542365544512644521134069205565935130955452244747,-0.170445925984265916054465836994934585048821379514720576272089,-0.210917704928766749212615501669107577289025513796964572852450,0.246367048058094386234758408167095208685643004814750370821624,-0.502666229924926557317228461994622729293157492136794279188253,-0.152789031035081367665484619072358946180936031509428901779258,0.357078590980802481733286710368096425790716776015650295985547,0.130546601713588409420077251718219851060468058463267029786222,-0.221087508903124501746508203145070937572127403416836748931473,0.0749728501114179467554779818762378324627830193464719479761671
0.238747443270857863736505062601219423729851144946430398514671,-0.146880480217665661942657525180780886685537191586282729828915,0.589219078940797328302918437059826301999387346014613798815366,0.0390666823072570231068069617592734768458150118777012168428840,-0.150972177813602339976949679663224765766380848153303869027022,-0.130157395933187305559678721780459253637636155942932739573619,0.0880906315199404946408620677748129711661464313504055005140374,0.101521150042017685519574319861076267146726647943371310621274,-0.279732944782862697873159939370080330774800942168203555307483,0.170945325026114620880241473215935908750885994439807121405800,-0.0607915283717822426749595469965916960891776724787217935828478,-0.184635640330948342676672087924763777496553672211850163932877,-0.0991121666629048069438636491199687572511532116961913520963269,0.191638313808168309982834347061901386607614324251065500307705,0.0562455115314350263861163274984096629521864026603781214629341,-0.00972200464046517880533984700272010068590515512839762749128473,-0.0805516305418232251702108949671182139336303663171635782206865,0.121302392684877641672572995811082051124140250874351717366292,0.460257788656656316385038896885004798131671196381410032353873,0.00374405756520279386780259962590684449451399495064050184992052,-0.294620136993239042245634886308646961020849708782507534192500
0.238747443270857863736505062601219423729851144946430398514671,0.0867860120624424831494519202214124844045907241497188859076872,-0.0336898794838701133656438404212120179527443421724038009145792,0.189643037369384575044228313021026351044832622855051574133609,0.0631507222597318069073843919761321525420158844313922731549370,-0.175557380581597323476005209080616509252221068418141938913017,0.447683794970257788944044556877392279878320107046649309964105,0.0524795390798316710967852748006331765589399161450575155706632,-0.124977409338319333034410176560461653982060304715036705925797,-0.0477310006421872615689745760420636509061595288212924241511545,0.450398579136083591214552734452204688378056813036340556672202,-0.192988625584201132308670538385399293984262826530039858071128,-0.273999928751561821750736669791150024748527625473735188526501,-0.273171786822903692334750264905985954790595691321488469770158,0.0181451359503103640089408853248315460127434412782358881730170,0.316385302365102165807353940357334963589558590170082360213794,0.275903866526405157320175572385070649061781819225293823996132,0.172111534744325186416181825324657424070192560133596286282270,0.0538145029744523280141921816570797222410409544922039007510939,-0.0992959924380013346509430246737833177996893757723338630431300,-0.183726061286916294536626464694783719041488920285405437399166
0.238747443270857863736505062601219423729851144946430398514671,0.0144554658117643776274737515808950869169016908775051824960178,0.412524011793738890408268118347506755888881023347447490189027,0.0462574299231252003733096163619167090939497313454450827209188,-0.0791193727248627873053216994410396095682600833504798799098757,0.121290287384360599996700599712893386739687361383019383665449,0.0290342731489874021559163249237880507411618787714433692826706,0.347589157807784630131792509873724579467764376849450462526397,-0.0279734188418364776589593434097995358563238985231307327964475,-0.206202526308568026186470927921440888692196284309356915944330,0.288612076115939640345084997187876801689272457930371377449838,0.247537952249625297388581082227341575030585360626972486016709,0.0972665517622732948072783865279303114268597594964884967263681,-0.180000668974544104028094896812058563621873329929889441723767,0.143601067029317668760178519210070069360377912298492340366150,-0.395248319256385697560135167117499433516049757270210986046350,0.252869035375547328256112850946211810449541831805204671714930,0.0588855130130648912735503435812535366007848226066577569996975,-0.245245726253466546047327167757414643148847743274418194148837,0.0170680300658075891605282486715441323532774109048860698183376,-0.305643493258484081531191924639267300554303302096298222593287
0.238747443270857863736505062601219423729851144946430398514671,-0.121725522741575395251002219852662902864216053232409670174748,0.0450900484911365417696442980444449557512490679894882260992103,0.548123410574566625191308093443229714714158803415801499603737,-0.0189837706998044836996942391520022025460153632927326521608660,0.0207067012345081049490105098276937615386125509664130383809929,-0.216323884491433182945090625254876991440206809792403052315503,-0.0614658467824068923915889392288482013840774569697181112595952,-0.259640636764417733508453102713165274869002433246134185511989,-0.220667490858600670796834266775716228265666721183913459514168,-0.0782721761931560638872888336646656261922739447367190030825805,0.247135310005099243854100775840859983094629734965217460418955,-0.320892697208462811233244956732452538320311057479381574678244,-0.202406093684661425286414642519664947255926012612246472204588,0.118915922969057003931229513940058443678152902132075721555770,0.00580550069335979864808080231687684677526693968017052429969741,0.0428398253222226458412581821966915921819983202553023549974684,0.277927190102026618926460750513329044327674485758152495236604,0.137316016130846396424732972785238481883763437193774947255753,0.365372311929881669878240147272292629706923908277814040412477,0.0386097125913936026901430146326959404467906801473131788891180
0.238747443270857863736505062601219423729851144946430398514671,0.250861230002442241539202096018159618260550331380486937175359,0.240203279793582476762356340206480476063855243587549043510014,0.139906628731719897377197157197288015846779187980665546954015,0.0888503246700253562185449294032131551829592709164596603706782,-0.0582319518728178996959063696998324855797892739807600113913349,-0.105850195822616048014324570362709200484427960918189648587230,0.0560947169645687907729167701607530451997016520613716610433813,-0.229130810103358231209665855510706995385707996104478848650914,-0.108341644045337023687979346185638145573740591434321061126236,0.493286894493261062720868905876638083577651632551514478047738,-0.183882936867684646230147952328881903656880276500718288759991,-0.116849305590133494779024077263534371321156425465684657867235,0.233523240202443015433728627374784156598951023939673824788209,-0.397397750530533852750478124881270869357775162062878000307284,-0.127865356805583306420649754107081163637079474082122141265128,-0.269345499012479159477665885865359346038100443683287109446882,0.146465317847798436306398804775383888212011613605296221293164,-0.149434273902414756211951273282614617516946575860500393539369,0.243533099168538400141285326870780948090776534137418849929061,0.132956457370634346757918313274258425165459095868680134938804
0.238747443270857863736505062601219423729851144946430398514671,0.304851019020347848717168205396143363716839412813275081256059,-0.0392310129931433808056258490470906642170422573459466880267624,0.217538553469871287568055906152028909490761519857721539712680,0.237875127032456002915068996798679199055318545994075018172176,-0.207869018716410306672033594903624706258453814209773678027027,0.0337875863811938069545687788019120878540670452602747916013156,0.100015492338153640801522844030218758299668037501860108782733,0.0466947553965195058411726061858377854962595988241964496453797,0.244215606187881430419819733217327669683503503442829443222882,-0.149020891964459078599532430150250064996216733586923126120758,-0.182478669704283165283661668296861905399609788756047545274045,-0.278514846210530599301756083611003344094329508297888862366282,0.311665071145981848087895336695847690350513009921864777211997,0.251030240803943216971354903001694299068349406874996214946532,-0.299239817954693228436145269327873871580916102917077065342435,0.210743629951726244163748865626999501029332242010532249676793,0.278538394355733353226605169268605297611647346846248583518984,-0.200963288572663025550882391208020713479738798763079072237364,0.151800156781292859619933821926073665726636480716518644547352,-0.245448425029607082128382002707174045543748293519666653439788
0.238747443270857863736505062601219423729851144946430398514671,-0.381844113902151442770692690717140820667039965170464418311169,-0.0235082697098746581476324531343294202045339510002136883137287,0.0490206174004094495686289189605739787208600146352459546265236,0.125451094766371377896721151977648415477963202688631901507251,-0.385912719730099559507276635051911536478713374661552889775482,-0.111139966066202748200107771871224303753142782206759389980849,0.420434413919365583453025742163097466985767258014898915684003,0.0662604516246857875746900698677421790600182261434680620846092,0.0434902352720978667522704869565039156738593417008324024395287,0.133937915282713806614257527554398839304704160892867563471558,-0.192023869882301919915408534518130833400988648770707618468504,0.0513595393009876167428991521677071874238397141719700283788993,-0.219487004521923559308240732550136260143431334192405708786003,0.167385197947100404498842259994745919201189763206618722879842,0.0200932224214733184442310572730271682881667683335231942778573,-0.375818213284351798034237565257489778310656634879834571821371,0.312494885612981918640623423868417848790973295003468004715991,-0.161664476968827781262232587113604204337034377828045496064297,0.139107006315946082244742290450286621107375293631968205597729,-0.125492883755960087026960740024601368275822193731363305942719
-0.340496432160600290004816662844128726070022445944982278091128,-0.301110884117299099262687021050574931544884864294136887039817,-0.0719782852866841225769245110231838496698288842008023920144487,-0.139398544014650674599005861522331101051852756328828362822460,0.209634014312720899950299162826458065653808980290874633062880,0.337925408926541256481036804125521625802235324395231004477106,0.00431524355256781090412007745896728064024882076796726276076726,-0.286830310275812046927194068319413730123649011529182741905833,0.225515685483023358019138087816741859767163464517011809317310,0.296380031194501230339322842734058232737760603401599747554507,0.273431573395084298328270589192080686662533299488019376875757,-0.159940891691558277142252528208288308870677437065490572809800,-0.269096128788777922805186722344654413382991381020818788632189,-0.178509811048964719579694689065102172086828797386986485867296,-0.0791676242250738290771347592085570359038951656806532630931901,0.227627341201767194699222767428456873859400987975962199303611,0.258769656426194884407307300723998207029473536877113931030457,-0.232880497767341692391534243188500208966727491006502403139545,-0.0245613665600883886371513887942269611352752354132599771670624,-0.0692255506083425522283760579335730848092608857933515038318772,-0.0188753444281992680839754247328477866840101048185750641985901
-0.340496432160600290004816662844128726070022445944982278091128,0.0406270624961247754278798626065973241739394187298408619732785,0.171822986133762902629814838770693922683467356598494590824171,-0.205629955304803720045042088381083928920782557055327205198809,0.00317093706751640298610910348701910841842185775508814526457011,0.00574127517945584443861421626422377602565642150333296791828243,0.0560054477441375200766700309178935088691920009467646712586822,-0.443556806616827127864139609670527608160974917326927409377836,0.250208508804099421290116283278442824883105092834148605791893,-0.115470366249908140589487816851778821611682081803827426741722,-0.0474953944579396702583079853375776951557345861710400753079434,0.278999469053243171724748027451888530263265504977110844597025,0.413610688768419220230268364503141997556462716610962145770953,-0.173605307161801185096294586910747451507547246075162326628231,-0.105991918370163484645458977203858875706279574837982253266260,-0.0312318084555659074297838250069233875229499383104302314448292,0.0630689364125556377292091625505765696628615262749131486659681,-0.0962442920140539691675290243731202901466042947777222326992022,-0.221056360379030721188368701647742614813060834551862787349401,0.176085245501006210730661303432708402821273132153316431430839,-0.384855059813287114112681799646102568463961859348450518775633
-0.340496432160600290004816662844128726070022445944982278091128,0.477280562701221488056047710015236981791503087006852207456375,-0.152151021582238981797374323822911559984381116810318400626727,-0.163876869583346097419308876584090651450014074553003012298136,0.0385182726828400459449240080266375236372796670233432513426846,0.345142363448457107074367165170826777898740809980352575419151,-0.0888959990886198786829588398334538745562477664023878870572441,-0.230708041355028507512803706308333542129861309891328774051836,0.220584001421279508272345530842255083517088535953584684513087,0.305542891201229816470074681993106207020642490724828419585309,-0.141038163531233789994612461973357700839853165713651121019381,-0.158839419425433585786049948733125031229420718154035122929319,0.0911572015467570372912336322481734523174691519909943842790109,-0.117217300726337121484791799920484438865951022151059944136851,0.311722821111249466954511264942477699338453765507483022108992,-0.121004826825627153624743649509792409263832309436296190177176,-0.112004596534478868490954298623054958209757364948265307245566,0.283855403942460745106729762327184316425167439109840336399528,0.0594837311277859289574478879114934340588495263636216962974334,-0.0656801365826616511542190850080576973447377206383949252226695,0.0505456164123683522213534314543325363803156917480042981381845
-0.340496432160600290004816662844128726070022445944982278091128,-0.0323663446002818027139335495958888089143539237673732927793579,0.0994541404122535145486176369620887173146404121890169022514898,-0.0558176351659788559994897107505081094144110368684839979866503,-0.169124753139283458265254216497531359090053289829449471947876,-0.114945683645909985112907969219737553002853424771521942631536,-0.117683790400430918365438558726974360768957694736784631308998,0.0790676112155222791219436279219273958094116285522251243292826,0.291249418040680040498183147794858744054890844049633587291925,0.189470914211534484849851183133723589579878273382572654013367,-0.150953777660902145871749432177074082415273744796228647046966,-0.160925744689915337246537171299698354735065072910413480515206,-0.0973543533581627736056404845610752774006386785205826579802428,-0.233312927227685984331463657236071049814254298465534739540272,0.0466310710982535630053669803210574661043467739737577618630756,0.0609789125406751379964362833097298116205361014652875518988439,-0.516682722448238725366522873913219444484555274512855560866055,-0.411633230698132344224084633764282614260503058993929847366031,0.225473532382543402109601689975523125900500351349662935348758,0.00426828626899190754818839467743931454037122192864240095437773,-0.285685597830169311049738006387856076968759041646527616922889
-0.340496432160600290004816662844128726070022445944982278091128,-0.0283256985223393421595624135888514267621230811840241619684395,0.212536739832419374667221587027288825951946163364571848360111,-0.161199310544176266452403915730929457876043602838921343818902,0.0175670706233223302860602647189004283267555954083921858417203,0.0279215538775319385829047233595197496002739330209119743406664,0.0109341774110459609557922707043727041114538160572544869144377,-0.455609581187574365886957936196157344189494717358697190481913,-0.429631788803043017524812081008680265288646966617251371135936,0.154697770261749984408451498280886271683986201968961302138065,0.224520977983852012595692821996955336118924248770173536559564,-0.152771597434889652955193113401136171297620098149884360965710,0.177031425112206028045206629477311415261232319483935612485768,0.220432636933717148372506547582931036083951661416648653883024,0.194284317626800398833205886208022614503317156133510738133784,-0.0847392860237778723223667015951758034316974906745042141514255,-0.293477220985095009698580828004724000718380235679957960482439,-0.293038401834022589210169910234585271667506795134871005692211,0.0460136017441701059851793200042671747545204380260536103032057,0.0313348388413209059606120539199839621387572660126079899251378,0.145237257962715359182031433257132461093034471235098480537562
-0.340496432160600290004816662844128726070022445944982278091128,-0.264860931241384649808505385798278264683320996235373960839785,-0.0999379136516523413367182267183955686487970272029985017116109,0.0580883145998067013501691765255894716153488193463927123653066,-0.162113053726370282636690566019141946103701729395992777399179,0.298283994990646325188266220674129801074820844425604161925857,-0.263847488826041873309488110173119804233393372147961798049984,-0.346691261749088373364287004329966542351714187879810336890525,-0.265306330881560624314584760454452059707023300226631676402538,-0.145150948898720682253751669043173577048852414531364308440945,-0.317249489082484181760382256084834669992624792768637023267243,-0.157517487144576817077468397966826075215247522850419993067956,-0.0191453439865522903616766829620218137385863249455906622540269,-0.0436570755058722269015534318625451513929822470733622723111999,-0.187865197832704385244746385812963130531871437644766476787735,-0.0726532859397550862582855134512687939389109237098520060369272,-0.0204653135912969226961015254240897870620886891534877889787013,0.159583703873651326741440548583879256035134993508306578157386,0.282314787320074950955337807682198227563245445162736295533614,-0.165202525922557457932752392149036804266348313010897208947788,-0.320695888971749908672658503791472264676499760019404644746089
-0.340496432160600290004816662844128726070022445944982278091128,-0.256720765577388417278208752070687241176934882482566652050084,-0.238171820698771931287005504782711642366337210370173405613319,0.426959071391624562937309268099974641649808699283822701072657,0.240254310809354635664116371692606378366614285008460999141993,0.0567869142716195011048543498360644316428507016618696407634758,0.0144118471489941931422920274152964514876351803888202679635468,-0.0997821992276004689220747525189723109687959968452652739607784,-0.0534821777073961183079262363859423340135933454662891117473813,0.258232531769101175045516668794961720077498393613820104704454,-0.322610543596100183646427812223428169861395210560288095160887,-0.158536000136055849946363987253893782963191807121256102349837,0.204294083402012902865999882549081176197134331051286553833466,-0.100333235191305386741926246006378420172616781965982854525196,0.174880718158319093215354664110241137614068759487633246381258,-0.0539970767211423559197901001274948897988959379526201500189834,-0.0792424577353000221934100330138435203080129138181164873232962,-0.114132580096945043148553942822203099090900918099470855017584,-0.259084411116879186256553884933804731737511015186690518928496,0.369838518971263978531320325744707363626817730046264055306961,-0.0275212949711835201588433770130580627753403909485481693197873
-0.340496432160600290004816662844128726070022445944982278091128,0.000577580471020927886302624567438121043134438548588055371557884,-0.270495269204170964449486132178893911184789170866121138043674,-0.0888275892512733135045223497053675511447972466800201818855579,0.00179512950331192039815018942986412493956882564452979008402179,-0.146600027416758503438664753639620789423111222297116873696059,-0.506798920211973214649636033434995853195033208367603540990133,-0.102154110529355603704980370107825284794125393051340648746468,0.102509795720412197468539910822254467115282811003417256651712,0.116878213384082661945237829536242036177606449035513485872892,0.192511776845823347372288390938495138270627890730670140391581,-0.149750110541504997064182994483163355648154644062997799248755,-0.00400521653873142474299738136218438904500353942794850922069204,0.388566254363807036222315120479681925752079061584627377067759,-0.0526587192027088707775727363842463070109132783924025394933952,0.129846143789781223469791982023546419114600836249901965445590,-0.166433998596812871236065506005983384639214006058039104282478,0.0933301784396089291411934681293417529462927314326210023658950,-0.366019355730611289421160114304579432953635533060321205676441,0.00454440838266011923992105192176417415721640577012982289702335,-0.299231357941597102996969531820648026069628695650752368054914
-0.340496432160600290004816662844128726070022445944982278091128,0.243650031930102654140723814498097076856221620462951046182434,-0.0146596507069127871764398165702191413077029551905162989939607,0.201235790491063336078562669922144221600203764408451292593434,0.190922943087930856114356324949732942180995761460502243737634,0.510553527601104514427628697390023210152452526719864038540216,-0.384041244756817102598952960309775808307807237574508729379204,0.139201603828653763102020855344245844648649214683763904699018,-0.153125684166547527292590287425623720291489486943855982779279,-0.0666619218583115212984669783141485636598705377635307887681366,0.230615195466827077885121487071298884141866959904629116786100,0.280337156774586891540582953102368673373340034019446493114944,0.0617077560634481938668963636709588646921889679481915411996916,-0.0991683549202542406352859807098646354257118689108023603671341,-0.0682035868293879172765480233267073933843615349460928250883177,0.00503189449758477692155206419394907897995553816432019793738534,-0.146052205732111588242563036681311024422718720331548942187631,-0.275683154586355254751351610205803115620455482442420371231960,0.0443596663638334804913376309273872261514265608734153161845195,0.159488291455701781535894007449872971293612415335127356789001,-0.131473474560360375974885292626892335848975337483629120087845
-0.340496432160600290004816662844128726070022445944982278091128,0.237615328758243015411187496628454484945692417350407689224995,-0.0735491849848864421995931606240291917325841590167999510228284,0.400353963476502480132235106484485376590619163947273762718010,-0.507200505900332938129347167656504703578999159804885955774398,0.0603211568357115857375397017468220237772990001312048523963789,0.0242976835240436386047283804952320669164376062952483532158945,-0.362137044032353515908250861910205696835620849406470715037681,0.0380250975598020183147946842084653590858655872979641887999575,-0.0639398546656369558552992698251065737067407572181297111325079,0.189683072319047158537251844983776608776736459599406834370716,-0.160185355139113873354796828830583502197404583140476684867976,-0.0731270480887347968817112631656652292423141445010586190918049,-0.192113220634141041876710319605613051469565429763907893075346,-0.146802679864243446261388828365283021068092447972754810948036,0.256045788162151824285634828149914168783067654835248942300970,-0.0997702194246345112186032413622223051460917963974687478704486,-0.0272293051476498911995582104272965238955271227407130787116838,-0.159258111557880360625433143958899773597778844563920068850805,0.146198148106465745521117589831568031781546940788080533595072,0.123743334444394031956529714832903388625922120693323334317912
-0.340496432160600290004816662844128726070022445944982278091128,0.212544050425110749237803298317864086754609091215378208850611,-0.291274600947528085105466882640100444654740603282888091876413,0.0812251481927995781245135142556137631707608178889176876201343,-0.0590842862362917851878535781691006794003750748019595454941094,0.00778287241025318665101333859666139316955789082865915147097584,0.159144854994123125869965340145235527463816254685180866395453,-0.0682765536568846307624468387263987282126453501896853681076096,-0.151495971657281276401837470125487551738023372669810120089458,-0.111723333989649027263413506089274685877837174153306828246284,0.0803796283942255867830079232640048394915940394317891700855565,-0.158609694938333524480291063325063851637569013318497238001470,-0.113795262968243849650001418352830836369277733411404668264016,-0.104434055128624652299238650223372344310863791726177457529702,0.249150028618633621532913805475533819642706923194218206374325,-0.297763682282032523148874237678636626985405558216054397149726,0.150642443984634159164459970802829937345445182148335719534435,-0.375543386289755111330607258612295165078472020794523623368409,-0.232680605409339065435130239935430708291289411687213045131245,-0.306826187075422533934869173072572149223294288353948179118916,-0.400317501408551781060674357986212062296583958727498103199660
-0.340496432160600290004816662844128726070022445944982278091128,-0.144228596092056478735705231340978052032643473324092386953908,0.0927545048421509076986347315182343996248215570410296886241339,0.0574646495349246223172181172364674326109710003406891782097493,-0.242540446690570458348815844146027705233311661603333215818471,0.207275503057749014958016871396350720857432144032452177229372,0.0570649749354444317713834704336054787152264833117630665816104,0.225323642359999338663098596604381642320486447591684741853545,-0.131051050937826495056329662290482986720587030369647840331217,0.223372004466667220113708141860815471317663080394640890571720,0.229383714057602947399840672577984261164025964899614893127334,-0.158834337025276504783710150383389164424291255657673665298172,0.475924436769555286402130122110094252664667487388560488916181,-0.116934485558246137653253013422760719959865021477943074964126,0.240475199248127353160903366421320127276197668905193725194860,0.332529844012293110622210771094644820606561239141358772091515,0.0409961271555741163373158393137458765275598800148244752153309,0.118125541312161703353511677521969942119947900325167402974903,-0.0296604081171933873336725927382589439190326778200777054418512,-0.164636193924095574398157381462878423661023019638058693464192,-0.313723732997024111689274525646335565163215853673642322810185
-0.340496432160600290004816662844128726070022445944982278091128,-0.0189080632330725257867885056643867208606213477842280246663549,0.165398538636148388500861725816426209550768226455674458674678,0.239976094471622199251269393873246301580539282156212901698897,0.201476022941440143147445467648780972818160158983601184349604,0.236419059982641537914658031034913875485746060050467880905308,0.0838483654277502330355877566650932131040345091751143804667607,-0.0800214650524858466840563876988685799463828565876568882853344,0.386902397732769172016389189007338569350644244438256293617946,-0.154439460967424773498086988485731765390004014595632827940815,-0.440291990067333771159506835373263058781191601964628526494274,0.278999352901157933575579750364487589293563309027183263386122,-0.176122596500430386087936174675787255665620194675866526810971,-0.173611770559112586896742441998635297779588675446663318629270,-0.222520789669740468801352597498382818236850397441831647082366,0.144713693083782443975448283889925236992674891147093475155394,-0.132256098180365362035404251562676284344705152228765307865478,0.0728631821071724218786653417270104710073510043019726943599838,0.0609306661699751133406073006726536330652209896724203669043493,-0.0827829798764566133904080936624424851934858623930495718826182,0.280378626315726631592058604367203113387295588176497632758860
-0.340496432160600290004816662844128726070022445944982278091128,0.224235306986577217715452370474425818271083932651478550074129,-0.0303990028880273194912218770534414575370069788728350753390811,-0.515509425734130459932678765798702676815661343751773204611006,-0.139650520154639509289536178768385966417231978672462371993393,0.0166975718930943726335040606578160537080395853562835661689213,0.0359695836444608720018653979567866013282651853799048845831528,0.00758382966066251158092392242152670442846063925165259546941517,0.186726696579107259858155541990664434543569409142024395759819,0.0704461673404875285941893348760437200316030262811694266739603,0.167288527919875005623799616541335213546457699666218122546946,0.284854222325120172408399034842543630090439450433788950604668,-0.230995037607457003177199559784867907555513756882493814357492,0.152188211557929460419080751250156355005310579917448461053447,-0.212025088128791046323956523244505229445813459176782502553947,0.104420187838077412063396339774454641895861949733019204408581,-0.171112343086295608282388859507093307440000183728608661965822,-0.0695378289169001861366456819937306559911343097174912031727633,0.0314300765706794354255603489402716896719767243962384362507979,0.379715043451373501245821115771830356857838086421295510449904,0.292152110586742025209050009514743339706589418568659847549067
-0.340496432160600290004816662844128726070022445944982278091128,-0.106595111697548392165684483848800375459775160811702657816097,-0.0589323438170895385818701308556476258875229603629555896135663,-0.0745229894156877487298610892806889256837395067884442212782849,-0.326814227474372130325166831633382773603973484325249338273461,0.149301440952315826083666335752678431099177555812858858261168,0.504077238552893007512635448900679036908645610005416981231615,0.0139586026552378133464387195387534447933432502548739028155095,0.107899827342407935179503339679434213390368847734008556657688,-0.100282273426701079148184189381185040386370887432009246233590,0.0802616822549950411218271743488186748777717487493239280556276,-0.153767864017762767562961867036767006072696943386657637881446,-0.210988368774141013463449274865316033581441045633586353147918,0.164994400590572915590456538941194284219054100114241304027977,0.163458088375346331184269456698943598075025388117931111605188,0.00354061969247896541092075372029535112850871060325949970915936,-0.0880559778263746479195808843731267704875700843780937383426811,0.0468081246922758232555038382897755386980287917737718532771837,0.412209217050393887741748034590387798331725227355786490623429,-0.335543346509905323325251294061086084157039755860922252469049,0.193854174658542115464550920089696181499064243749993269212949
-0.340496432160600290004816662844128726070022445944982278091128,0.251325317921843430449813503352498244720897250702997886885281,0.300226808924048619379746651855384868311827241307682540453164,-0.411222410485512429560702393204267076261597662111459534769375,-0.0545464086574643440207504448160593215074634139399898342199884,0.0696122131266743185836069300883712484704541371210691704469712,0.101398856240911276249707835294359410436390463272848418812812,0.247129862614369689937767506390175043643229653929578856593077,-0.369112428314637770428860382986137138725767792236325734486942,-0.0799982558286175466214805518752198872219233355550443016040116,-0.347933897486312371166128771695019812811053325211260661121567,0.279570730830899076387741361962199959159817089568138682337960,0.0782508816215738435255725954942300840292813699912471458177786,-0.141816882268374602431334984566601446463480770416826231613994,0.0338027267565603625898426748417577908766748277783650237546779,-0.0649980042594133792023795624938537090117099664712120170594440,-0.0958150152632197777167149164000811724025134651062698104857088,-0.0412081398734141659662776590283832120695608296548248270338417,0.0747846761861789695445401475480137173969507897512961357708749,-0.299385345359691814803701517703026967562323720751766639151608,-0.0539873890310499514732918696041445620487145600198133439597031
-0.340496432160600290004816662844128726070022445944982278091128,-0.185468426373203798593363919626559002802762743664907622956166,-0.261975102048737596472485923270167414920310757371105849510231,-0.217116862780465663896918910361839149050639517548065095361645,0.225986161265943857503234672776300080703860730314163293630861,-0.111734419283797202450331055624845707511454563392553983332975,0.232269902977216650831945519962252135289845485046859679443268,-0.289985728539863441691217756812783620254716944114993004256574,-0.0677521423939713234816987353641939043393054555705687805128678,0.226891878896412063680963138986603557680550809043138421947492,-0.209073021596136976485759542078049044912317413030216551038783,0.287194275509525504034810472148337648141746179708531625195699,-0.104381730106026598748150545059182269043534742756224859262614,0.282402778344329818259985909890044385639346719191956020176861,-0.101647998116738317860421720257940411320820944228265471681906,-0.336300506994470518201790427473657050279306275537585914980855,0.106041452013707730477557985839714267923285611468007593311182,0.186860193309265102205488150558497444270290839333808019445548,-0.168343929980427918856693632967466728635643490981839694160285,-0.229129668502793467400932504613585353812913582558278509826262,0.0946383430313498915922677447843512078625797010337359747904706
-0.340496432160600290004816662844128726070022445944982278091128,-0.553433979880625627129878536856373936455902742631985493177021,0.214237734159874108576126878770522750670281325813622431919850,-0.363303828113092993899747038962273293930068673022036380937821,0.115359506702858744617313981799863905269232779874461059242696,-0.0953965675830358166242094746832615562115428648199886609060538,0.0860362247980896286140853962995827903712791483207328953605417,0.0927087164262409216009211846571353859858466033046903084737204,0.0363363514482658228802995805394029904768577166220256964400384,-0.179637180209167316093182995350222745807568616265509536813089,-0.294764705439668293167130191499150034017880383265628609164235,-0.151619533471364627873929104603416107544473146174669497195564,0.0719340248242520069343637119794092853991940010849451405852211,0.284540372142631781181901591529010265821606584640741903338637,0.0120646142153202566531396285842293261159636966295720159974609,0.330980990816753029068944942027012543009594109822748758535662,-0.0332340185164120795666372737638457682193695022390240121871658,-0.0225709393048023131804739431905151331881757840055335731214419,-0.0464337094949242535295678454444078884523328273983953505119842,0.135607647308962418735386517057825475190352590231241713442734,-0.00493373446770994405680569714195079719553689644138461311679571
-0.340496432160600290004816662844128726070022445944982278091128,0.0959607153578799250278427385310311065620423243774470969648625,-0.161751551967016685268697193703708448504399239704041722133326,-0.0579263793053559275433372326937465464490719439306333031985664,-0.107078882821136738454058730238102655228202690984494999685113,-0.197421236389138072792716947721183374056510823768193088945089,0.159986337461565237688449445691924083141312059174290274915884,0.375006053444226924213199327388169357308901332454284682793325,0.0860994197368088312393482630497791474536187969165215492867868,0.310069938385001688982535966708965165739348424926238122802030,-0.226621602959512680101499299072478608443018020449919310268222,-0.159159218547399218982391542018911994241766105125098389139375,-0.309318536364302353146722484012176575592954836506771854339024,-0.135012838196571406289029325715194204330801893861612007102263,0.0658167668924345303062455949855885702518564571469417486822608,0.306559336917622608609492164173067029924178211348267588304048,0.0593093770194779036169174575506674473357270046405157567828101,0.0710268301208122284283008749321024591267235595614960214476935,-0.405492793821074551047352146930796739143215329115970966876496,-0.174560507871403889418917549247557991177810875591282469766614,0.180963862211998138674175902432697548447958147426103423948610
-0.340496432160600290004816662844128726070022445944982278091128,0.0858129355237716158324479528565473340107233989992676582340189,-0.218219899009734163000421282567053119925571996749099217332569,0.0134234574888765637877954078087376212694410111270606977916000,0.112313670105014772521038316211372581199895037359847207975136,0.000316228454810951355008865725027145170787218620357748454120908,0.206015995684255936920245671952162062618265542215899163237503,0.486446945005087245695196716440085421905959087072069681280453,0.396653716988581054511305209542962385308341990962172465326764,-0.124786543850165779916146038871879031727671592701555073759406,-0.0784208679234493170522522854707762272073303318431718908593441,0.286965059262441150829285566575250055230407421122629886030964,0.218983834949362923648318359312697811670279957949425741389918,0.269647814263426447457586638842704662974868088834385220486984,0.247246927400986372317188963886048165331553521355840832219420,-0.134775082452385196270296876004129261121066154534582070039374,-0.174914291864793290288006443914888507392568549167589147755834,0.0472254510010845773222941912871345369895080175171655796787848,-0.0609454688540881242845907978556513121370210852127480371709567,0.0478824304369674010333464533789693193700725817932766753725909,-0.192391098488252048348102690246512214259112261510917871861537
-0.340496432160600290004816662844128726070022445944982278091128,-0.210980864281092816111282850670581350877141458063870249462521,-0.243386212845059515990989202358714121608241764718924836598285,0.0312198683978345391197886986455678626504163051483522030175404,-0.195770117911673873726098109928153301509394468192282519438552,0.246003111126568108031729868073925134543845327864263265147651,0.370578943915709836110062342512821120249299885223566872249434,0.217572704452093543379468115281243122474160991464685221392198,-0.206296782202589361539311776862862046245351727418857057185872,-0.200483600515111602421588443834270867965217738612873574836384,-0.0602802240122726220389907790843110016199549143280243595030736,0.279248898748870610790463849336518649425419917598530833075445,-0.0407706093801054120428748060138191187450745036042673730236117,-0.159725545805845280768188024960400699490766042396625042248495,-0.223694459349400483999499495691094988912864710816817643278821,0.0659376156322333169514678425789228878177327905622407573436036,0.419152326102822794419805019605718839837404986466728263696330,-0.0117781644423011187355845128868842807200044904545816946532056,-0.0706009968529329824249834978157285394004344967088925688696689,0.259068151020812066581340597546375473350110554406482853061001,-0.0444100578891712842600140359552760849667117759587981693377664
-0.340496432160600290004816662844128726070022445944982278091128,0.0397093442667120931999306220381583101324204975829276820899820,0.232562533657788874842553586860655671261824670681207315056840,0.0516311028167063540593321482556557187606185629071813701850201,0.0865773682280556763676681849643137587294095349042347910873733,-0.00802478358537711783599676233927231621895703280523112216068846,0.172028624575119623617137021248327935687248008467568844143784,0.0186771789987040578089112557058040624362075699404135092603714,-0.0144545655426015268148393031922193158910244020435384856620502,-0.266874828047571750951940439130706188553878107567656837703711,0.389032045508778326552494050244804040295967926870897786834982,0.286925808629146388962100842194882939861208363950719081060228,0.00197930088493519584427462762332919690249983255265112620854604,0.267463674071814470154290127722344181125964454279884335855967,-0.0795800827918730863918706984184742772936950931836253587603743,0.277988341304839142189020680701527782335255939214184935440492,0.0978051227534421046216548519773617849452073792001788293337557,-0.114536500589348454382136537033062829386967315546203523586576,-0.384336537443274252644701263132052350032039756443024010194471,-0.372186618131743543452923439641819791765709139660491262808532,0.138039541803865007139558341138198451189240320201338542420552
-0.340496432160600290004816662844128726070022445944982278091128,0.250650388183469628935225592563874612877081786713689935080089,-0.197606168001650640713381561172024013145973312150508334182788,0.0678559306506709687214139397855309144137538377797586782779847,0.0463678427447401408271846725402873918142504335063710108680502,0.148505140805809314938685015485725861446247016430304544510695,-0.0585620657814049019828911534935442075984762283223559876980399,0.0447466304769932545633266355886054747984703822589299747750869,-0.304631207668095978048898119010572645228707837074605999372763,-0.444904581676748557423432706906343789931281543158071923792835,-0.267127896782157991360772716953995303360483703364724382876831,-0.149917437658758200190330637276874314506616156143217336524398,-0.206636973594651605863213270674025868620522950130754134390689,0.379255171936302266364241189616683727469808210067581389284083,0.134024541857874317906045432782259037495132198340840826871699,-0.0428165670567932766583135538082244105152874226397311109331821,-0.0599023061427504405141222910332755478036006863304956480946222,0.0914450792382310819469505102523462083541240947870515985372330,-0.165579067895839714310661281369780102308294713687674633957254,0.128951811642224093893190057301382948998236039471399788919404,0.317885120510555071982190928901685964874775791417313352821149
-0.340496432160600290004816662844128726070022445944982278091128,-0.247803612127779061271749579476278382962887789632928290739308,-0.0381847364260908566119007882693790571579817060119835322341051,0.298341631742790584336765837200401270768996213390020468755262,-0.234104688968576923658035126984372341311391159708093148358707,-0.128428127341823334767708167046733293067384663690342270208518,-0.0431960589727676135460926184360253976412095913040437476809102,0.265428034098323647331480463679727777030311571064170670387066,-0.317609364171477810839551010126561314489632358870989293788590,0.180647838895451738107611576521190053311573919356267988213807,-0.0423477414049176699397062884226312741579093867440641277371850,0.286585403970707199954502629849980804887236572644429000984275,0.0182554163079491136095298959410589362525856963164639806824187,0.248521521207029955241639287462742860690243838552555093284462,-0.253454649857686428928670639735544625542268688339746402233048,0.102179200792611101463216018283909664672147400258931126867562,-0.434951278355450530172639738208964058753628784321565540535866,0.0990565048136222226862171440441569623253401411423140336819757,0.0815207101655597716158243803683625137223021815820576011351627,-0.0236470881665512740040096930748371425576499220351936225178217,0.167819752178604913731572765325675853717185760551757806056817
0.238747443270857863736505062601219423729851144946430398514671,-0.102997157882387463715702912906205538605299268551374160565286,0.101067027148882052858560723704070637451293423371634281717801,0.0833274908740022820962914810093194896574948354808687249342949,0.389603891996960740258314038358369458540366874553926968492892,-0.00890695282261607210542083638040428838951707424922675914050318,-0.201231748522028690471366290113314879702703000661007553259392,0.0875265153784774241053701349125467052240468007362505271689222,-0.348197676743593303881793783101638810167273672303965687724930,-0.212445322011048328015426690230069634516274455504918406682505,-0.347065511720510094456186418552241837181377669349252914285004,-0.190468147194219425099196259663982004350860178634465437574375,0.139761666457186834255978671881235537374712090564733105609827,-0.132917281569273408474218185596905902990506528151332055015023,-0.181672523293634912695975251347313887368614855748879612747500,0.0454661932034440278420047540857934808215479567546463696125094,-0.392085326998312129560767138068319941046127203890082493668926,-0.277258955024117872765692122792250731832229805401338470906474,0.219153689538918415032241784510691740625779014855600760945677,0.00648537840102995506029662239395446745495411339873635548210079,0.202864818295515100858392025258917387703790176947103331922563
0.238747443270857863736505062601219423729851144946430398514671,0.309874343836010208248004547388980641133088246081281563832505,-0.164503320368229002666329704407530373319892361942896510530942,-0.202728007256792515712063080219983873959448221163368612748929,0.0656912452984301688193736746510771499341841124112192698909998,-0.000392601177703807037236437539836682948039303560722191312335470,-0.446472692144643200712597125026610389521218084964059324616648,-0.133393660054529973994893575652491434989851189038353309333241,-0.437149088612524176597075142482354978429262958893908025701932,0.244332293782606338335553105800289332245251948568829571196105,-0.0956251467192846078170472402694171485979672559207436667658625,0.256428539287412018918961921002630858531289451110276816319421,-0.0520811202278621391577810685405851531543573145405783948024273,0.314724813043242585865845471527110391768194127486928294827314,-0.0514087538767397703194166675016716837356904991981383108851614,0.00591597363899262392512175765141325015305485040325574280601854,0.00907894075388613016139363499390971168305346044127284436219021,0.155574639338604733009588431333856275483736096582310244847260,0.315216650050438485053598344782888175544570454482160832576503,0.0110798550537736429889811511074101051430222542434992263527764,0.0588283088746658891734630068999141893187380333017353723250954
0.238747443270857863736505062601219423729851144946430398514671,0.0278040225530246988762243420801936462301388137045704238912528,0.0611963924270299308018793478084504693982212887798272859005209,0.425015685550611613300568862309095694010960588731093551661757,-0.146929526210476814750445812151727004853500251690447119457903,0.134844549670699026693979769030099661037333144244422610523874,0.0894928211476797940048514734276346004655610769124238818323661,-0.336930214432831842436974701739852835685384687869698790945548,-0.0172187974791285739611980052517258970389023407077873746152695,0.170712824191896401543465683595650272331680201884563773104901,-0.258458553803950427378670414691031921125385559462832804727824,-0.183068228122504561555078276866222454794627438333976630487109,0.155122659088156625828652475265502101226316646257271251901255,0.278858511647427723629396102959896297244536931840307953175952,-0.112787622885027055722093018440107060905554922321541574051608,-0.328734864745602438043061603230711235542599049719561054899253,-0.0684867322330110359747328056152451724240827010370553452407178,0.168934875591817488377810972526112562418105614551250849724538,0.157432538997612900784541693671336306046740006730195908338339,-0.0649837686943314299143386872145288649328201065852950456751748,0.426540440975374699755264199655296743420500418385372983514543
0.238747443270857863736505062601219423729851144946430398514671,-0.257212515641331521210935181308877153281240484074120625694520,-0.0964674813878796898205064965080339760494262673281600057056541,-0.151984215324397396702745417692950414695523311061362147273415,-0.510436699283898450932692445679559246638729720776926498788523,-0.217839578644812403553960824135724740129411200150079736727888,-0.344829473042779599510334166109836597130140400210371055375939,-0.148337219335406904019142008032873631505751707492950617777302,-0.00296093999711079992647139288194534193840617008602590295837693,-0.314859328492128122924371548921730975600057235640280967378427,0.0412448489375392671760553225613612609809508527422293512164038,-0.184305908712839023773987452114306962813353752147919144882333,-0.120249686892894661910069312801941592375800013336976515098179,0.209986554819961758849253735676282897340554338564849317616489,0.0562185453775901170675247102949701926635036857076842046028718,-0.0119640724169893815799179123368022806450756968174299178101759,-0.283513461417950585667609591551980774359660725169587189887009,-0.0673750990041955705029712486312455637434890797669136322350230,0.211684334306326202320216198363836325919289797008098560101140,0.149464880153494407238761540084856831576981751248548123860151,0.216293626917584978151283169712687720111889671999332003117403
0.238747443270857863736505062601219423729851144946430398514671,-0.00851115852539197415678725874195627653977961167720894237649772,-0.388709240600497554118472132086469941506685828201373460555106,0.119420441970257829106265396335855082204947998892686148247822,0.405269126623906811997981210646603257943842350869685506550577,-0.0858222754593325620727943892366171713574041931335133838434386,0.307104510673522531337867023308007481492339451576634706757541,0.0552328298528579381704307430318371663718610582906832533708040,0.390761058446292813060940221144286164722863553497048873258384,0.205447267400765959799400087296480875961253709224166592693822,-0.0879052962760338978981594104030862278501612783434059358904561,-0.192161602926558815078817069795972823819997082422103120272591,-0.0439924082699283657021497668010892144293823015397966234173570,-0.227151295577189221142941846638449042498361952433872863366838,0.0425457524963452911674873480726553093274413382428287654695862,-0.197694433361511779719566360710840528429666857791042457596300,-0.128943738188386867632265970814053448767133993609984756019505,-0.164659907899217419903106621297298155000818012442721350013832,0.135720897255832675148729812377834129654388960754572780935123,-0.309953680535009396406013506668347744468199196167707543208920,0.128005584407134104458004900048400519805180044542624129067076
0.238747443270857863736505062601219423729851144946430398514671,0.0363947896855838692704055843234149695454679039883689118004391,-0.178066751908996904594749758157380786687279530331175971373768,-0.312822021493164298704917293493882426291424213225522475011578,-0.0292701746377088723268798440371252260969683617127244264394790,-0.0609700721136589111784884094544654146160147238724434935883492,-0.0843701111282190011212239352679573732447419694525438486824411,0.217007099385954903362305973936718032398526615935762729598935,0.405898140419599086707657177667166891277037439099701012234288,0.255695824088841246376233748990013539234660687989266611811851,0.0778433848816602720596091184586374716276861648496912535032334,-0.184078725425817502969398465881113716624066778560561988770057,-0.0595194400246987334333952501843183505157229628039381239817757,0.222628392833628736119037492124533132442598568653173369637275,0.286522134245299008057607280760467250397150335651407555011292,0.430036844885260363634286012355448834190740421217901589113726,0.132945059033691582045699542644616167819391557014338976513263,0.0587425538494377704862118390797962748566812662015857731729124,0.353694078252856410497212160173089404756491063964577196214250,0.0593781119294901776589900437165187222231351174665755509307517,-0.115603002512774942875997560236904683637988696577864418437658
0.238747443270857863736505062601219423729851144946430398514671,0.112244898021990182514123366215926594823190883126358316560565,0.406792113627400186835076076769632550230184322062185955124425,-0.0217777497555848505231266548883810088988735586540756240919828,0.0303768726702919304077170559773940712118573445708686882650911,-0.00542214909089758494733160854883625325936569475908837956633631,0.0489170198521222623332970495799679902697820456913707953477699,0.246641804966784911511553634700778230552879520779122201764195,0.348816175895948983735170592232224620551261417315487372176321,0.202360372096214842110849964291339632485536493181965758350226,-0.513185601944312959789970002006815788588557212652982473635923,-0.190236897987072239492735434751000064717469635050019115357182,0.436923589687034888542060163981315021475673413618745021687603,-0.120049191421133644139203399950476692763593497524514507656057,0.0954879036182257540605041479648460660289353521884382039943347,0.0268473825487729570528023352591752883548678440206132746398509,0.0476203486099492861124390700085068817973120148078347147673268,-0.0159134744630394633673471170461061889765388372580703022608347,-0.141514573664184091969052377980836545676113821391878082876468,0.0194724893315986132772199817526388687420087917469368922202408,0.00426756589834180076796084282463712691599488473596657957913716
0.238747443270857863736505062601219423729851144946430398514671,0.195193913335055790963478460056670728964951584314745137195647,-0.227084596396121138835922569587542060808055317230529617911831,-0.452590685297966530523612806289992972725928302972560037450979,-0.222503645840044592888608886574001995138744174075908456677364,-0.374444129107170401021393782656244805726021737726156049245020,-0.239171596159210108964028466294833862407353094705297357777809,0.0525403550981054866372473869378384284919489537361870622021473,0.258985539535729611407898888698408280835594415744654366880307,0.123317278517769697417158866110784688041918480965768976627479,-0.127790515359291948553873615333321617376657830212508259566243,0.247339230403483430197094966752669182950023377019239492638857,-0.0147645112242950048791758811247202265691719898166727451596667,-0.191058742046901571841261448873055972849835956248759026377296,0.150781459548784352336560527857753582161209319359826494969448,-0.323663322933837533754789343347585350036509188437590261787589,-0.0281309100448704535362424563246686839956108956176655243806167,-0.0427923164449851068621672444544517376796669082368931916534060,-0.209172998840974455760503660811395365986874694697419774761969,-0.130816177632331435705998812619386263751455523208740161513430,-0.106407170660388085186946745191669891334499264174953812910736
0.238747443270857863736505062601219423729851144946430398514671,0.194559223297150550367611020606672706105038299936983580513808,-0.184163425921360440235472579017035856267862315490005044249587,0.0337656578698335797647823416148202780770921866421505955086291,0.0145345786989622569740243032861887996922978674772724596064237,-0.115084748097301850536281345445546740026236620649534609090054,0.174919157032121495452450549723843645247928720251750743735240,-0.346920165312144263878620994217199444691029034789234243764361,0.165761472522609648892709876009749665517945912089670607211978,0.402051908362234771404843977996453527417235178210771082987533,-0.214320023496247934383014143922948777656294428061112531612043,0.246448169503861892337760038956570791041126405457148388687867,-0.0220346329065876908568104021816654261751272649996867399675849,-0.240642704410562439310458577011911743358753303617647184356945,-0.0727279129083202164708999881774534730558751662751412997304428,0.216395362570681480837417677287864182451392253662403151279092,0.393706268045952320460300677501218285723369462521010664579155,0.0782351388791682290954444727918799035871234595882878582636978,-0.0200978246052344673055025370390854628550209658766478517438286,0.307445529660407659864505371073823310191591825787170004271587,0.208155858246023968205218511111301757421077577049953989512689
0.238747443270857863736505062601219423729851144946430398514671,-0.366492933008331540361792390221542496398761227105875252055779,-0.0572380526630374723664960270637294085725150170489848873954316,-0.114608723183210445279572432420487417649398302794665409140432,0.136530083104897431465661675561790048879378955554514890438933,0.117700645200982481637083263601766389167545009349767031638231,-0.131776552146875644548967832164390437585238438864318069619150,0.139474923267986085107402290656869900277340510846403067528276,0.408798839411673479955928653976070222631447626655732558376297,-0.159861781105174255298248385214608770381203786543740533222628,-0.0365179046916441400420419390046480927122458190929172312143922,0.246236233417311614540190447772585145267227819358875605469032,0.0446316045805627771395089803936022285379331486531653000281594,-0.252436096919956465085625973966990821742539531686620628859558,0.113498479380865199900882194657764031027049931657343201617308,-0.0524985771498675720317047566563164381498504102292112537006876,0.0548318795666385276073376556362390804040283529760704360127725,-0.393168448902337437968908606951728527365030076462643311338862,0.0799876375723670910778860914281496872689037820866252608161328,0.459120698109364460129062177669574976137616797339265724972890,0.110404367284188649251623666464279563739331757570598165899241
0.238747443270857863736505062601219423729851144946430398514671,0.0389860676271622235684149369496118885867201063354825635376583,0.0490834730903515821269372216983828856848715093285780155688004,-0.195965504642269498868694714961218551100570702677454949766362,0.0999880440914501131469984847307388548714351702560489491503448,-0.326986041430592120147984847761799566533676315297025691377757,-0.101050666706231402098246676213153149616224584201621293861184,-0.128371901180892000561262901241014278302460441220705782047887,0.410704857819348837384457382598662634908811355149319313588073,-0.196080025816438408046414657292625123244183170441283513722638,0.0493619319444501099965628809561498418923182598013364564212844,-0.191662627383218698798217148939311644525986061229335562104848,-0.0384911461622830450520479256711103008881957303736103026094893,-0.199385309467966010686280867649867692192758115705297302606328,-0.430531119686243322840385972517583121313781560705918387467435,0.439788802646056464143882755873285722033382134216315893550156,-0.0946495405677587883045155685531512313370122940502672904111426,-0.147135696947000404390088670382682251691648792863269000106557,-0.223095729730486640491465326682056598989936923376838610122599,-0.0624430575809398873555784314625755169660776393337270990090259,0.0804823046964595970520213746627149925118414159931177503750299
0.238747443270857863736505062601219423729851144946430398514671,0.175821951234434024889878509805653665332687391703970504951636,0.0681023726464731150934091898565727680566805785630546717803881,-0.0533954829510993117180897702237835017375203489660525931634751,0.261578074872276352381942126826880037237562965277063060711582,0.266997831828115907341504753291905569268327429785282864430457,-0.218665025317383658825710253477211544672205350497946941364525,-0.0514899831311939880933360206389622777276218657364204804256600,0.550532955357464021697668188814486468659827612503677455118497,0.184356053193831756069310008044052793650641706402797588429139,0.178901013008789696421948526904882033313440869992978848393848,0.256259803602196929641280615791400080600991296231076422965337,0.111704650620869737269233504549780356897911937768178003973436,0.305335349462621922658757759802682924086138905139448238292860,-0.283047126242779936881662934571800667166990714251918362911825,-0.185426148967557049105266365399184084133876988928820275325191,0.182667067890065228257558968580834818008405284868679663699882,0.0506042842302295932016210251571744508337582673876130280041788,-0.0811991023500783136223946426351250338197705260649080776946128,-0.120622061327065236315437323452753909841786384770711676972373,0.0489411183715647880174785415992986237536541992544349475612536
0.238747443270857863736505062601219423729851144946430398514671,0.286793500962656248253198948585519087232822312945046449549522,-0.0361555543499556803337134840314400298234703690832772379230353,-0.212649247703173897697984798512786682217330599316630213122575,-0.298869524639038828111708291305641060560405307056831922299303,-0.200090837889841382317319127032999167764955006760366393376372,0.189807830016604087286750142287270218277316757284436231924034,0.0885236671442445896464506139370738213384980695911336513191444,-0.175732698384030834667677196515236632529659523209758845957088,0.327671951863585258084120760171160866300430805199932236144401,0.113756240229809073849462574994928787405119418577579593767411,-0.193165885197598021141161223703780104513578871703127148187259,0.251049284731584916679649158556093732392482852037663098383604,-0.283035572791967626255006058588655898340955685441766211897206,-0.0970834395602309452356200134280209222698328077039475810157305,0.146403339739476744537114858733931321334421497641955389639558,-0.342915318680509953696639847816510579316479285033293726044620,0.0695828512623012123829994261323068031052150516542916732490683,0.222997401123495236162359755229725148679629327956741526082089,-0.0735317108363563183633201678047920458321958253843958977639223,0.317700404913303334409858498896168295291675975767134589866084
0.238747443270857863736505062601219423729851144946430398514671,0.445328725471149576151659445170919932973617112714388324790494,-0.0137446299239583156220091213908180521958510262084879952284852,0.134354307697031589482076068348571118242287632021375779338313,-0.208826122350296186838625433595275579532887295181804628622001,-0.155009777102116394448862709673438916933733316008905214143292,-0.0517081299431693900400365878687579759354055685761150278184981,-0.130907554052690772852199900609220967542811666384466466168628,0.0191351640234825697917655991893136638141528553889629111187018,-0.182060458212568004808443549447172113043269511459717718170349,-0.477079682263082893592908097371925207117114365327995588921897,-0.190713235033875967561142817208651725327802466909015276606568,-0.299325005653957970014464480180979840837909467819816271814491,-0.146555436068570230954835549875077000535893189967066141141385,0.145072070018279617549114284060127122375348505728606545177021,0.184134596937628286031934167142409831459674920707560537855156,0.0674760402765587850554544050756601211832265992243846049075963,-0.0582826035668878038964900259041227472372202768016283323747531,0.267450974427668971324431407560190602802718962575792532325373,-0.308887934851013818471257618463892146754456729280347371611496,-0.0242754346891487759125351988765536316041547007993719528183302
0.238747443270857863736505062601219423729851144946430398514671,0.412436477579673449011656433870588069112902163885927116547164,0.0750470756250985648772696720091051738593686230120099192180865,-0.192505692686756084742912585356639447173919583530970632685479,-0.0644499879670190286017230742090090277959688756741463748018690,0.210738256422132202691288522162600791649086183690714459100368,0.0280396732850035024400083110721725270513594256354016001518094,0.254499834143162995980971000678264457620768394713732155710512,0.0477389722768667146620241177691795310200835640370314927680010,-0.0335163666880402049514223567790776774883639978125823392824059,0.00859955178723998297664482220858056804824713306598420457274503,-0.183832621106129544306983948666496822286098597786739858211634,-0.0121588632927828313686866946473491444126259567793437523658335,0.236323110366543755365962613702248973769202430603530829598182,0.172787995585797283608674812414144961680251933896914412398711,-0.441823640357238855212383901811150339135904037500259274960513,-0.0952278639237457043516164387970005052958315176878671331128388,-0.435777227776453020095371908211114179026264432553858917550498,0.283784051697261550257098579602543789660849654984981062468983,0.0908366080779472592764281702667466647330903332522502618870036,0.0999933726778210203548423915665734243420040564994754187555669
0.238747443270857863736505062601219423729851144946430398514671,-0.104530523844077914014737878086322474664294979900863233362757,0.0209970129154319400024562426801330741884663493717216606961362,0.108406393318739938633254025894551236835436480510302550855043,-0.159660123835554572622029636320165180744114843466233633725689,0.260930395142902380205383851231979388648010868621624129916467,-0.314250041001718201922176715805952762598596162339474856904004,0.266393285578219182267229878125709741718126129612857642354869,0.178528957789764035838493869087041891128927740062592665088356,-0.00234975011808140436026813037131795015808879635763365680192460,-0.0645817939515704219537324937185441113950708606565625073570171,0.247663995773520906246608081300791071797796030536736635269157,0.180745176640713028351472185818621348466367422791830925513615,-0.172986852805887705005932991668510334750940513236591086240198,0.208911020604900191035324678998961196654979708514229077665941,-0.121747314299818680336838627529158934838501331186975371399899,-0.241769194501695240580457488674843108811344698747035262479542,0.173413868867590759109237924235546506467512731606473116932990,0.448646413411912542482151895701538677115589780822756640926427,-0.379760089062485944806308041929857584249426661801882388524466,0.0641389202596034101543432307426026769055841822502485918649622
0.238747443270857863736505062601219423729851144946430398514671,-0.282918484012369027980186819069465574332237094586911662750743,-0.271271726875760634125930227953599024431389709853723572896995,0.0152433125596998115779281379829912226876388324949924105883174,0.174717744919149551871434333668035572370936405779180827775553,-0.0110184820604022521553747500751873050373671923760039974983252,0.204108451618631492171381809558844371072520063136609559316668,-0.253937249370187769389206366004104536065754196801586576813739,-0.285706076227314057158292559904556868079943633708783971516122,-0.0839081779716751203448006733002302483958369553304559781321484,-0.154588103124238290407329127748037668583828165273992585114556,-0.183621309411680212758816614404885704162415153888030801966817,-0.168188023454696400655993989046052399108718877430336559078308,0.248081757961817280957528276919667833990338629233691595182483,0.228661881403362616054366828100579978157218571239689427225341,-0.0257148573566547144222199575299035439256474677687398441941921,0.388736380082140858711996754438958437850856611514893466477645,-0.294661724822147454676408579569912563659643609995543126974645,0.327337014690607485965520226159615294357632958705577506838840,0.134702252264345223353278960873926224515187871102429576931179,0.00679581997105121852624435319654391794496043380341836802325650
0.238747443270857863736505062601219423729851144946430398514671,-0.427298732692102754216376815155553596984667853760805405310557,-0.130208558282981324008031615120535603789685807895951014008142,-0.0920613832776508928600161870117597921703847188988703585208824,0.187341704420443847769366940112094777151765072196285881383278,-0.0397649964469580792861963005333349551568443323922673764545538,-0.0277075739992730772600371624271131276216566759640534940108721,-0.124483234188155899938441779167058005384617352871371317866405,-0.124406264053357233683035561384236228487805020541567462334692,0.0595842854115473273552084736976075616263643758740851027362650,0.343789621823368431270451295866141361742779418291694184086001,-0.183142939404813652289473312607339696830030537030490057664972,0.228759408097128775518385770888836260769429134154535035612149,0.274701128676490261305775941443357629325072721945489976336901,-0.251528767077125333200690944135933099903981718337949629370482,0.160690611201822355384594760328129849959408824782251393801597,-0.0699902748305104828357683635009351038847553334828641273334078,0.183067499567668141908139307138802965718470682011932633565403,0.205449086371997325553889296190757082411663071489077744501162,-0.457733657637431250466412071724189706083476498092098263963706,0.0652881123320743523935204910141356552272089752755584971823383
0.238747443270857863736505062601219423729851144946430398514671,-0.480892006880064334260622472995051953700005978800006033160054,0.0637395344267941244369985747745745457273966635708405610654891,-0.148285849902977376048062771832265654306655074800273661261468,-0.201971886737464841851256974845768222503775993385376872786693,-0.124999908406417913691276590477277368459499953025923527396600,-0.0527729134710383097700045911796621668386808334895617495925420,-0.124803797641153216688719517672203769439200061219792134249373,-0.412173756391728751112543041038310913503950314763668337111862,0.118808614913569578073246091770631057606921092193994105501483,-0.211217917701813150403979112226017335915740234868366375142254,0.247572004330677740104257731170571882624952759352594252145395,0.466286605083506463950356920476470813871777316356893976923998,-0.178105807348334512356785027277309646951097125420006418266512,0.0842463773363416919613096361436526175547683006590838860040332,-0.149121498881426978040210304459656280560930280066818525854265,0.118014094174518780302910623980589525217968856749377721264662,0.0974723324853464826593312730301045310024281366856689345423494,-0.0325098651110777021907379476276977120134760660892841244479847,0.0866979558538505695250018961477149641028684991430033501417212,0.102585420234965745586695000581655207381817971260184753939653
0.238747443270857863736505062601219423729851144946430398514671,0.0502299703724466304280423394611714131655552055822324494310248,0.281263690155237424141414979577232043667622182043690621170843,-0.209499076345618616682112841216849552714416458897403621450302,-0.00409438907889236065993494858018738374728334730115726657784714,-0.158857500726018930467737052645243364746680087221635397935847,-0.183815184761994652166025266443522570095624310475899605606801,-0.226674455091112896022864322828897311736730688164302479434169,-0.186796067323155844354312998131302337676843499023291243174996,-0.278597948349320037710463297257623839044853094716063450425335,-0.230494769508287991238192045051567620668048441485708076701243,-0.180993592378384096399972590504041624940780847319229625452860,0.119955706316292893710464161208315407640539628513111523536912,0.394303663262167323663528751330718354708842406606613949482106,-0.189911786584738601935663705189528650835978450103315709666269,-0.245061099182218541614121552475135780848023270763506043203494,0.216220128796885713736080808810709287497575977068466587772528,-0.161854994598070716240220124744270175455670063923107345024912,-0.274806581840165119665350541365085357291096444524508458999823,-0.270497480922150200319890374912896818435539778893343314189269,-0.145043674588245620667923398549504234795344289584954832695075
0.238747443270857863736505062601219423729851144946430398514671,0.115498155946112677016260712918098562457665892369165956058723,-0.122454549097276225573364111779535968909121258822597453566395,-0.362995082152020712433797999568792228986748491293261472347911,0.313625996000572763218993825378126779998562677402583512085215,-0.0179859656791678426466804833919151499553131897230666433797650,0.170128546298391127748794160209225817456812362463218816726252,-0.0969804503102602287614230449028581891680199210129373445736416,-0.299585162194351382874760740020748026187910642806778999973731,0.00171117880500424588893066232931959998889466639844346152463949,0.318684319036650635183143270384167601632431517909707408271294,0.246619562541240760265779520430070443343691487534457092068427,0.0989626928343003608976314489786379394710822289221714153592512,-0.231105369848584882387153616950734569951613651562107701235090,-0.325203195759920218398430382219601800771200364046042497661898,-0.166039646724392944581595873319893905373244330553945264094298,0.164029802491015587201949138173911681147473755372995772860364,-0.402152018770871907955810939886340146995457171706475048618848,-0.0419913037864449027762685150902103015857393100973621493262735,-0.0538458631342350790701298868856095884491093499339585030606926,0.0624999047933195840743147542736187772077788870174793403737092
0.238747443270857863736505062601219423729851144946430398514671,-0.0827392660625612230587873201553427305887918724009627645048241,0.283985481118400131942441865019420852998060244376109569628702,-0.0397520254096901810610325297265807590869200775034839892974085,0.220213237835036731331114417111565235193144102476237135438155,0.226587725756052973528779466767334428563782754232187561611711,-0.173467293720061043676574439658432425504499734770750242830123,-0.0228114754903116218345281241183726075161978592071673521002598,-0.0842723790673831970698101364811931648266619219078949631396999,-0.172925892814832769626511999338923222159305395713258773972106,-0.123147517792863971642394652668706971217370340528042051376236,0.248847570618019833542378839866873509742745649989392536352416,0.138308102186556610255649350704489455274635129864657202341353,-0.107125663554808972440997471436544047795552385839173247913693,-0.0917225155519159239857065237856674484925283049025128526486108,0.501985136768084230684308443861866052343975889869073053362541,0.464774844619024283126899259576998320829294337497162859493476,-0.0363485459981441095511814557885045901394725790427040278993569,0.205482466809874510487260784437426916909607058388824196606405,-0.147012093997565619641355545935015963809098985114020491253543,-0.192882166397604856876679111159226652554683684495171421921230
0.238747443270857863736505062601219423729851144946430398514671,-0.121666217125896988928326649325317186360036024341967329705593,0.313887652389483357418567314365534028628398689770323832046406,-0.167493852808038711232348746869450169512711893517007931196625,-0.333534076769949904675686716108405858829932399281492810253745,0.142103388514908641978841702960172950771448727343148048711534,0.314619437788972590007151800087505952706510103310523467735284,-0.138742735155465132011628940085338723836887862199203349957818,0.135482210912350493407833353732761781756623860981993790088836,-0.0216597340976304043263230981817867966512701015207223174485351,0.321599593109678985579288624824276528582860657560715459703022,-0.184794327367934508098842073523923762786295098048255223235570,0.290639440395548758152819509401496057765415528455879561498515,0.182808017166418212638376353245033510465689673878318190117661,-0.142605683019253786910986800470225236871355789760866971286639,0.127040793137784136804073138864270971551509048332181984910456,0.348352926726196870743788211023426413626863144518991315790224,-0.165389320769003962198269938316989430203588375093227320554826,0.0181977661577532483031571815934931040185323453606773417146899,0.239422305582159422091553825177317908166382602871530319051028,0.186603449974119347322113486743696127866372530980628404058423
0.238747443270857863736505062601219423729851144946430398514671,-0.281860572032481123981212431623385591349980603589287083810994,-0.124191516109862260260347729121772915322065744193882206976091,0.157178731855332267951113261400886845056433988072493761754281,-0.245288052184206775535031012242634985945141780272206398853203,-0.00719710341181700881406650077013777991750084092973530623076288,0.0744096035609295797435486429210107118051442867090648104933128,-0.420449479737292915150915497968673810272661925081447973274615,0.245827275705793033238795297215619576848031694707392682650949,-0.325588455983987851112290519724117226516495154613721353786058,0.0994141617074912200320785595831724274671107383703430247314823,0.246926931598658922758169043501689444084321772614397697541924,-0.106176219408754518179153150595458538389536312772910917802234,-0.214001515576391762379504888926337422405452040210038108286294,-0.0978078286296446111123264948311953095301187608545278248399443,-0.183176407099121322091466595627019071743055042711947280770170,0.311457912977307377342091292634667870929235265593334430742624,-0.0498671517268769976777790420045938519082311320525863124146499,-0.0199600694197414375732471495046837728989842626686824195172594,-0.373364384709600741527894178628980066378405660898491817015165,0.0641552291443740677502144935798488832965845516775457967783436
0.238747443270857863736505062601219423729851144946430398514671,0.168697988193286195057457195156639088765099992171176562593371,-0.356525195503693133022543949550228270086819489095118090347057,-0.0650661712176214095798355718249108645303139710961452506495821,0.0466441446162366208337740095803066238091012023165165354750202,0.455839394354115323312214916939911943939764224812450270215852,-0.0353595070848442024362626501436034959336765255014972548435598,-0.0729564849112267610436582099857464471060871747747066081230144,0.0886841484971307315880265902498336998438242739333767858366077,-0.285620307265413742390976568990976128316424761451739365034021,0.122160541818396048322766924308537443031262786380620361474995,-0.191093398565625626536159733768894562351486261636852307416372,-0.0923967063997482868872349799277213892793089620910735827860189,-0.167710010641775821553936779904811174711126040316207955261180,-0.302327606446665385546160821047930105433769388324212504053266,0.109394062990605926290898609776272558186054342304423103857365,0.0901198755685515962782085323282686332920467965527667605908437,0.150159004446400962720284728498635615033394891008215852891274,0.392336158744471578276719911992247649624754269945724271531063,0.129420219227608206759799326890591847395832937872326867165080,0.290509060820945640451866667375176463941449043704670974002471
0.238747443270857863736505062601219423729851144946430398514671,0.0653144451095761403978854919113137765871231306452500108862907,0.137781813981935731794580999738723058129534650485766304367898,0.293135460130720725413004100194798362793154213666808476104374,0.0358951395413548105443878985040547461414349457814646331664637,-0.0463752541189067251310833455475970112171926759614275528554721,0.0132722060011074429390295356353796281557149738614800103954597,-0.180624621925317723296825828307109735593336251423952883590196,0.106248396479779910046589174284167121345088464345095553763172,0.130048422391103956909706572142284584315569000903276203236881,0.297875241769080596657537758554837483823152360634515993752140,0.252607982937248991310967224418778840145770296645441533775238,-0.221701837783932135701722139610376928636773991071808563171211,0.102126187791938637897691806100303043791305992133476745689244,-0.0655017731242107855181903240565999787908003677939683920437427,0.280035087954139059843166302132978134005956021304038281759208,-0.147549645080877841630693964535883390814566963707094972401922,-0.422717130515070828771548548564447709040466179735619301437401,0.447588324534139954395118738382924666969715792697824827636355,-0.0619975398319462973519734280757075786772083485067128192467928,0.264400999821008639733544743075049151657562567527112009837376
0.238747443270857863736505062601219423729851144946430398514671,0.147772690946586889494901177733211103075353475167596191515555,0.214368484510085399228383418050184333358480106983048346780611,0.0479818368065304822134196713848697312808966645155832768982752,-0.425264480596416652080747678636635270215588810395390771712862,0.0598136219274218224242809822955443798362967898624354340153448,-0.176101111038928488905452219102494128450377522995031126422359,0.0455336978071466356400730744435365487736406787376029259212012,0.0133161887239502881260962623867789213938612736552697105804764,0.00174987954591918807439594348132631425521323047245199381102094,-0.227343694136020052764809988077807510176990756776121644172604,0.247558790090269329498174255461258628931616156862054462304412,0.0236919817220165507775865770068425624649101787147210202118522,-0.178841126785371070318785872171391316106920727170110278115596,-0.628189817669839401115849654619329319403167006770165813453800,-0.151361879544030592586288130934858997433942930342672095346981,0.00128130698324770319154025746422451372435000911302758325553543,-0.187152064143946754688808069592626772169529808571561690554298,0.159180268593708618983965736174547825952591649201870303122495,0.164057496134113889009121273325664643487883695564488405502293,-0.0698880944313244908601953857644735372386942520213979026392745
0.238747443270857863736505062601219423729851144946430398514671,0.365794922553129524324425010025880393059323822778773866296377,0.313371643708930706256029029564251672300329417771805636381700,-0.100879403424076077828338707035328870556382069238719386222688,-0.0603219604019425186930836104850893156076358601686289081690256,0.116576587682710263039407996582772079874306243509299731965467,-0.258975165897199647439155400160645719712752559783003538530880,-0.272172573817613563364492808066331271198623304647399136637809,-0.00724112718125295111700841573359825481799369491340551741674032,-0.292787205295851640203290946214387952924528414086613625136130,0.0164652718142654152398213455454937872886659744194819485847960,0.247298455050141544029208302867381307539285481098420250378778,0.187880400851670009431885603297061479470613556268203857757988,-0.193327726788940844294019595942733570370565391005194971760131,0.177561914524329037223468556504276323644150248306013295839696,0.0116326785799624181036463831110913221832383861072973622983909,-0.0432229587757998303812626478185637924974266204815408251736608,-0.0381944987829680321750753297562413683496104794096696750651500,-0.159358333328944719687625097142530955431990127366769038742886,0.0425970635663344167169492575743012524663582410404543654009747,0.510255968416873325044613554036170552252010135849433942518104
0.238747443270857863736505062601219423729851144946430398514671,-0.273532938897958973497819497305561946791316949692386449598298,0.0384760484363259114467543201424090342267839483526958835770598,-0.160275406033991762353854190320024573373240384089785598067827,0.0469706217635662219013514683167265279694266677733822044381316,-0.239619430546570216106677873901312516867693238137119703432428,-0.130877135931272205115646718495788818550439717331583136620744,0.0799373514817830199367978211555792150854384893100822766772173,0.000871150412551853954698143205549583198735308892901434418311527,0.610455698686925363942163230171504212607211950140825431487636,-0.0711934939444155076417395384420875784667676628440135911304107,-0.183757401583804745472354933090405993570182552840590285270657,-0.113718963062918820967790609856587452653779563798303748367377,0.240508774854290316072736653868560013579275240565660493354505,-0.255088780042921388304852019902192904456575773295323539444398,-0.120589612552924301382417934013028230712819898032945646435885,-0.0373013022945151139548049552275285621096979604226760620879359,-0.340726190836093058304841235439429848745225091749398769053291,-0.115825488111494434997314094341095682235275187075423120370866,0.174019024357256974833399705869549550229606865949500031217352,0.186557080330044926512774104696597645725090805966294011488688
0.238747443270857863736505062601219423729851144946430398514671,0.0891303049621642067553034037750382946172538503351716704926136,-0.288616360157005595597433697664125796865219406926173570711988,-0.339554825348296699593145660388557997053380820428012967992033,0.312416169731014997851683097194229464758729557949503023827704,-0.175777791866962127261166527118242802540804706079002903790745,0.0615546722143817905260928039220280421952044603407481434559704,-0.195279327577605457683879004624817658831615269999971924839001,0.100931933506808360687606666530305326764639937488145306149026,-0.0887648855688169374520199418866352843138687269887931016536358,-0.0426162258430233751407412005854010070767820053463310376665123,-0.183469229494898252639688366660382345719342029296895637584616,0.452899166372513484402842920056645006541455393027682583037893,0.256544394885049099320985848289494875554351478731386975447986,0.0439491370351629716965125956739044697104374359933007797830671,-0.118692819675620884634237785737276936475173551672242877979979,-0.144163453722850467546234818536906079908613183585137667117116,0.133221083507542382328256781467212457277822804059158944832625,-0.0791645917796738082557772313769115122408981654701719621446369,0.384692543560100055543115120800758241768090126204006428142857,0.180974520197227211796129782922992865125282347162487433553391
0.238747443270857863736505062601219423729851144946430398514671,-0.292045940010461646317238637222319494728544517132558573688822,-0.174995445848900497529539882089208021432109931426117176893573,-0.0898490211206153545930394764837042457191266956587742050045822,0.232233017608347742366264705730230108146922293195759104741069,0.0875059763218326111138106377005252346448631269144367821028843,-0.488532857026631197914630280431432918157661942324771833693687,-0.128850600704491186545097129488097803049044964596032932290405,0.144639292428831007921820785639400612568504006714845901154493,0.0160698946846838690022731731517300966946316890814342019614749,-0.369154995060466233993183282900576287112659973187220558199818,-0.188763626333619695063596170249973218880140653304760129298538,-0.145707313032023680720374896005701764647894830674347185561037,-0.0380675375888688331765570493482584281613033317594351264842539,0.168513436691742265956513919200426993555552888002578354927580,0.0544909456550914953715977681768290983971479853816760193239859,0.191206339340235439474871442070317345324816956509225700986605,0.260853480232559580160501963215420082777336026055670830285455,-0.198062904458242928698746439980243410811131956507379777005838,-0.143978772974400861352136755950834607197024167598039207756891,0.300767996243777474562893107448637009446260962582622731362416
0.238747443270857863736505062601219423729851144946430398514671,-0.250788470840591155553211271679713855481920926242104680085812,-0.106784004155448446784248562120858863249608457912859526068755,0.237934431144028403202267103887670159761479786520254814946132,0.121987040306440574639546155379935212660605976610066158278248,-0.407629999226869789099103292291141706223214695448188539276878,-0.164595280936754398363895391176481342060251228501490876269432,-0.194029145153210427414375691079990145481083817170331346714795,0.282821639410939932356396571118866953847527794290483768808989,0.0270551249272300951864600319225655795852864188658968560382564,-0.408671992958675021162045444420890972396441472631245965216175,0.255486262298289201085163306961601152860287104284862571504748,0.127417265889571317181472447934656238184171719617421327912906,0.262290880879174183498554454849132906579849602691060750204186,-0.101374545101887212353469179355751148681782137254732323128929,0.0640342053719350349821110947633356488375146942920245080363629,-0.108821066978481818452658012820423890358935397318529228606145,0.0129670542537445067880339632225936609066035219585013743535459,0.212388759585899412832780082691696557912788364418611279191064,-0.00326258026333281246202208023456195071005673919853845714194209,-0.311066687737175056776882078425739172928138360269574655895355
0.238747443270857863736505062601219423729851144946430398514671,0.0252522181129808980097017436353551070288956290816836103715106,-0.0884903624041733355633818242030635474624947439335388726955525,-0.204382052876997423658004870559819327006985509026485903810074,-0.210885014119982732254402826509009661852070439731555690806335,0.278041557863741125261060748849558910224002612689342930201977,0.100424378102362687167299358811495374326712035720870696024747,0.159000384145786013144613060225934401970073528477051402508943,-0.118086149240469140862497408419779480059503946248106222266911,0.386836290263454874350943464659334111553535282357790744858147,-0.117189865811696741652714583817663324611638231991619099038924,-0.189666144449432042929976080075662222501430996708627423379361,-0.0366314166908230954082321063864463877230054895803694765879520,-0.0882890480445161598573976762561030596101356219334900995590921,-0.129916048310600452241238391516546102199242018915508904441538,-0.226079934863253194199299980590857504255885428687400133659054,0.520201228095424442449844658276072147265962758642512043651947,0.115021457677911797351503638816803942041973084722821930883379,0.100711580709558262366143831748202254488674133369758089734597,-0.382146523627230089516620223108670394249676116749971606701180,-0.0719381767623165105760931323060311797925543058646115379401728
0.238747443270857863736505062601219423729851144946430398514671,0.284531918889394023603252941470630036259489567583315178755342,0.0787242384881240222095551072793529496618560403684760677303546,-0.0254598408429602259044566686086435233636577606017595469803232,0.0438115287725842334065426912922413972695661939095132262746807,-0.160331451929672834336726166854880330606065756026418093227664,0.341487899333968328184331067008295359161747712756179241340481,-0.223884431927693426729231383875825760434229307482249074474458,-0.000461118163563455671026301060690314992335127241143582609632127,0.103284435664230272257443433734455327264448367583187779987778,0.0871021022403799391830545882853232875702369997599590867021191,0.254323409142349067749817444542034827846666085117361065498290,0.400681581360425361147914263844130532114764438264881874432127,0.197582770419957082842480104169946020867372648681921083484812,0.405947702089938507788096721050881398610740210903359526795450,-0.0535421170224166438988521399584006341983374033270821873013051,0.175669556017659650949512298102542605360433775220188705630000,0.0160925970600754464927683786603629239911599097875444904406188,0.192624642831047265226079521103063441828012677727109804066119,-0.362890763483941512918677563143761128784234142874504896187549,-0.103628797895071226011059378379763272676249240845977080040565
0.238747443270857863736505062601219423729851144946430398514671,-0.266372457581979757930755683683101393692991034081364215083401,0.262117958789164467810255748096004068778376095854553719783753,-0.245184058690236742279944083146435386808661205096269552619551,-0.0535855197476321030769169828816325899714504463575865505530589,-0.125283523475337526311087371253777720639582168415667289898589,-0.0112374680677195110488835411401767031483729294014984603355279,0.151069765091576600774794511946327519937082483535603238331052,-0.0679780485262718478797644695875529957335566067207325474852902,-0.0237727715680112855469669238957627730669705795435306396609461,0.116703486008920370474779779601921591278597920121406967690891,-0.192012804754041579859429255236112867399406027228639992890884,-0.0609545524660894476508071969054762004354099425384636813010705,-0.218871274549434796679303257343031924822083562083049588607048,0.410743933870572082148935534985639307613968244626944944606042,0.118898362627042108111814466274615036245664298664153066062337,0.0710188364226170520014731777031193547693882194833533816022620,-0.431509611601702569465578017438277584823778084219056237393032,-0.0518372199583376031532931995048468350542568182128400130794596,-0.433658533343356003106384759174536773386092628706968320625451,0.171974671843343642057624369652424296349075348611688392156133
0.238747443270857863736505062601219423729851144946430398514671,-0.121731445328399212507156614895170442268390581664983769773310,-0.163977609003012346261577881224598101255476570213073024106383,-0.275602237773935119477477174794770208651522907680194259422794,-0.153082491974657460514249422155675607790100506408227594707324,-0.118204850551017878080703038757935706350703090004414788207027,0.264068394936205643126559162335791748859646285058805231849707,0.193559357656948322158683568675798465992292707610551099373843,0.0526400504731878980962487318575799240442029904431865522426410,-0.428456270981982758663463206258188002808309612114083553855067,-0.0985282118399729650288532161646931347970731535765140716026100,-0.191464297625007301557796736212211898156234827921311133279208,0.341475157839689399065527306717537341754121636734039812558064,-0.188349054515106239455820339150754808583362660082238412869032,-0.0959698812455119961890180605618689612663358011606098454599897,-0.0421994026196474858299398994955839891338706714251136231271290,0.00866095075332923198284621967653014319224962591546018500227778,-0.106519902619045851346212740368020682620649517572390538996265,0.303362278296136362259834496776416116324701979961050487012150,-0.101524581572733450104497328491964690826083913928427883598628,-0.413751951137671888563828891921824573741437498062950030936543
0.238747443270857863736505062601219423729851144946430398514671,0.137937819267564851260492764570363230819787461171044650321482,0.0751209477614302967660174496268134967284819167075711976340661,0.433860334576874534918337338921182749843110270371894084599499,0.132500950342054180622962901517638099773404311470310021610641,0.231262604776031696022232520574846012301918700906083254908368,-0.00247002808618457867660058292073785250347674378136293789280022,0.142557450096753705059568723621168131371715598095507900211565,0.0127803008413310325527654496567357610957707921822828011677421,-0.0720698893780949853501515865238293859210583210338253006603216,-0.0710790563604845696607294762962226704287740675504077494533799,-0.189636274440590503165339546899621549320869363930022404566496,-0.201900739067403684351937173264947998244504070608767426199507,-0.0866269019500907570517666910074209643362696473336015634410563,-0.173442614075543480718236071988158957834245077288429270333609,0.00168199270262099964951025636218761795321960897039179465179404,0.391726313944284678063215652086130267452311732541742317135893,-0.418633357629808505738186669118929372826133888581827870141233,-0.344705029752973870344745090611929154726200469458039039786233,0.00927123963917938736086654907068095508536907583213838908770351,0.257665460036039196501628612681093565921981776028085183180307
0.238747443270857863736505062601219423729851144946430398514671,0.00214706281643934130664049361081047638838868485198454459299689,-0.0925500292563414261766897952770763783755298324327734547062988,0.485066616354689213294397766267519682518212209643928505152570,0.117473966596185892088074730870481303437065608431966681773455,0.0181709753080071351613506848254565721151755528435532398308378,0.205327786868106705401937474554597818199434070909280582201044,0.0880221746586956202070457259318935596865030275906943943073249,0.0998629274322057064950210818655028354007508989811433784826296,-0.145738053061636991213290475154435039599283535649103921794951,0.182278367118147884261335290091827930163785906567935059150164,0.247154739277781389812160286657257217923823888401318580628217,0.589609780270629340491439523263369265823839532664437020278872,-0.201324932648604284926119398740426969140757780682901377347196,-0.261883888713019867551587528929865246704632754680392180210891,0.148574553429328794519219976730072987378300778229756800908444,-0.0901848096967507651867316583989357612966315886117891803345314,0.0629253422892180756341779815795236871681300535819922788894255,-0.0609443553597537576767225659096023687012265525830556464675880,0.0673458590332471001733822136256695550679663745800513745759824,0.102017531571271323534366127331478674164583286358723058480678
0.238747443270857863736505062601219423729851144946430398514671,-0.135885811936536768263660671247734773825704402180039124847954,-0.174726656472412036100879582572026270030195562261226594901643,-0.0207130996233821008894442094995755445437342914948188381698815,-0.303835728622561015834325307010684992410133793977840793656176,0.0617332554072547082551738792671267875231369111428086109880801,-0.392638524156195644072507968507169753929201655551448890832221,0.242056196244958249610807911189008699843916828833942870610671,-0.0566054147994335584289984460420760136024598670883879243700303,0.183982355499776117333278963245705826830823921297925636434935,0.463320115887913802192199659691250922455557240357892187658078,0.247715211863022186221071767545722385559901405800059776132840,-0.0638691402409344417210416779080581572554042532442200358665795,-0.170136883005480170107839103129388620071513335809611699596719,-0.126823887515491150814190131149465134068480364406065460537960,0.281464813514336142613003586528708427153809373869601427465596,0.206328738460404895587389994263870640841503519982730833668846,0.0481567279901626654511121396069901856691579615590402668095086,-0.209343257637618556034738726245316210664704608896445391982340,0.00117256582657629791435954630834954815417602959235082100875611,0.233584491888836979918120857004663044804855732171020571079908
0.238747443270857863736505062601219423729851144946430398514671,0.403825657544582412707341866335023861260888765057032994574453,-0.265936646354519769457069035506322067835685694886493746025508,0.0765846515491420412905104734569285045816298150739483913035554,-0.133609174211151119075824057836320154770808517349069580892240,-0.156469451993815042251346868192080998831309231099169895672469,-0.0840669548749561329585716143097369877890575787464801734250963,-0.0438037518250913840266244784940059448199632125455962394256982,0.0945550886860571987962302305533789969374884422836332377002928,-0.430584834829877952013578461410992533521376811431951621494926,0.199022962612464693602271069639572207969201424293206525502076,0.255462258865465682224997977630441637906476434602036139427453,-0.0156369512219401632919375005827849592964463493996696374657444,0.260955186191835157689874303221943581449203970155910473091341,-0.00923267759355988228945715718783961326841450298278890948972113,0.146012305381775304101987341023080902406741259881287678377228,0.281350304354387727318377986548817916107779264146045796517340,-0.207341123564043548660622494177646990172790588893391624267143,-0.0459913716548757004296978653115188579713811832401865708778547,0.294487658346419714701673972400842296197029419498444983060931,-0.228184823760165393171036165293703026411953559815621269413531
0.238747443270857863736505062601219423729851144946430398514671,-0.00361649374193637895152841665107190883962516589762190766166253,-0.612392538353309748981601673033841004704315882836517825850048,0.187787807642593165532742198989648873492978802562785834410665,-0.110653546202190813801304188889516565479687309328789063841969,-0.324660829130875165315774944652861597209692630581955745323074,-0.0394467048595645950260724170252965947119082345512683879814279,-0.0289652109536793209230841599154166877304134188388591133580851,-0.335195330507488763540274942256025659482710818397575201919850,-0.0497516070745984311001273308637271568364465910532381700647708,-0.150684448914118153840880102270206550654691269585607641018361,-0.189686982290076075039569253309579276402461792943709399667065,-0.0386559403493502033311535911451361205067489215006194584193895,-0.0894485902336891935667067008967703071250882246932692631672627,-0.401886729231676606849639088680177116023995006641578986428860,-0.0947629326888792377272324275326988342356680644202798640713439,0.0399192247562214614321726859765723067941519990891796201197243,0.102547152864347505571742385846524989202689702024654781159618,-0.215392619913535083775671613092595569427384748388632979272968,-0.0249980009601620593897222526456043315216839319910200387916089,-0.00436938850718296636690055274816359028803806073743347226547728
0.238747443270857863736505062601219423729851144946430398514671,0.0346813169684350286223665224849136360351149843835991706461354,0.106522145346438324538144117510800211803608810929759547416771,0.291743239240940729102934576575341413901414794167249261276959,-0.0243861800180342327664327664180357358546485594507504772481294,-0.350449578808768735745676491808222070165143598031393727916789,-0.108260878640928932186160636015462329328373143580021162573380,-0.0637145555722167065188601709971219079163718865119759744760912,-0.284208005302002970945551659270699003703085763889310859819217,0.0754600404660352200466331747920898697481919633353852050174932,-0.0507458186772965663103429472412911173929440864845465408390843,-0.182713084503609837640694649307086306085780205788238323280829,0.196866238101664364433747623020048624296622623871392603302508,0.298620828499676091653509424062896402507906949519676116348358,0.213743466435832471641037041774742981289865646280227873505946,0.561175850719575151474590701505154113988765589038086245270996,0.0676523594904320703546435047990247328196810346868765352490991,0.0157285199294013880247614111258960183560325060452482180295116,-0.204220034893120515482300801242889403740763387039129318570698,0.0783731329403857639324165343740100595234320118524231718884666,0.206181687236357860536795518867595705719033599004418890723234
0.238747443270857863736505062601219423729851144946430398514671,-0.158405285829625233570522271113486632815544543692181791702596,-0.242765317603850412641492132576583506091635973813948577159154,0.289555823520524034061407931140467863054353460204404542204074,0.208235978950986054611125296834001688767060479066194187972544,-0.134002037211245789398433463702493092271273666604657409615426,-0.268722909640799049969718894241027067242973965969963191845044,0.0399860880418092791750241724070284308114341117039780240862513,-0.145259132255176286244331197207975341405747221515843385607804,-0.0799245898957944268823130540821461245621275761104784524320867,0.212747983970838544711999907098110556656667492719060817684018,0.255888788390730016470475336260681803826540533996690015891599,0.0872167206585362267475527485567247245669542936830746434504169,0.284689842191980102956426345468851443941860856001916788683969,0.286257246392959313499257875767790747936006103354874887174331,-0.374999586812197448665267101939696099901377460213862833225299,-0.131946558458761912454124257462394436357004961151032087818935,-0.246243935238036863653629574868699835137654406666341359006058,-0.226044793201022622426037960298713093800149302659300549659038,-0.134689014422413321939345680701649103533809189385001330679227,0.208002273773582377232274116146875517095404377000183655017052
0.238747443270857863736505062601219423729851144946430398514671,-0.234746163642086406166579461024845065746797879496211836468540,-0.117160802588576510966516902834960956741914730417312888208379,0.184170864001136022680519015126649777976600000800216905437375,-0.0596901699844496874522812377698115585481874647474771866688964,0.285660895828594247999836237342427689892222813072918132912062,-0.303294741649843873971396117952024334686455337573720819567495,0.430611152062123054836981662156554319084988704065109500994437,-0.0912787391271364328650658201366049309155313888506225834365193,-0.0758445871699076467585487998638755434297411395178050266735740,-0.106837051693309884096865105742575348339131629629377307171249,-0.180578360285550578508811065330621306961703761366498536988142,0.287855611364081184672642096114346091722087490482338848011371,0.417409662495200702700247608194746189336068661600262160893700,-0.140690123456154646377354701892224924440419519329741474193883,-0.0526963864912692037056461793044990471140268022050813594301745,0.177960362683925667950051963506998319996914464301094968732401,0.0908560014275100877774899876373691142696301389361952167033633,0.0484142279523769084205248584773948359260923125067418968033197,0.281560311105468477786737877035628104605873495361515606514040,-0.135482652331137611050516827737881964104341874951236862986520
0.238747443270857863736505062601219423729851144946430398514671,0.107152759209443021515841162446362927753829927833933432356282,-0.178098476261355343280761166032318751427689708396970867827045,0.230095337109386925990745496948189084476869571521880084527661,0.00255994812848262875424809301292040185567006245794242789714404,-0.184316740580786381940184820017594956189907830249868596891000,0.0343003665522167183396493709755695728642522922907798297906198,0.502354087701511710289881249459118921216974979606714777809350,-0.273616818471980133181774553086570655456269951178524214953161,0.308024389037262374423378179266871910877161871588723532140073,-0.156898187229850199591204811987302776187028821942577772595604,0.247414958165823937131957962163733598346452368215025211342949,0.0599342986278789687325798836314101719940295851626560508052373,-0.186844796042345912751333530056972561149154546219317675703700,0.171418143833608740255153726185759153433476460780350787040775,0.101065599913578753067915057216880101634372716407616853676812,0.103126201086062730193166165617592201537992045277241998136989,-0.357882630758579870554875581907459219540772136657016672156600,0.156344321689294518357318380320212844809414139563956467271179,0.0599037748147615738054414197084313404420142571682261788660398,-0.242723568459666822672680541166489047646822442852845616738537
0.238747443270857863736505062601219423729851144946430398514671,0.461226510840957985486626338400427900941368745006657915615865,-0.196456739244135817264343326101900286773977412577723110886875,-0.107695059820083394062550725461432286736396355482244475058816,0.295656439343093989137400498981639339762140322089511640731626,0.0638700131802904406353868120567165482042467098545148388719850,-0.212881665874325139528568136067906735787191083828195463554050,0.411126699262213186972492008205043149666270634731689341144705,-0.0993388497946414769158646634502613466032068162149244113559033,-0.174035568151715473407656957162824122343492259721075298998156,0.116699382340516200665509183095512224937004445002448741465307,-0.188609513456774902543532003165575513715015743715080381863878,0.231989340277103425434216476951214026999068950300309530422587,-0.0294917745984006212804839633793418990348560819924929985496617,0.0787066870686815378348120264670497384096770578832989595496989,0.142475300622651444753200202982779420331994186059945853871857,0.0194485183861114783039184948533871707524081982705542967671805,0.112235168055844585290405671009445555866126108995196653238705,-0.212643384690715127980798211386787983167152642922275530158915,-0.379933235278239532117049862513464498600764150519708250591620,-0.0341659077666935305547862397728871992069838705151499408151230
0.238747443270857863736505062601219423729851144946430398514671,0.0497128070336045828268826933596309240453582084527567430649895,-0.361667799275498526780929918917822631456245142781569665879974,0.172779894624414803580243993641640001705191443939367535691689,-0.365924970631722486787639802793547111989910813877410617491818,0.0583243290464721137303659277770813175303145079126483757441356,0.164731376965891359224392048785863851468039905378864843283083,0.177634875850083993630885482848475786761801522708563570984170,0.0899059135240327112629915795612353204967845295333090050115567,-0.135095256247776755216322976595765779527383095278131240862516,-0.0101125774433579687209652789528079850326901341970272285857537,-0.191233164569945354100504188386630899492546480286792392272917,0.180277286867766256877165756179302462490694716877834972768739,-0.175487427764277876921253408592213444628491058826921857511105,0.544137193100934531591239388603821263066777637219898562774725,-0.0987981855087055440583045455908576500481262417146525490154017,0.215211924827985871239731514361866201770075769230972217508278,0.114656265539212915263379134218905871917673185097529634526677,-0.113177795309575237528217568162868696657517342896147044255508,0.128340377062828779352814329000381054990864811606237750196367,0.250972963825789929576231059488473096495403929239282929114844
0.238747443270857863736505062601219423729851144946430398514671,0.0823807839748668573085723337757012950709498164883769998366713,0.0152777880285045570249672587874798224719719818298051961740621,0.342052369273893178561545821671926459652672435452499365980132,-0.448520004686467070081537576052626006359059761007655170509730,-0.252466531420761552752487716923343833270497306403710309514325,0.0490551124835723052651699085795222581683630654108392272859539,0.296445622021454707064894505782904546696112084569293921411353,0.302305446089223785230568731352255227062966823477302804532595,0.0930506010615339245310119178035131670636981803261511152173079,0.195390726127407511865888216753005759417575975806291324994903,-0.183295919649541790459901242934389287664427358170969932362500,0.0588387780031534061100161635262318611325656754812706344547613,0.266188392116951647976458467861873690251884101684672214237892,-0.117500162535706509140450025247163668361370000223088262000325,-0.0497420179600927295106862215142030751477844095126778285638857,-0.0616310127623472849856157479837025469003452084410088084251001,-0.137059635968813142896905629763658080569208969155984209895842,-0.108374733977263169076344500162113725904540826061639143714929,-0.381453959521947358389277692436450819103429427936702325571849,-0.146721499329371594929005503218696456839348362471412204284216
0.238747443270857863736505062601219423729851144946430398514671,-0.111412978882072451107777107999551250872678354042683367609343,-0.267372624795983814938615115961868311126822100291567592817395,-0.147613917760848928857776564090348911440325716296101236860562,-0.139311195819169918283650715326971591805253787612248383267436,0.129100540933851142333462862037493321789371172298680795775555,0.113089021730825262254999278175339045637638045299482127017840,0.0591521555126514306571511033021308926736515142878468367013406,-0.212184982959213756088743368870390792233709478965189032924924,0.194830215897865211221089757074798828646810619662280042739744,-0.397770981981594166318441018631134169524048896291554687835245,-0.182483243864424538185767486811624185524226305002772857142077,0.0675513797107143081851258218158108375999711159809988372826350,0.311410537494699962639510428847896343335035609316059594956545,0.319482814087516916211894059266696219554855696991526842247729,0.0143916825017044537585430731224931714325036424293292980763220,-0.429547449421707319065771339793034847837310469360519140434164,-0.0152024168384744567181342954314690195161402245479028264083474,-0.138109873610917618391425817099982648962470531139929098210633,-0.260545764515673040357711434097641513935329340796295013416673,-0.186885867285288459164553858348154469394619402869120612121455
0.238747443270857863736505062601219423729851144946430398514671,-0.257637045565483756171331145356381377456751448483534380725758,-0.135946203580662717272392021693892997290316545764799667607171,0.0211690630740071584141318270825171552101147377856235790119771,0.0250681051564005201055578118693922245750901118442406408367936,0.363743697569983081090627868828737970206754098638526246697566,-0.0414374334574671845481936635527088157302449979116678013595005,-0.420212452317322272896526578721608086455841975533009506121517,-0.146516377552451009579194758041949275068071638594434878052151,-0.0833470778367037295659861045028743254936291022040316147662419,-0.0835394592499310332305164015221235860115943767918092090462021,0.255726543673633894346667491816706711773208484412831936247103,-0.0438669973070611948286017325744793481944659182241467965695065,0.275661574932566316929891201103576964565676005157987670073017,-0.304589650595049424745218943365701499657311230517541091720798,0.255758166482019112074341406897218740493311027284731983793162,-0.173014991659450448550245565967664829864894407500034108934064,-0.138623205729542356925895613265117328433867549854859003619538,-0.329676084669399052520356991443387164534328602070739797338555,0.212164418368336478391465609725681124452598363796171094000544,0.0819744684476736035171064698484114634439895878020455759037422
0.238747443270857863736505062601219423729851144946430398514671,0.273642698086558962430761931786925132132428202758536347304478,-0.0635205603572561083971923023588812930161577986590190199166823,-0.136843533534784060239677740433375179453390243365953437082226,-0.239799230140061609678760133434733378232758556094153948956370,0.468175007343738112157192301685742043220775680267862775774577,0.336027779001778662678801965200720820611342432551963198026976,0.0846094533112913727975192926006410385899188800659950809300161,0.291082071716768660416377598582032465435603250540822728957089,0.0276553768500809479463969821618527400814249179268706610585816,0.0367598803043697686471413770100612554208861020329936592655621,0.246409543262668076719977571498578203322142490484801310691149,-0.0449884603065759525130070307033917469257441975812045205162975,-0.242792099688053916430153354394612007045006908733335390069652,0.0550793500682294595685080511539658992362407354807977819328718,0.283900042652120443512181157080388072509692521805417054505764,-0.111729870126452694816017300953193777911700273794213775081534,-0.254092491787321172235075921357045407942307425884874729206285,-0.169980270785877904002635183060764329473124375438631947417949,-0.174530317424601220477613532426062701219965083963760934015822,-0.141510497503107235948840269750601174365914805655982945701918
-0.340496432160600290004816662844128726070022445944982278091128,0.327115700328258437911206155607031855154559339811887730383388,-0.0380106034376557684550182757324276248284419168700870469416047,-0.0482414975281901134258511043399122367417009332531658937541648,0.243498128505868618017785669695355685290015421205780093682961,-0.0513235146875535931886723664384018358437032405685544396351645,0.278287233200127453845373001565453307775970098476220528667740,0.0524372931428605391739193269536309366861668343999344411601493,0.0618428395895500576013309941649078214936622431136770779900044,-0.182915364723252375763961909436532160234059928046644693653567,-0.0200927287624017947356797599767956819287582246523859312462926,-0.160347991944140465429670376022131239961547383024043329064683,0.253838872229931632027018537631880892923538818557105325563098,-0.201163306013052524485951487532772056464317451303647706602531,0.199973749112357287183141100304425310181921901125974140552833,0.379942301605630450725807773232415673751531450124261359925689,0.149621329839831354971810303243534635797300793999337770072931,-0.388665218707973543957602221893279643896312591329731031701834,0.195465747132646220083098210236173636776150401692640993891236,0.151787009231997559450062998981241990152232465815098791914544,0.209353624765775887733664264622295266855933380336268584518160
-0.340496432160600290004816662844128726070022445944982278091128,0.104006658801565645299001641168546026926512412238412275475406,0.0723451178105249212323304086830961478662943019443170055693495,-0.109854266356096130007974545366830451772820293623067192058353,0.122762704763198463676266454822436053874857243633438164894236,0.133305215462834753161198699629340306403644982867455958988126,-0.202862052775387198385705077935325325311425359403149334010658,-0.0394469789697793239863071181385792503237662959204321665687015,-0.208135682692824696098446210974296530989572958560902779770025,0.176826648825092941419399141858305134140258289510699753511905,-0.102993831004161047858722994578606179389048770194815313482425,-0.157075826570926477974139921374779249849497231916609324921273,0.386516941993319694959185718420399303040530485764130132000245,-0.0190804373987657319408328852103539784541087885795063412014380,-0.518273181264884665426191113832368169068090655027563064767717,0.151435347928930639510887999988292381404911994684915999748225,0.219801056320117184975429942066177293259212807421136013394703,0.136487249849864523379490304585364941313743979418649751742937,-0.190855500731924152033999992557862238154012650275286273133613,0.0216329691333599454492429571503891970599319257226296362985513,0.354104593983188998097273518718732806928323034126267200160391
-0.340496432160600290004816662844128726070022445944982278091128,-0.0568820646604850716283584967333645448682907259917074055906840,-0.0947824571104851011308585905035885338297822528427942539214139,0.0829235375413774743292351954210096536401587493941876576334637,-0.0760196342765960179935702581075530865985579963637015672568617,-0.386576602448855319671093556781601032155241397091467728366624,-0.0743503721285278590062628520977621264651100652038052911647516,-0.139532235022884548728157994309448483437008259658075199529402,0.0901091368466747314932978838326610087523248420238419702750629,-0.257420803687780843256758980947473049789332425594500687626314,-0.200621326216636219261854468286781010822754319332598668501062,-0.158692538060893944818429776425758480561179252009188997389168,0.428390516293163775201992228601677338168436696776734324638105,-0.109043942368507688753320870136268962480065602697982425045112,0.137907503098637516659833785485380342813199530542485948802405,-0.0470276082872521466970769488225947551430650041950338330797305,-0.245474716560256750647849197400597001049930747488526631014720,0.0950194293361436285579689415976154562812670879501976856560989,-0.119960939802742417844459799467343749969812975382916083257547,-0.442295074833020225311208042193243113456725323018356681432651,0.221337664156917513741920816408046937178852900997258346853711
-0.340496432160600290004816662844128726070022445944982278091128,0.0156546057830251448439461087979380027587787747816432961871799,0.0984621826742169347303813215434246328227944878138721869875585,0.129384020375720079462174543719177363354424540912004809110334,-0.229525090925371600634326692629327199928071267328273877658009,0.0398644748450535541939428567271347389421461880376202395777267,0.118761915917384738400139792644983979574379188918713937084825,0.0942343154384304139102709173856551558671580366508611034243778,0.183542484115860164568659611891971214711561525273435852987314,0.381940081767798665457126131603710197496676993252198875902797,0.113354110180462098065425507956176993763094756346599631048050,0.278105474865612623413177497733349559240993051867130447278249,0.240622859375237738588116691896997601877137549789837521081285,-0.223352495229005241063967131860349607088074764476419614110477,0.0489463787226719945519817299880402393517903564423517365105854,-0.337897663335816922469739554751013806812078157068207616636329,0.129691101008241547951615454764866738102993781705369962661116,-0.337461139501795740873725249384708529198476412272903986088573,-0.0445610953587104979615179330871645137258050833802034427131296,-0.119817545803751543242132003189539233545676560902595471805422,0.372787809572684066418387135039482885420806888183572274386906
-0.340496432160600290004816662844128726070022445944982278091128,0.0287516696318968425072422218511708428648863243794668499285897,0.114856064927095235694401798185283921982793766986592622650058,0.227147460642942405831105962167888526587224065278646681296058,0.293148067968021663943154117435768044196353597015245696255774,0.0523776425976374715902694743234978145340243873265493485870159,-0.224871221602591395930232742859168054065144099614955627161892,0.170769339790632066624094121640976171873892872885337641344815,0.00817680676422330210627154899666570571953718862319746507746329,0.257380413087180581032060815407102006295836207080355378110370,-0.233106352196552658138572428127708066483470347637624392286739,-0.149511745974137898054446451880551202487582852983645436347956,0.0251841964955781455915419746442188278057106768598041042975728,0.401830285747274177921484207222924342447512493153808541268539,0.137380949853701835248351578171450493623108712391484058172799,0.0437006121632782965011411096126136250156391334915962061510351,0.158634272157492426525850051521434463788709066886849735537300,-0.232391943036439617567296352277741261914209926664305045732341,0.225301633737202000327690164938741795707931885396607727548576,-0.439543042746239552288587346943848974173008301992153392601537,0.0319448531579322407392994347010477304556006352150784321064862
-0.340496432160600290004816662844128726070022445944982278091128,-0.156464576317352452004681110245486995398785479325405168456312,-0.201680603978996144843394853790759718434237493075822045874802,0.160080229113553554686569708272565143673061689183661227043211,0.0842316391338979104869988053648910175934528875872699902145240,-0.0577717770733014412620480244105276719630785305702075503097122,0.0581380118653828440697079174070082589311188770034499191405971,-0.0922244348920816929363718675885917337471100501178002500039394,0.210757841711557143781879028163880311756039941345033135332577,-0.276327258814538348791966253089835928493607731186781059278576,0.105744476488001481562893625485316353449281358813649066275930,-0.151613826679106600622187049331305713089128541478744312590399,0.116932875130935431387692376266976528490760149524041080662142,0.284857932224843265197042111764394202890342614752671451429673,-0.490938880522460577912072961237148738362865711375680868607108,-0.259117443244138761697308899970110847401400042947187784621795,-0.0409471639459457541026772145536636958759195828343679074537980,-0.425984088548409259570088954690905663313114190500947734040440,0.131615234164982417971332702934326479551168736038023318826399,0.0786546525626021359974479143225249371979344737859053224705955,0.0799354041508272717338099821350157421074558123184660111163705
-0.340496432160600290004816662844128726070022445944982278091128,-0.0981004349508926964827118652546422200869225774506095309438142,-0.0489044829001779205687068669908555930454365742802237418319359,-0.00326476086906872570250868272545487775074343464613594711890684,-0.0265543517687288429381883687687501717996096428812367970289438,-0.354421161701516898015464054833407912042941853845044114166451,-0.399904247632710292871743897404838233168174887033455971952516,-0.204564929810042162199000152805962101036029797462911158850235,-0.217702003650748361673949140290970964939058167765071468287954,-0.0818356553234504184071661881038392534533267402229848911972762,-0.225566357832971170026469953256901133661114528343366021457787,0.279777468365207035033802877709048797158884017220122426714745,-0.212703342367362099570594965420571941455810284930192278687671,-0.130312768324382962288154229197133933257821972392470648285144,-0.0528629290373002164905379620313929762608581815058390179144559,0.146829922177312470167416465438937928173814318838228905405478,0.204368751984813615247574400441300979757108948260989578956901,-0.449209332602722217838845939723015759345362427595767442601117,-0.0942384738121755759393500275809330520310303541667146686467017,0.0229730238325037670700282077128413103052502641622842302746240,0.145456899858941430216534476106645148206056162456855859659693
-0.340496432160600290004816662844128726070022445944982278091128,0.192829872188601377583271206459972113830105526729638367550409,-0.128561210515180128626618394989300947031919534891221554779508,-0.0943575358217267819268217376213357271052345771485991415685201,-0.470882209766617082926166629191887257038435495261632080833859,-0.321677406347402668482699987410701889049293884426074226478338,0.0804791134122742549874843855508922840545911888897158844956358,-0.0150128222271101914317459228138893656805066533768614043162472,-0.0799103496188887668958999277990977046145155404330992855866014,0.198454675881499403600553499187809877102813459666135088521121,-0.334901773463875688009885725143556779869306310403803008234699,-0.151213841786744325738044919207092995525439843015097597019122,0.250309027512051609246759295276690502539452220269296597964056,0.307115485953603692739144609135250880799310867726969055323093,0.0178599187554402554066527051451401984659847116154170001613910,-0.0863941312922601594561231957461317055811483163491448614632435,0.225170384526136563474363659936238020642167811436142481644762,-0.0596682528789557103637765427680792958074453931629823485517202,0.167362723362396709646031527860811402613616880337613385275370,0.223343679874009673518789748241373353469797791148316762533885,-0.108774657743244927200636734998648953115255645845370316463213
-0.340496432160600290004816662844128726070022445944982278091128,0.272253033591027025833760080416212086210580254112020006859265,-0.368805356748917103511794510872383561339339730924947827933342,-0.00815468206527409493639035410667161777597192960031376911444139,-0.0504944628971150218762223910791484074842427922657589548857708,-0.164471324899382419924008551255961073546182436192307671645404,-0.0389091411050180118559018899383450212998712031323800062413834,0.0247039765388389827818094274029014986880312217291188720038411,0.163468230091385922518352124536327542810368307549351223871884,0.112523856342892872007392296154258146815062235325533127024758,0.121819117535777692646859341539503478235547448651724063249087,0.279330333303469144977068900019693459277193513490241736384702,0.0758891551963413659141927042448281210177505124057487142787575,-0.155194039719078137663119585908933350721348602255254143483864,-0.355466629321718747526437446633297984885256178472394718237310,0.216764046922194048878036509675622073903940339477012303857339,0.124644762264683834144561124251717573056159529000592403873760,0.0498984925088696782256910767621367116884464626052057027705706,0.322743646401680501285554276497293700496093762167310938854525,-0.387796836254509179159078246988555448064697052982777741079998,-0.184714625603108698913516142130656130725714604337302556919761
-0.340496432160600290004816662844128726070022445944982278091128,-0.228507105545344772513360077912092937711366603552970280024522,-0.523111469695233835635464789418241124772910591693621762160732,-0.371468220618577812036328714071802927173785491845381792979341,0.0645366142222335263450025472104682151620349551605953429638483,0.0217848531185828809884485649886983004131727606364659192706827,-0.229029169586092658464777017951635891798562800747688270600237,0.332750747161395553163219219841251398530188183967705042018236,-0.213821624583862946387236760058892446075024589591411748442821,0.0927817893582727847973766539300298854139577316513051194450369,0.0594423435168446388012804513145509329748081038655044501500625,-0.158812482704601056473649017479524937162234566923319397484239,0.105643333904623086570362089222976695897227255003696044192943,-0.115718380335454907177636231482548728663695218583540537521411,0.123809859180321121371299935492947515142190851950409866823785,-0.169277095750024547889417425701924914160613644420311214309153,-0.0295198704854504440451972461314605261064869162711132968599518,-0.117346935698365551014309867486609088157019934478967080123899,0.222212921563108465141869651194528510362863024134027769686910,-0.0114290049728837264480918907559973339323877732775076383660174,0.191381059636073783899276014161809310913050916289732598455298
-0.340496432160600290004816662844128726070022445944982278091128,-0.205697409285474730989921886716391590493616022779672070444318,-0.190506260894512490186322476091376892365427737975780315653758,0.134850001525338761764921008061211845099745692927844948260786,-0.0408985520301845650782400596790533511866176288759859187424564,0.114082523504209828055567888316977768179803120672959920344794,-0.212196271738807904832433052880614211461510493665877774363349,-0.273517842286011348358266801155455151865514692322463030705437,0.150971024853687727326046289729606782286188766344977823794051,-0.0838222475170701296211864362425075414509282890302622195978107,0.142091649452237075889116386324717202425068105215501607369930,0.287101151434565683542823885260770344638174820075189369334804,0.295943845412972583806917349698179102746472430141260869413677,0.277220797370953412342378261893812483385931477502416322314963,0.230888292347613506600714036131032995311964499390743957312605,0.184586917932266411109124641434293926075100667661954548200680,0.238652340803450490217891687622540416078889165436564667409785,0.177476891241513903226508133226445673911869821708096281724377,0.265262657122119199015286513044397738204756941027689023951380,0.152236277561419358452537476809173764120415138374412075924344,0.294112692680645036495562209704993193867631779097442366066220
-0.340496432160600290004816662844128726070022445944982278091128,0.0912803858496205944369605884174562960016292664613159282615997,0.0844588339960075206207371155415139059144971508052148854772190,-0.207201830586110847666544732062886518914517986519376142303396,-0.353671805178123288929035644855607735011315838025051001388148,0.219987784481618762991121435383618807053210371107079144713622,-0.360034143375525037955793757579002504377295086434325621924154,0.228514040179182828042146131213722421877744782594488151386385,0.402234524963315008638331949282976500105355283698087770237926,-0.354702176843835762076710080569859642185175731198611174186100,-0.0552058827421300526544724684799888643807368572053626877216679,-0.157532850497133298233656070103434616600338106289431947172301,0.0140965073693253586850619489334515795409693410324327945716715,-0.0445119844074565801966176464436041543832816784642138718304124,-0.00530219566378471880931939558970965524120219561759240549544412,0.0212098119425658448316949791007281114417962947462157630110926,0.340488035115674306738688463345178150169225500990662883404842,-0.115939986474411074815660678270115505043400028032571279327901,-0.0424727536655720373584217410411282258531479545918213891939555,-0.142065175669727027817754477111705751203453945404358370093742,0.0292128500366898023727514499362395939386323369004360918060500
0.238747443270857863736505062601219423729851144946430398514671,0.227224781815928535027910101382457221330693421567162088389321,0.290920647041829834211038393815622423866222185275833749063289,-0.313077603925078271671483112662269318272263189967591867405719,0.399796224096521624450120164507140885324618311384704334442177,0.204233701888214722376414425842727995293055573297498383944367,0.340292493849816016068027703709097116201214544182487424371105,-0.124173715783616239972385176724780135681247894240353442792158,-0.0790516935450425266249951518586403310020448934739054763696779,0.150305466688702102057933511893951997399692891010284651593545,-0.129065498993156416521571849065313371044375548764036696754441,-0.184026376704199568645298542878834288531233314848038975169242,-0.257200103467732901677401660519898016265944589616547249740413,0.225541389064965869583886993051087437175284375586277122116338,-0.0192337012435081315166204469819834147526941790214150731129705,0.244445421472323386181806669906174530056081052563248750018171,-0.0147578784869805545396543506321050888380277218180933983783846,0.0727236735792060441522837711100584145451587126545210274823391,-0.0300978433376609713018894221699106515290248007143007858783328,-0.148574592936056795771531867512552879492379839216920507905451,0.301585786915191322452268274070293773943468625382816945715433
0.238747443270857863736505062601219423729851144946430398514671,-0.231219976170684868556208303957162180362373354209749725951708,0.351906186554863526698241934069940127724476763680258831581621,-0.206672270918105774602929768838130599820675114456129520153941,-0.0154244731893933224618387934642079458314984438260215407997814,-0.100824716993937133582734138599230046495800700790084655251746,0.344411193400916256582054298312924162532557883962915368613150,-0.0478177199768840562219630778428918524780375128559270836630290,0.213374150694924619301079606145782466319561325377146073137184,-0.100131648065684489735385117983327759231415082162746077563305,0.0230429939214312529033947865206294944620425106500538929762158,0.252628936929978261569728674740096835016503288830451091273844,0.107690458208085699357455906849202422164781267930594234923791,0.103292193378423073407448685828858137578300024264756901298453,-0.136314904568104968095559486343691344649919505950138418173670,-0.289514011225518278644380576981981435385513797366933716011922,-0.546228384660665572026847637710314990606047866839113064439868,-0.0976136075115738014615556355661950954196277105838643967840445,-0.0674739882424395894528149004650349401949524391958528252051453,-0.139557205917309259051603975066628399766696663113071048522865,0.123206197346744123149255384871687998559458941031782142587808
0.238747443270857863736505062601219423729851144946430398514671,-0.369952769164068442301206873835558709344734282942551392142216,-0.165214531578942088305643058244635689273871224391066591104269,-0.334204028694273386743505024625732615218412140143352558742953,-0.0192443590738409363601683475324531958078239118093828843992035,-0.0582112949507475300633432486649704225102060427617706808580990,0.109984592715178564643495233518119894212340154207515761207357,0.0390578740115422768362432350203226043255788696716545360054700,-0.119160418988997203449713556325636855713718814886176227229999,0.101526853455841338461729324226080740416969561435924350620104,-0.202572570395410765603023213458544336905756564545822781867302,0.245628378358524726660350565144175475373744104794045272783838,-0.502222866541630127919952018063128916531711684882916564970029,-0.286260791023638131337664839094747602910425212191398181917412,-0.178128474053939029443653864690142011625831612710522367373980,0.214194738606576461407597015092248576192516520615608715574324,-0.167569634385554776017124842568517889183545918709447992264665,0.0675146516634822351650474376565717919311294227392014226117032,0.258366795853818714600847378154484133279592867911902497595702,-0.108415678986133837936173612360021431729906175904819638954730,-0.0310192145410694029607670078176766836525018009745909773845019
0.238747443270857863736505062601219423729851144946430398514671,-0.0000210404341010921639977406805830696012046689285760769011390351,0.104655938864942090226187927352610658863445601853018470252894,-0.313526959367833623098171988044155652911954752567904926292680,-0.225024652834632866929521927135038536093880317301575154073841,0.291199885975918344826147942373506848122703176926865332171852,0.141584957846359377776817974025934473445036913063247847200595,-0.132086259367383905407445956991009752856019360480828497417496,0.187122806245640274879004436947874782322489640742149284011701,-0.238641972498645737817962694867818948251849457961501530942030,-0.409198954441858942196080214794634983230401790764357413826830,0.255101408454312931058872294799195094742284597360372647616009,-0.102379380542131326350361312624898725458318475452886928943918,0.240875309257375305650620461883559539117097922364612761827900,0.167239727823361424912625372418688409014994336420694527557293,-0.153799976022510494649411121715661056713629226106423078635565,0.152924358060478295525041616924365938520565609017457811294156,0.349278381341979498082042078722960084014220926108025168346882,0.137612258575951044336244081223972483812620647092719986692799,0.208083751458062803592857353547603909733195417506063156469428,-0.0926952086396857697431831637829685280134794491945178008553885
0.238747443270857863736505062601219423729851144946430398514671,-0.0380496942296666058450484033412343258814760139151251843231932,-0.0606607969071501655612696768741287535505731738672467574121937,-0.0145569422140823794846235839481724245251283350135405934180776,0.332057994619425399379352173282381216945782087520531421125989,-0.218946445849223068507814298246966639821163034610020896523900,0.335305879859492184044896823158802398388184113599981358234831,-0.0206448700398657346812066571531596911136721167681851571761698,-0.0950034835505403957520661735939790508958676680420263401681505,-0.384143312912582205891628865364912014108744675275780118147468,-0.367234900472899251085521276206617878975807760979168339331779,0.247373674572466342863837318443472136255201526044569823319755,-0.0451087697738532200140206814871230663016718365746240769782469,-0.189142062301194283587245555776422530560492581043065308003808,0.249794435395267235385635499945726510140705907613885185573142,0.108379461195894951514388809953914930197328133642280174824659,0.0271746525618429521764524138799662271778037941170659592512044,-0.0273304360690917926603259430543508899053514610422845865348885,-0.442013496311806107279080761485508501076984849886609655495365,-0.0178911393717195766253909752487236325018867776905017201066027,-0.0694453754587935616276493842853643622717775274549833461419633
0.238747443270857863736505062601219423729851144946430398514671,0.0336631391300095850155672188140637483631856533270575463019782,-0.0812599490283406640341553124132039990693775243609543337222223,0.212945583806940515608524129959388612277192496752564235217007,-0.120186252609692263470780879928942519421175012987912455787143,-0.0722464926843427297694074095169772974386419851260604684635955,0.487473547571615846658823574741617184604917450628453983737962,0.212167047545441939518453128407629069082744083376160788242079,0.149497685124662564743598514242751645766098550876184978906007,-0.0770889949807586992316460396654336265014838420665717151799680,-0.265797176575103111594453877823759328931084182165048419058671,-0.185333061784585094346860698595925644130018122662569732137163,-0.204479819038797008046302824244368083057947760711825637929857,0.152829609348773926495264984486319306420573602527930057808861,-0.150932192026141586023460877985221692533991777962186715190204,0.208732612702878025632867590860224064646658923086026877016451,-0.275242915995371592176964589263522728112138081635064816092857,-0.0765990839204715604495734733242250593990605161326632843635116,0.0745513825658588674753400112360971787093654995884334219969433,0.483372740321781545390074700347861960769686543663322889093414,0.0443528646550999466997835260641539607407224726158795676130712
0.238747443270857863736505062601219423729851144946430398514671,-0.182285421080703992029573482001961526766535358635395674091106,0.252737682572678582016694799955914808176950841955307554995425,0.0664241623227895191003107961060595838106523153761789823610951,-0.341477817863560742790568546000221268777210304691223139567058,0.226718144537278306376054159198299641036817308031402343693534,0.125963929459653888494508672596450666919588780679168797344780,0.191415189042595657196223374106167186924454947281315142167063,-0.189330036096535890790641303689555285649428566412028860757624,-0.351575451687350031537415142437863317801348154193583339163078,-0.160801298863526486600977794381560656646009144742057242473501,-0.190316299581607941278404566094280527847191445943185435613979,-0.0190373386785795717971522305047384207225864722449607644264032,-0.124467571440664393711656324402854553970576537396638658751599,-0.203346408489890068179005537234182959713460316193455436460314,0.219713634206144623912180217903744039258523664343780229337210,-0.0967430507979535962170668175102321537711398883072371290808868,0.357769963871756995726782271155571789732443062146060030741518,-0.247781597145554672797737296721689849039779183516910737736499,-0.254458857477469046550529806527077155938313491085614618365382,0.174521425385811772608243045116418151437096669051272563922747
0.238747443270857863736505062601219423729851144946430398514671,0.101047771450867420126361176629696501837824016815094027884964,-0.156521690189108335138066300026731850664090514084523406853996,-0.0591763273831258641275467691148805340157508200170089029574428,0.150966971988628577096044832780639941481938381575200384113243,0.335278041449316411001082342628619658821951459738339359135606,0.0660114519309756864198523211737188624477723918319127013150433,0.368645147081770294162402221261791891233893835789482870239660,-0.130446966232892590435506262832701534682175806656283461985182,0.220680282297042944050773126408471441822062639185045440160933,-0.211041681419130529993727643548280187719802731969905440293923,0.247806811217934882412356414928368929021933926684493594704391,-0.0445452696195408821610043565542692082378457546600545464438450,-0.165039746582531059339693091082473833489923894322007062486639,-0.105752712811438831679358196587393356593076264539421897682428,-0.316890033655825173298793312626222920437172088533818417109824,-0.214093613678502635907625194905100908153691687217469518312391,0.223899799310363970821614799957449691734110741075344624384296,-0.269744110638949809473729843311915229055201802345047401051409,0.213288909529740268970107528100067057574442794362622700353677,0.320342641024686189758725659927150836937960472419445520950910
0.238747443270857863736505062601219423729851144946430398514671,-0.508309912424371820605381325883583937696740259271745843914609,0.124829833691846771865302731831884778221439017716066123055032,0.302837239494630045222097576907027722005501228898667671885821,0.0522682463905209012889688534945751007694712113496614800229045,0.185715600676895568717706298120349326074693407849866338345662,0.330582047607740576442468145265209559349204329295228275747283,0.185618896543553556780203520277744131973896747682317172484847,0.173608761859639186515020733101842952763474637472779080183140,0.313090679149540384288534058554559194814734453046561086593269,-0.0281541612890831376709332744816861142796107849179832639679602,0.254409185552918498540191759565170035883651805355942118253773,-0.103079711428950842007141896281604481294624078329157260282169,0.202355883363383307795037740893589024108184630686095180502818,0.234507739702096598475522882532055107546515379221843841572738,0.144239664073545475707916837673519633860968136105303049163955,0.168320392808815180738199564370583181298499234455102652733269,0.125408513431508887771930112988468237328832892453021423904691,-0.119173261709331959065981083824361880835574576297457121123512,-0.0993014048456470659525971210835998702252051637328802713823871,0.0847929774957277593680226710865884639896065479894097381998607
0.238747443270857863736505062601219423729851144946430398514671,0.124330203277719640125683495281863245322495479956189071504201,-0.0893238781971917969048536704174374553940470476795680012740142,0.285614865860044084785537387218421719992609388080900935987145,0.196119061089467323772229924872870091514299172450754454432753,0.253088129468250708469531821754319719851465691183096379811248,0.285320774998560329747658709022010458771055332332079781255326,0.153581292401170218270407057036536900017011711538544367175886,-0.204624660307567427580919814151788079394672455313975068398577,-0.245537737052246860488855882663984072589904990681953613379027,-0.0889329870281878321724637371484165333865971243965658806974120,0.255880148310462978766497679066130830257820447752875537918648,-0.220452838875931312616357328396804756050914109688651695468754,0.284209056406225430442810408422721121801514654857618111090337,-0.283639407001795868051828762435605405407429557447395755787738,-0.172959110910942771790977012066443658749657826067637894416616,-0.0648988688921798194661707475841826568635580929518810156801878,0.0182483638162835162897626918444030243328100685756864220404236,0.178221453495464179940977545189550718290682860270461126698876,-0.335822199147947620252105238332388142234270440027387829700712,-0.257113082489469042733040654280072444176922191454125255913582
0.238747443270857863736505062601219423729851144946430398514671,0.143767393580843629778113411102733564863114229889980143815930,0.0933544141527096528459597657285798456250923165102445651865562,-0.00547195152092672577485722092246771185698755176242018007419022,-0.468414244418146065659758382480742191901839859775482278502615,-0.128045592401109079833821972475721998020731658980779696945668,0.315365247009500826489933133956102344882771406376447600727619,-0.0746904621819437611693220441477995835925980387986025395279673,-0.413329915690139242559104492392684409506484781534190918790573,0.100220025156043435196133083479149027958411294474379011225845,0.0245032895533824734598559616023494793032379865351765426481291,0.253629545368822272781266692715688067976792258414094517635807,-0.397757718165236695677474511387346623506704145551662695661406,0.158972036578226388036987892142770543914592127429967449406875,0.103553377016026630444425960085592568315750487564091976266885,-0.141956089119791633806486951654989963966910305819112272841428,0.0639951291457521375009698188572101115670392451653049270272588,-0.134017655008889294626082775716191911763553964569656579175722,-0.234916955133815076153808788169642626182590942962423715665940,-0.00506942829832094744661557382973789715147306166545811159211251,0.187894029590369319948476437594479742342734374160064418609394
0.238747443270857863736505062601219423729851144946430398514671,0.0672819939396861171303913037660143101644894796323268462580857,0.0466236182809341170608691314732222538889934460420985006185657,-0.299142711414537340178624841985268820128545212950190161729261,-0.0501806213693013696553115913578937487132667449602940388432837,-0.182793764134326244450242279334215146834692661960890773591843,0.258319339782389728607225088821499310213708628592839480567678,0.233328557937940492065970001179445957323966333443243896984319,-0.103723157842147070666006986705417124670569437331751086848385,0.215224630039920488665692761768208722805602541189396738868381,-0.00313762277253199815577210944921461769575216848468590986485980,0.255330740853482522413565477459683628623325551896201967991646,0.173757172996859790205126145122778757947491698502809791038162,0.253636736735590078253467588018787108053617982093684553518815,-0.350443797428417975122603352631026712267709200890822819663696,0.255418406749364008562157280888411373644301114039160384436935,0.0390930987355849247509001532769077071342904080439774780996336,0.295711106105624465002476459288669887384050349852011139797340,-0.276577761465277140200220364126211560439524881382579949300126,0.0553117054335338483849157825877769038259719672816438829650475,-0.341065404997932868702930797874468515283637532825471880299806
0.238747443270857863736505062601219423729851144946430398514671,0.196822703999320807767644975915913269403176915238367497558677,-0.313051543140756692063285936039092596638426027627057825112871,0.104171159039249974056226501772430629405642766651113696735767,-0.0492363238182017699771248725519006575874802762326896408120376,-0.128631337140883115889616580047308835103111727102949402523714,0.0874031184081992224238455021796672642667011122318810367203180,-0.133272540683339815878222653652968188887655512679656843473239,0.230565759721295190417514966493794190870949646743183896790669,-0.0761868587563842797379787237703575866321033232534595134487930,0.119923635673361843792716557315841128698878222334665168194109,0.254084928422896730590912624852021733716392098088081121386587,-0.218241116942733815504829631341201937958032689309699411668062,0.184312275639178539342863162338815757899897787741238927282993,0.0993791617339508176062787862006606554461473975156235353131495,0.208548916143434634475030841349380784416249128888747278593473,-0.344723749329566646577016673538128097075055976228378590721223,0.510922192657350384247452565167576700005617866964165465598041,-0.116709320087760189993794755819861538955272916505535974905148,-0.177671537732504665511238561373298868468768429658587684002446,0.230428677134413175957412059111846652649778875813140271332528
0.238747443270857863736505062601219423729851144946430398514671,-0.0946307611891505673210238653454149903790172976950269801411129,-0.00837672911977279471497446747632128564182671259350501281798560,-0.209045383803128569511704911435577193359964177438664111421959,0.0537749735278357672089497771190510921050192804741426877346676,0.196706590311302547437809365264159732775163097043574967901200,0.212348653233694730053026214939376886421171722170594363225028,0.280813355153396319213756144155106906487348554947794906731301,-0.375635766450167883479704840222019575409609179020319939818229,-0.284924713240521005576779538485239166887144911722380496962096,0.303554338922031052297926297322757899333428510207624061918666,0.253553309366466057746169717469650065899850320968672653168600,0.0955284769841281961273640003471378568439740138272523061485136,0.154729809056861630563906094676914760323302117333214411816007,0.318419697992332496561795725340811713425513235033336912798054,0.270001964584208773020287581656870750298523049478820794465536,-0.225319876800912081114747226414625220733225040512147132948065,0.0464747382194114652957682019149062272433428647816178245187603,0.186305326341785213048527843295043598632235360357384829539479,0.195662972525956028910529004875077889051466032530701135214883,0.112874199732213327330631996796448432287599749362381273423941
0.238747443270857863736505062601219423729851144946430398514671,0.0732900084337528150598039530038894829026976469688401082523038,0.323781970618311115569414443260308750643966288487703686350619,-0.0375605469966146562634263728772351889612251626854361276172158,0.0160712526609950785119497694781075287310275543433713580745476,0.0131867026128595713549626587975947717760587420339204412001774,-0.364152894275982444560789043271284497414510384158149592454916,0.395256734808431746041109816768495868757231505083863642734485,0.105809322597211432092728658592637172212882142180087223191995,-0.100293246658073784182379944631837685227796322910749041657062,-0.203886974391038132378854785738146005071744771267972126786497,0.255869867358063578612649805279258155677859326810225041445451,-0.400376753009637110878546259200470769931478992398194253338650,0.283636962672732060979284980339385837717301224139883380743849,0.0768245461245590549873111748261868754569002039308780723210659,0.212858466586090727554908913582224573636604042280220140439441,-0.240966200220499315029454683188941520194073728192038330561430,-0.127455182623723154612153905991040608184673945428157823183707,-0.212403603156142972752234824875201923837583150804564791426942,-0.000376479395789719717287700788398886156375876518179884346517235,-0.0493403795112450750052319494762197668281005550412496257950414
0.238747443270857863736505062601219423729851144946430398514671,-0.234446710349102470937318813190624351407432002821944491276642,-0.295613545202038999760147450968982770594039822491298201650404,-0.356991668209531413279387168717247630163269712322490762578411,0.0215342903033052448821393095348561104916452155792307329398255,0.121265218878239961339424926617583815666661646964071038490081,0.195381828333282971511903194908881318358842151176157776294679,0.245729646464357363985183813321325816332661431820174227973472,0.176988019580125844779742466953293376796019674998546960599721,-0.248914507842257027729859491950767822718918209292546727998882,0.245117682617839318434706672135022600426359459967803876909852,-0.183457147886606496383241127708417206356733515255555720480766,-0.368951472787119471268214540971002019434345188029047773773885,0.257216687891156058716231080796143954656916450975366469461486,-0.0532215148923644092985021014796291393251492319816299454465788,-0.164677644140548932256552945656498405602377632503291888645462,0.0783722847882392436003224515478079536829103716162284868438831,-0.0188738063138342445746347999947742953720753159704168900541286,-0.364558690612512911726414191305962811458263815995261413537017,-0.0283828038482920099569939359563600125229929130545811814778575,-0.00339991084934206372661914858380939773010543178107568208605554
0.238747443270857863736505062601219423729851144946430398514671,-0.263825948688302058898639927255419839213246782010828674837074,0.115411464520502942370153633554491784369648071375312788350044,0.0543167275254696881955209882792485676415087445648956061833651,0.0362753711136714464530079496631740972688257743364856194894647,0.134295327255782721095300809958654342227941296516103446901688,0.199314069668707716798523437003889996707625270014875761277497,-0.496977116305399887413726394020810768039704470147581585982542,0.168265246005994679234807194678495055075928119155484073879015,-0.0718724470445016523396518914979776807987963579989297187752294,-0.0721098029251438339894320833312973980975685403733574666916833,-0.193193446310531496702964411879754726230980165133406600606357,0.147200229698955766109532789757854888829692242026820671752941,-0.284569238096970340745763360764251826705861518448098297430957,0.332929800477448149165065514543161782486321841128385090443858,0.341890451943909226722830145263130000840216738465875439558078,-0.280310189202965607931746728937125273592402714052625365406132,0.140497106075927406858649304843693392101869711750483710745790,0.203906635859120194069748266970996727196323881870205009622431,0.0677579701892205212719602351460788164835767366569918511249043,-0.0140840819790072180502569668283601793198486909500065847967882
0.238747443270857863736505062601219423729851144946430398514671,-0.0193930907464482230699663329376286920605860513132781939225926,0.276032142070959044954241210813202966061448304305346018383453,0.0587719868222323878786962422300168941540699707023170674065586,0.212209602155953407828003282669618459021961555352248852764215,0.259775515308764022513758467861973797807200067080407968198657,-0.106008264836346927968250984784392420055019889649028083815012,-0.351142285779732688786532865069265716635380999803744412505113,-0.0605796849603262254519774291262588583983025576002070766725652,0.310550224159388222990093021977368524093630067652428711777083,-0.310228729146012493479632776964183542762628563740582703546836,0.247405301605525483227512345299235451416706389471938441843770,-0.211251161298226134946698095140005497586482804902844169765482,-0.187382144861718782031257224402647627070717947498239727131877,0.196662572535997812032536554326518265060290006685802139772408,-0.321081495424658227468027152004695803228328733502986372112470,-0.0372771695637784663399894789843786605687653523092534997479912,-0.288449136591078716614995072565911338629955477302497985468969,-0.0136978676947662540158175896074024978692970160122681505476642,-0.119684287285820419070407925940432030207296882992120572488163,-0.194281061125605633363827533490124593739611524329275894017091
0.238747443270857863736505062601219423729851144946430398514671,0.198278385998217892050308309510670935619971276076093951548724,-0.161333226081091767811809172256492052470347469039259734119744,-0.206508543017110316691184872738701497402118315823525452717434,-0.162507084420776649420693549000173842557286471342966170155447,-0.0290446216768162831541307039282834924734625840385594559246509,0.224407409650283955459433572378216957281739556381151683424186,-0.536603884344477630092095171018985490135197817717522641783208,0.139100650994933222975358573732052416283790007565597047440540,0.192400157451684794840548087685052898920050603918299419422615,0.142983389111846058323484334112126441510055126653299239733458,-0.185011737942572336849817165805217921076133896942598028637763,-0.223653527268130359723451924095168375955089443695710617410848,0.170709991369435506448964146230346187557250274440417181526090,-0.258633602975730792971162898979377747555584013087298433613515,-0.141364128796947350000486392575655003304777078494657520070887,-0.158745426200163592530154858051099732818030797992202602238599,-0.0301302793512731501626672289475509378071483984749115892652941,0.166322173413503483047151017133121903461527116507099376128276,-0.00122917815685301325444479862711437275083578708675203145816875,-0.372297879929674194496938212757340829465076801374350899344105
0.238747443270857863736505062601219423729851144946430398514671,-0.102302535188346101375412349903511244558530359402947437089145,0.239617868966752266132892642170670261525531624421899474178564,-0.624817419539804026430083900413404788574490788067069876468059,-0.00198051438554092173978852726702755708880102721955556464322587,0.394817764157604243442480629158897615087042559398405694101472,-0.343288364169483226997397804852350709793971839141516383081458,0.00256866015795508784399286330509633825651548211548275294466710,-0.0367555065203847858417478874398038693483211777742769164977429,0.0836403756239070583488211194221316637554776598612686160029355,0.112047200424287323242839918966504593615773606613030160372753,-0.190685673920942491999339629032677103610401173478735824187471,0.112596777081404371844360800633522053307741306197230473922999,-0.145021770763567516464078247699481072170987356960734055607633,-0.0997415114289694641134988687393796741778838588066961284263728,0.000294722655572998338588073438567604900292295245831859319354041,-0.236871594413414446305010723296237949002239517281638909956481,0.0609374712654949657225589505851112358675562353937547269155241,-0.0560630993058015285747930498918316641197295218429371032717748,0.0934243068628615964619070507965015530571866364020680030710898,-0.195880181059147787087069520820645958325955399045905533913533
0.238747443270857863736505062601219423729851144946430398514671,0.410717709316158506529210530014929750881050311728806102119445,0.0632427237806690022048002611242598710808129070803383479788428,0.0821626158354463365818306232693533264511432757653868069341433,-0.0336605903955467570153080784023955073119430407592088269164275,0.324034608651184724097569600840735448154150242908455281250308,0.225632000463403692384926473852595044684877409732745322066275,-0.178338103633367246507128288256926533015458845070441179223618,-0.506991230673809382777912458070691896171156518616082605572840,-0.0457283597157781252662301175155324154848034204486358534378013,-0.167534252713527374131563275551198413834802251291804318463247,-0.190245538067339277196713091945551038286189721293833593330132,0.260627521219645759021911583568400430715499678623630599483254,-0.120529977206888316652819336996607014903939698668813185249689,0.00506676895763341768908917990950412615163374443320754634125098,0.0149623846762922950826980889669236365433871911538086759326966,0.0768383712358476024486850806084807510327124861282590675072683,0.0393020380672348827410976524076479210226020734309145566037634,-0.0751071639193122169177707772607255081438899692961182482178174,0.294085377688520710325918119350712062586200582837381493569068,-0.262759309133088246671603197771038585182952411729920770491178
0.238747443270857863736505062601219423729851144946430398514671,0.101109775874512504265619193747509214012542197049635335771280,-0.0160708249194658356602574228368777400907020817780945880315367,0.371085145709927973652205816032785091393914030517148053668306,0.120071782236948762716993802648943090213113652607462991384577,0.259607225231802599196263646486078896744881642728168776030579,-0.194761936283551907322900680341656896676837062084152522017740,0.0382964969246251764046479280183017356065374403585587183473296,0.0368436616433685434657984774910309606403732810660483382776878,0.477085340627536461193841247293100466845762638953144155028833,-0.100691174694940136299701017694393335829147672989998246381166,-0.190078327102171312219733726239241020397430405163541637265392,-0.126474006993283666176077066298687342931063821960392447928672,-0.111225358176694948595193261221496662893710276523268189467052,-0.298145363402526755150422609551525160884982554903885213839950,0.363570597062215146616035733695543090688900279500965458911692,-0.225018355811135828037871548477479939810467512102962845212033,0.210294611389839120981534976384774226768726009156178887491611,0.00643957479492204250070639212487140908905103555551833431674614,-0.0891902509485060884484202831240576002695780454102544757667699,-0.214642101456226675946023254480066894276099451273038339832747
0.238747443270857863736505062601219423729851144946430398514671,-0.00953000854849945246453575757776331600336362213355196005466007,0.0344304984728078882887536620483106810584407141098272506961959,0.0158407922905565483877418849823546441658013827375192831340050,0.0185687148610797895603257226402957325569942513581769226058095,0.0284229348257779289079189939489280765700265663551688350700974,0.141157127513358063746898807821466695317439438968648563044536,-0.310446680325836007972112673509453140910568762777823224928478,0.0120970829478992734477772798682552105616928450377257724320659,0.321297181412915319834047322750758504746537099936472208584904,0.242618212309806681430914861415731613926359746284639344424984,-0.191013488731074216650256622590640512541251504494049841396460,0.185228380480652269753375235155564276315992500768031472180099,-0.163263349105435973598329976802660941613534400376772117248366,0.0516980965515442033333934916948652534108876458138325682853679,-0.111726898075068021382678352208361124552897351479672311732184,-0.0390227051467486960675655938875628917229568293290036135712242,0.130522484470359036123694024126163556198319268196034292664766,-0.697410004734864194437817983440668083588374026947671598067277,-0.204019731062282168730976587608309321565669778778528274662216,0.0510452748016040199253364330733375631324567641318985723918723
0.238747443270857863736505062601219423729851144946430398514671,-0.389464995283878771745474758981861906530840747072083461234680,-0.119573008126744330514735548415300197414228755314533552341444,0.254799360132571879096420193952244872771661152003347996562270,-0.242418210436257206963076977034305381232672673434148214360076,0.351160323516118280180843624260075256141872871712770278613018,0.178060495822934223726403114997495862787277569334375857810406,0.0547443885143800181802393519760756282250774421117298473775140,-0.239258209754918300122815895527970063965491928082167852540561,0.115684922974244653869261912193024882233531291583760591701578,0.305501208054084263879981934564402833489883693781345723451110,-0.192530585177962895848686429986796753872396059657944944293871,-0.0571887346617327829786859359102955417932285614610088502556841,-0.247683676780594647312657746373191035080205601302157565306639,-0.0851901402218737633215256414569019639432071733381868085463789,-0.260137898364216267614482565485852067515856732489981359348956,-0.258931414924198168360410068296307513368695648290559816189726,-0.267671448776832686096746973083985507762307546036251038102963,0.0840116849948514974825210572976658568679679913609325226377090,0.0577919685979194840868086504303550546813497409945630176889376,-0.0751591833164475999459097120563895787870103415510801190417596
0.238747443270857863736505062601219423729851144946430398514671,-0.0708799376974976488457933975237534775674727825090450846802074,0.168581773911549214415817993715648583078034907659679975856837,0.0888445304951837840701403474942826354683292999682699511838790,0.445538939251022743237203502536950917413875778060452282217456,0.0711307714575117168275182374465323066845866480794281936147330,0.154280294873137482782188720584357142250339653895432762872355,0.0344138679988429163942099508908355784225515488990893128106399,0.100890952579104883019497085309619311632612128328374041744019,0.0208058369424391111084604481878114464698608381394539756083745,0.228794840301614019178058269227774748080208796394718648075621,-0.183630849819893428514093954181982910122458936681189990255094,0.160128635213579134616684394302089495430393607165510540985584,0.247550872539755813478052437661880614340816657326270535755346,0.0851177103716969779741316153356125451537030454177297366373103,0.162881854619068130184899787322120770727821543469244238030506,-0.146453993771094729360864783565073430958030147680679105668873,-0.418430248199181858699287648934017786659780348713680908603319,-0.149496733608341676371977354006368676074601319576855389983601,0.0793542430789951437037670022577905211416394450692187372714500,-0.480161310572736631065020708249455037539678693848619835351723
0.238747443270857863736505062601219423729851144946430398514671,0.141119018199147790888475960448042808159444997619341747249648,-0.114506716981991927274534655485204992220439109512194307461887,0.247004777624780855105407262442053453490259730418348610442808,-0.0146763833356491197097453557977460078173615093887987246306238,0.231482074497283392943508264576580009469657048761232551553679,-0.206009243541088955245672620795348660302760359322036817792824,-0.106028910889973032613083801190932283422093367062255618135521,0.342247662386717522182526126611442427222904021713483182200377,-0.398904194699050426130521666011713133028200796734226486134659,-0.173362837157592788295800810639814499525303930196567911790155,-0.189925855097458882149539775747165016243546530272697908330979,0.0135241647799342153860373344553282906265533891395309216624226,-0.102740903133965433649029666289785095711130256329762114285316,-0.0277473750115628448946455763954294277448069951520213297959019,-0.315384603485030896331681085284746949940129393327879244919145,-0.381439889772120755866547388380001330628459559132912618832272,0.0323459047236681346284289359167099628327235395625310280804851,-0.278036348171256061576704747908395495607473498195765940102483,0.0724260358790168161687073596980869710119910922001883950530418,-0.242956322692723716998417980102662558502519104758517596196039
0.238747443270857863736505062601219423729851144946430398514671,0.238921457924809524792420362779073117098281983937889879930485,-0.319152781631725826274479834054096414618043907015949380076055,-0.0998146052953697248377410856020674913988697174541884843304129,0.161183855129595879314675920872051116636770347432224895010853,0.00373305542735860985753765719622958198070479538485433836213504,-0.165654177989738812918951304712660420278130900872220140234195,-0.128071636340032692077548420193908628456257514013560852058410,-0.154612365218686693778494356414205100391999784940458812900205,0.102603025982946068728795943521755215353022463364769552627759,0.142792065591901387553856267462801675218446036146365973193135,-0.192180523959225252936642600777396471968678289608568094718738,-0.400212390871023293484487278017669819070120919244453603491602,-0.228204175096437263120083211767914648722921584295906271306958,0.312588570962107877835212317279105650314469491865871935925307,0.176238146263041057656215318645576052145114357690010978552603,-0.275793046890808046859303895818838442862249157529717718160806,-0.255147941808949744696578449678987677519161115757580736373364,-0.188496749650902602493200956966807474941653198224693302532044,0.300104927574070601177502168473714705453887158431945003494102,0.0687514123539280247462495642565774850550543844896124091153019
0.238747443270857863736505062601219423729851144946430398514671,-0.287977980113418966842306453912309995948051947626603811239824,0.0387854127773789481626916161159814894964310812819221922456856,0.0170453382581959413123188316099121331101247823102628913067522,-0.398674490606283259117535635554703740432720578970169413958811,-0.0396405092987336848704740594688993597130637906797556955569920,-0.0904568993530098547408172353590434799827914602654157026197738,-0.0849395671457850705228482184273101033492776719591707403018256,0.0565111551180154612515397276229511871024234684987778860854212,0.0667148799902587401312462470068846982853385067954609896342359,-0.199539350183151869545697110103249245341505134212349488405646,-0.190627342471221298621600225098115576321114550720506642640182,-0.213353013174484566851316101127785601025215073127026733946863,-0.141775859727832604201830058063546151023039778591391052122340,0.0901609789300146923924340658358247738416944966509402537704149,0.205970876494242054233471035877481475003355630682422067720193,0.255451911660635314608755085456953551128858736962977008542311,-0.118074161316680753663522657676148195053502593215846325969867,-0.326333956661716087496605199687630967739150115673057547118008,0.213569649164743452615892220691419999819331244407643256507123,-0.501087345427363536238193553423507576789556359488933286112398
0.238747443270857863736505062601219423729851144946430398514671,0.0642303668839664385113070275056534812151845628658905531404107,0.0830562916627454705216615982833715508107859328135701594664109,0.0814474254851230364493521609159778856151965833484552827643893,-0.170353687426179767731830295549522528205581260856778735231883,-0.192438282899722754209914704080160420411913733820308170860498,-0.203226220011823971532531317602875361866048856998224369203123,-0.214002039291598215269056736087262853046585502682704912557817,-0.355257739457776224878158388867045690528503114653034784909340,-0.160898200481099037392786300479838993056187118977779417278569,0.208270945405269225378470189384685662219739574125331742761948,0.247086126875660796280573008935823016054576144700438902607731,0.0583546684107891406665106596623178460973069195141797834857952,-0.205142937417832566651893016459697174372918789769979111178978,-0.00971362729527008263031544052603375910233407162270746340131177,0.196762427483151195546041272275602577197345807858112819585738,-0.397320588012107308826935578956289104205003318029644960741587,-0.0686653199955362618926907051920172502583900415760268772002432,-0.100378065318173801234751742252654533966877560404046406068584,-0.297010477514111941872987662684951754767145447917491753349745,-0.412914710896312680685066102565534506622970741927191981832794
0.238747443270857863736505062601219423729851144946430398514671,-0.158410581375991335404929113130643617537043476244533064976012,-0.539158566703715204446855419129609807361080031006555667188937,-0.0403411286913785724217007303027632035134226878920097544648408,0.234141381902783686637093215021525719008766511719157786666636,0.268773821712916556575035697329398219782919266772033646862954,-0.0472398149496889289598640307130995935258248077451421560396384,-0.112130194776549353431908971594322619509894625632456606772851,-0.00988318948425032603105893610998087361686410117994561189514060,0.0880992006992736791324797593793228069279017259073494402068760,0.165203383029028025973743875038260163794248359695510088990344,0.248110230507312618252042376407600177288162837717272615283873,0.103617427044601719271008153568107324882734342410718268015221,-0.148155681047499324596827537168367814796589654136929972874984,0.191314687574261983996242482248874181514672603262347702622217,-0.0493525676129810862104898003113274040201113993799795384893598,0.105412376244090906037233299788678254971249564992556554065335,0.271849364525687421644290413703962521411860859474769670291605,-0.0270218956716194636213943557460035831076344759366933455608901,0.0495647341772645428367177777248249570190041658142822800451231,-0.476535097786459693206964552295236881786574386811495843390584
0.238747443270857863736505062601219423729851144946430398514671,0.110399186343528184722654323893895761001842021605246969352165,0.110139120387718136358831924445794889507264525366660483229791,0.151348165123189654422943848394379827262830045731520938597137,-0.325068970344513115739897458255193956774927651274431533890542,0.0762109682063918350406356657022476980999823349528435366728733,-0.118687806049920711348830029147327031088167504998175814223827,-0.0785343660976284815530837841141186834060145553608031898693963,0.138692703512568951759570745743317868383284148891483403925669,0.387986620600659287980148207855389369927058906481683583072267,0.160945836922693532381865694658075058096375126548491596373253,0.253795347766028351606712396004478266793714931745405617622105,0.224523485031076227557846594035645176876380936632794147607617,0.168198274455303862745600187056451626525037178745078376438733,0.270477581123847585356775481870132407917894554316501601751833,-0.0467608005166415202792632460701995055735965661333585778565417,-0.330348026657475064975654883501643126108165727793881807043230,0.0342272134449386589596828251792113685351464339665054445065572,-0.0621515088673707868313185921591765083780285237741435783425301,0.464005458209491874809333384005119955361102790336234387481034,-0.142989950076638500286784755284724470463513294595869961119917
0.238747443270857863736505062601219423729851144946430398514671,0.0924241490005099139579492770034568652398898938558881193683922,0.109125490686182623846753234086740126594806518258358237984954,0.168355906101715845540721424356307675790583771650401757591011,-0.169670903941767201336993815812668911256250543813184517108210,0.489157031774028532721999074819614699997574388760225878728277,-0.223316059072212867571758530553987010862295278321289691707800,-0.228419676329509316575800386747481332190857827037443278508779,-0.0736673375442148098204185910552350176082362873418460701422222,-0.0892166289911767427436676599879016273755634531697781245444738,0.322571529211845017371991762578253397713362233565856562986121,-0.182381203773352448187905817069334203710826304775835139966923,-0.224508663146909200799353721747248373768753968687571514891235,0.317088658976017335852992182364255247075322793474207673327270,0.362478868727120027294288014578098501340876286665838421703031,0.0876268625113973416180397279030732056735509874224734561242898,0.118874124447565009393329018710016360865720220299461625181722,0.0764622039296732778002987170589911230045782655640166980945931,-0.0246376087770991389481377263296505297560641820846261067891483,-0.225821843179264063302994058143607900934577872453276893188304,-0.108610989609841201438775883617571569203996635617243350726638
-0.340496432160600290004816662844128726070022445944982278091128,0.0194461569005197507086081872701385173944141688801650127561045,-0.246749169411593996046690841007720845554386207515875062883844,-0.155186333111503789266452502451675099062742672204880212252191,0.281873425341777317320835724398642012318338339634888222836202,0.159256396760116182503272095544880278881936072090045613565477,0.365747264464262097832200034321372955206193900802132569519921,-0.0231011129508655288581236292646276751448765074526032423295491,-0.143003920447885673413550688714670493442753032103711436534617,-0.138370466648719203326062316560383669420817865341488577775146,0.117569450639321685000446252301418781469541465026136195232540,-0.160168467066510267897907217189054200770775160952556293474287,0.0198335715416309123680593538114578793183568419803706540418234,-0.191173467182129393432184469075236932807440198171121232804316,-0.264472649352289404605154819499037282591115144122519303411378,0.147116416939415301801494292553823906694094066933641546426400,-0.521696114161041489574653988416883785601959636043477881944375,0.162646390148402067701272784535853385469790724236273062703969,-0.171642417184827189295076658506078015623352973253640241757051,-0.0344353971334701039752078128863752999488426859484508053485385,-0.150750845063057105564609190885769907434264582168066202143291
-0.340496432160600290004816662844128726070022445944982278091128,0.0267146417703639205926944193445139157293729828665822079062702,0.350213709625621689529328162396060333674933974007079452762367,0.0447701555292409116181720041984352869238551517087947901222886,-0.189352416386463389198849484081446264757020956033424866228008,0.444825939007173968547251939800287835187956759720564826953745,0.204915821449788915323783252411370673693246481985533375436444,0.0809714327295967665188640045044368415905790217049679257637040,0.0632185216924952981822587812340854010275507949293702029763695,0.220681291652536021788428836403856138831443792390704073803991,-0.117634201508518624093609086891358436245089418690080990190885,-0.150983609059628556332052053964058229253075191929923566328158,-0.146941071894302591432983470663544388803484905415586041337336,0.319927013068125260307851637482135347245006698219163228847515,-0.218142364553073310250240197966304236117302404279926727707569,-0.222775090566975071003693992529837020449698026149093016239395,-0.0943399702866730644410576656146224400989328851541104733563745,-0.0295371545167361100148305913044006284701656682034609054467674,-0.329057850794515486301216818400773835084702215678073910886182,0.0713905141078834568441077380900413499757756472079255931501147,-0.206844279028855757630381025077456971195433771584186447678881
-0.340496432160600290004816662844128726070022445944982278091128,0.147261549553393472441247047301392315977605992635412110099593,0.000307592384113432298380101563901013800936770237768970502383929,0.0961606097871104972311449503620090751694458744462981083630268,0.0615242406216559625637664796515595443882902096242827072535857,0.0490663512569496124688559140301082183434830490331177779177513,0.211552741995656864402255895813366390208064429265442313346385,-0.215037789355456340296774126734108864010107431726750931551197,-0.151691016914520839377063273878244755938560526326989457733535,0.138787938574837247892043247688385854190741521214771537117030,-0.138957797773283961764257914767545655431013262134379479293360,0.286005385960699019438363361057717461452262705859659104059487,-0.319541398592769962154245025345298807662207930383845490211077,0.216245847130537298262615892984578687233789732378419328675554,0.275907816361631588431000536254672597716767718778557754329109,0.453471477105956219348731440176849861185880317193767361704601,-0.0602128920893270599316672306463548805819599204467687392031174,0.0366622440404835757530372217619252408297782901843274735062199,0.0886959954232318206123811495736064257291816357870331262461868,0.121787801182347454557480760761557583478008108291643713231880,-0.392760312049423999175369663840553746291089448571925109751583
-0.340496432160600290004816662844128726070022445944982278091128,-0.352440677603090421906898723580832724962084374031953597844446,-0.00691830979630492595970767815013044052331012487106359780410182,-0.125217509470560763495608286185226611859572532221268564335909,-0.243450479362351816621473927969494391281510229000750221525552,0.239143907923500156722621279579817117422704597308160060101401,-0.108266134543119694634452398837758139558002944777410699835824,-0.0735032491000049156770734662603282383748581977680261579976783,0.00255248034333738211443569864671170010402190494842422411883134,-0.122634406422095570085462240959729385331021181742721846116601,0.0526676930395124948295708823387118953591862967237365174536531,0.278410810962967953504631101465074213259571551948526469699287,-0.227775415838546359021234801916556372063548623128472519020817,-0.206361767024048514588933918435041947104347553393596768830771,0.428714594830664230162044595449142810056877417107145087324917,-0.0900312153087289850879691332978126546960812416467635930378693,-0.291655991944294819491331062833823546666227711640033475671851,0.114211388928518803511665815078498152735724371043111505171745,-0.359131813525689139070070851393457831660666323620509969277528,-0.00991100450997305761270602250879059328327614400400757800048276,0.0406947823630813328613926328352166606993001899292374743785634
0.238747443270857863736505062601219423729851144946430398514671,0.0617927549187004981119637194879749999343516376401837523808735,0.323422941903628973193052028974011074564014241197723267073829,0.195796686014725170932125248137190568026791780497743005370132,0.222149605261709535476663045044124107096968743885413484666935,-0.444436667387724528379654446555559478997761585773964297453647,-0.0911337666574478406989580571538877908132513725062406926886071,0.127058688239498951758267648169128472738900477020504857626300,-0.112217231800684229826059446407067006965942766777075766112856,0.188994200863570797767424862575084190074771645388872147021127,-0.0687213016956468743205103507314673066013515690952725187695696,0.247527279209295427283667505692896254739813489384613424991300,-0.0902655404873360979549739077345022366269882422152610371428035,-0.180594580827535170074326348457278373324653931343434866986488,-0.229364617511136077996668094881965448242795785816079320070353,-0.0958505710086849119317060680544489686366463277777588873867584,0.122819725620701389099623654134390323690043251331803339105118,0.213728107703217802831113648124963314698106479825335899092019,-0.0510703349728374724807032344532325445031035070859722975453035,-0.422207137670639966369650054880965128723994030085854788969933,0.257732125131954584952398143037710866014185106060081703433901
0.238747443270857863736505062601219423729851144946430398514671,-0.0569971264061361369582523895447471653382292421164860615359661,0.274004894328227115819947607755845096555053000362977194181542,0.211484981734380284204022207342569476557641570145981124584034,0.280634910891447373611652929134311778108269394252335798889619,-0.159087761128732244789504455263278975162979165887187966273876,0.0524204111160062192210745334192969347234364555086285206316763,0.147200024712750159465594505958774057616847331799266188540238,0.340099369826534224190426491682103070058030997225405723163814,-0.554616788891944540597863167850500558606449583275000858957992,0.0642409360826526942968725901150706187068361687603573288909178,-0.183738204615293075812631976448810640680392791304344327483201,0.00497770248547805505292112395991527298407799589739695362618246,0.241577009095724652832136187472022299150360613752003604209819,0.176774045576342487980155691176843953133320790227365624015539,-0.0211056037368330574903475313317048250384263909511117403162816,0.127474160738278496852889813201153784687053656933858066378758,0.137314271331469693826386691191147063298452184670167004507212,0.227320819154815289699601446497985321543737717824740399011686,-0.0703965612812954483875335557229155714678342518000962057059396,0.220222072043070686210952602369880409484276020171691841543687
0.238747443270857863736505062601219423729851144946430398514671,0.123263559156536346042707698608180470088838088724408251774135,0.145945500206642884253804847498414949386393659356504163980086,-0.380488024509960538938710569511480099843745426877781169395286,-0.00466447078107908998906137133658111379462250510349598634823019,-0.280647904152328480320110734800488011598441953439703192594603,-0.0965978403726795702966859052358885818580265828980659386275138,0.351315618995154858938028789706443996949660115009516764128746,-0.249692865534699613691086903240932657508100000118362115119464,-0.181408111055132814573856186977990480285582093606829029621434,-0.144823097072953779275818078414958200549556982307346424050536,-0.191042066324039108412527770436562307619678690423601585341786,-0.163365033659530767338294771895863345610912142700057988144779,-0.164853577444056884855395036277801613759657433517727576616662,-0.0455780529956154048876457457113503094197693617309385316733098,0.0391201785130692440680944395307810456069184084200681060492769,0.381951955683716750682367527762424576992181031357175522707681,0.0853854911699758885841197845672703598175039005141128509364651,0.0284523617347374133719522352311965011924338742998585120682642,0.383337366379818522982355954454084385139153858502861627484206,0.197640712837389297361880017889597764145592689871311934378378
0.238747443270857863736505062601219423729851144946430398514671,-0.126014768972127150697968965234879757370572368411801917741247,-0.220263952001810894066431602857796238225168058524445388393600,0.0118729376344415199513664157092033099217758938546900258720690,-0.116025042301573203453370595794617000474335497511335596964139,-0.288570117741730232262475506982250813577202912246138998560967,0.208556022388538800278005344057484298554494218861242298792625,0.209443914123632096121370534117292877818884611173835477924368,0.0855570857468998611727478278286518554387860698951416027884726,0.107062378867131522366046200360784917764171565552285835166670,0.298610979926117427444001940384044743066768042404355736875049,0.253009100461727920544745591300339672040187083558288122083648,-0.0195451557143945005401708306249525855694660019813518821505205,0.124446767951628664006549915858592311753532874613898715418248,-0.140631193955756160259099381012514308517838313225918304371532,-0.408420584176898070639752821155010328896327217214957182596018,0.150832889118713578821311499257059563181818452675191963038425,0.226014212987686335704621555174277439847532275053547984063390,0.432033073438285996151616790397498143086561330896859100069369,0.217811727148631786930953681564503021836161502492506576041977,0.109637368915615076018889755572059201516210170592487113631098
0.238747443270857863736505062601219423729851144946430398514671,0.0877090258382212672118080028070084831676085778489833390643993,0.201963822091968706226980698041852534738342400937490564882535,0.262278931459777107422962737827517769931207650988957295418694,-0.0461611118526050985001426076886865280106778253707179713619581,-0.564567180740926707174863391509011729061800547486268905312425,0.110177523448165564393722703019030379343114941301024101273598,-0.257638163717340881969332446574347443716913833785848772208442,0.00430972223745565485727314881220601900318606982675261181548231,-0.0643503294395917572213147672246052154539928050752909058281286,0.0614157401111761131420067309296733457887734330179534232229506,-0.193136407276686951327590393275312077043827989224230693926606,0.121230752745856710111801662077280175589655209856932206471102,-0.281395244817039920032081096901858328685656881537688370695403,0.0866758591907172952583680000583635140214924597164061782192458,-0.318481866594519246266227866979484902149913348188416101407466,0.00380874548266587193637232570721274245118144015643950144407359,-0.327689556444104613667130650588062393238959685239033452128018,0.0180717825092927006658811385886799467675050496607579194980157,0.264722122595070554756578259974270816234479540842190220471892,-0.0220832913440263453496279370369723398127123360235150001877150
0.238747443270857863736505062601219423729851144946430398514671,-0.00370546549039281937047091511061452277723673898935640474782251,0.175719925418325269364242521858485957264405198113275138288824,0.129925684074512959505587351549359170072768423966421719683645,0.418225583948051462628412147557772701934211381555578898776313,0.156431410386243923438531733838364618308799911231843477943447,-0.156483087161483488002444019521991453651418992242763672053953,0.0633066801068368893996752332786949823408135808270489771859267,-0.128722328236230025022073339294488551003645264350669183721726,0.365797493409281435020179281728528704062295883199823884697145,0.321805135508100915356215698997111576004398878275295915057174,-0.191414490103467907734866712384800403465966095456968848493966,0.236410373364709107442880760707780926463206242921437919135005,-0.185577465867814597906740231473062363303719853485693094976332,0.267596013101934705323517434358905518198348989430752055768865,-0.0904043451341245478088134147628977030064947501527695446324272,0.226034016878096863787653719034919414224630287206039300118419,0.0743441970811537949524367062278603704305597464074534214461082,0.236643366398314889974527105025152309746303506389274067425882,0.184832581364850891701599944062380899013826432216805744176336,0.244710653173173040020263381780789744081036231377140347623202
0.238747443270857863736505062601219423729851144946430398514671,0.174527712895071317367828569997499571276346503956263245555155,0.0957767429948265798728253041575864865190151410680227624426609,0.0481195471726985544897761936267417019819044614833191201707555,-0.243137331996550347069893134915457913492231032429166531028293,-0.201289092157627055896802860994422484562773809785582296845056,-0.324464737724295883842932593253916808438582768699306473466497,-0.212452687925808861704050738885418813413758837480534927015575,0.139358189962128133910454978134618974598252998358972331871430,-0.0593681904893305576038831971112585944522258496695052783384409,0.127551516695492639720312153228587898422936715169228885620462,-0.190185565745485721369103471418667809985662063836768393282596,0.308108345547464860578364202538067687844703478058322637293850,-0.117192758223414707440661656323467131812124890726034129011539,-0.0899601568983042609885049134157698103747939874903999326456147,0.00363763716696560753555630614486887040702751562308577396468078,0.244234833291158397940496462402000129842182971015252783367044,0.596931656799264282461014950409808315573003243460331873542956,0.101270101009073174043309190308829158829108248732830969058282,0.0199271700686661435813485559903871951357072522667965845692980,-0.179492404969433104374790347874037129103402184777674814471830
0.238747443270857863736505062601219423729851144946430398514671,-0.0697610392178788320109230778724070865871032591168314026882808,-0.0628910974740033534480225253991146579354626930807751417733800,0.0475860328626766037995153702013119747188580896935310681575777,0.197062498436261383009445661783759459558261804445711286143778,-0.139871178772319345777686402837299795781641839023137457398267,-0.517833259587077281822997164976829078897236859204073191231960,0.124667612452035726874158839867104180050109717794546610798758,0.0565466353883882049114382991455235001117876299774371593548184,-0.0803876830864689443597342949675974495722016332845939722031139,0.229021212299371725440551401778330325390709655876168128385323,-0.190325331749805448933447926036404147126722282486708478139141,-0.354943288476401689039562356103605380033798540188713849481698,-0.124970175345916762807978285010869401729489909236748031261464,-0.165456923629576486500489324682434347065535195020754834162447,-0.216594628300663036156934317592303157157152272797097096425502,0.171428295601889575743353411928626376158719210633773572740005,-0.190192151917987212934351025000000958641567744116642462991790,0.282811288860707158402651311612159449277300796580253016348079,-0.132203941461226920307934071845699435762108182507440051203934,-0.335523443106299051647390299238340155692096455825407162111461
-0.340496432160600290004816662844128726070022445944982278091128,0.172743709418369176744008084259125546728811763969848306094031,0.246243218375548125325942200278596726721489625245009736843744,0.376018927565134161333754716938805573126784648008958960033641,0.106024184209964740479805758780219842233416165001338255337719,-0.295032419801372429591432155763536213888709827957072533657160,-0.0669851217747322259979692995311449051196285251456881500403526,0.290406814457142083513165238966321230829736190714899563917933,-0.0916466610894565119861341310414046681542463605335588617641184,-0.305485420663646323723167853955254026224214374529552000324791,-0.190736843153872974693652856490485047493918420020302374500357,-0.157883419955886649245933879147808485184568822588444942510548,0.0332095039407881057283461278567346818818727107529679757420866,-0.0640197676084230627723460596986529126311742955377768527473663,-0.277245910431015964099128475549901198777272466390968570622703,0.154768881893464004078340597492968961421184200702368322917694,0.0631678626525986862184151876305408701234451002897540715389426,0.0602632004010978455801223132019331569849459199105269205496524,-0.110003499938335269435414487360757577556825436976900985948788,0.0693625244090493889381845528924103244420704830566855758055985,-0.414132125619000673814974026527227497689590798754225379829158
-0.340496432160600290004816662844128726070022445944982278091128,-0.117792087880164810760695945126540319977222284056815757024361,-0.188177675526357703739585570045963619072573566149197466354760,0.440596437444892462428525121788114577411699486562401135350282,0.104909589991377794742215084672478851040019489179191591184632,0.192181342157928218679117002046367925000607035599116981756238,-0.0857688351033906549740129394927236008045184372096608700444680,0.213713654034338561565785544969062454130999539453516692137946,0.105420943210034038443124814548713503513615921904306988489322,-0.0280001609839282129674523253873141110651154451548997896134692,0.292214231743407019195029323828832581406188104135425193441585,-0.158082141802028516437419994622480877265130806196177935888400,-0.0960951970356706253753772748127125609087476988200944317375979,-0.0750778406807805305855126117596503218591369218566464374008956,-0.102411069597527241160599012294887055638006392628637665264417,-0.302315140513346850240019989779328963522428133843005454439978,0.132076202406312772284888614015917091996834875435525441462436,0.448778348197623366073092083801766658885706798547131509608486,-0.116874452278929028187276454866395904386618301305891454144585,-0.236879307533205396003332395713443695347889301353170226251579,0.109699214440177636181810897029610122055426004819147186681334
-0.340496432160600290004816662844128726070022445944982278091128,0.321748298458920797833815340861662244680438985285710124669571,-0.149022468755644577532791398820977269116882122853655556130308,0.0275456432345888370393405468852408046536402379633651982007129,0.0743067512114182968024463020028370182587642234644287230277985,-0.367751810659081976449276193195280352264924120669159267994130,0.00627643463952919652525833004889086744905420141895321601207579,0.0349444322432638211643753846149722310595094867044667907430538,-0.366746261074294114246917473015233058985346256432498210136676,0.0616566622536589109630546245603171829666651297386690748527200,0.287442166639877226458107827401790374331670184819299626241174,0.278603550081006561642477736007464506143680376510553295130666,0.172875064870569008789553199562085740334032090427701977511519,-0.195636608756088825573166055083425154291646698510966435183472,0.211100582231053826000934663384346182618885685231926610283722,-0.0695515404226079983811301782843862228195353091115076617166703,0.0420223252739862346140339684036583423964332664365195597694134,0.297920707418293209972089917021448937353945339455799915594979,-0.223829847577517901654989976778323537398583600473421626756485,0.236110380271197151964499774428465526724540782825254317452197,0.0554272341017415318977720664755953838330477395374017374156319
-0.340496432160600290004816662844128726070022445944982278091128,-0.159704826726039017489523669251660162000712694498517809338180,0.128651892262285072138292197767391583966159991590467825266452,0.222513358268548887550528976159153136864630463949830687338821,-0.132653491126292641012895442784478247519238016344769782139089,-0.146244543079697781704637548686069562757030232840499736456042,-0.0426011957326707391964486017957412677599021482385088507443553,0.330302447775903506492379068185014689854510100793282323173210,-0.0144904425413321669633400582508187255272771210252605925907207,0.0172662567538858739919497661928719312065245782044146020148725,0.391827136316784662574492430391641728249872265177246920437763,-0.152950105832488434286488312564266037127366427722099105029876,-0.298499821592049143573185298656729209250136628285626363124765,0.210499361136412214085047286424940656208291608418745553919354,0.318201328240448031976393833867058209827989051986747235142149,0.00329663397194043931204821016260662654103828135443671689790080,0.153538911819898695958729990779799321192358895201035892072234,-0.252440403297090339665735056819009620068756851507926692875744,0.0179004102183142337837778412087101586538806028320399115742751,0.377247437457698589236900858655306392442217300856506503790686,0.0234997411456753478729708475813697079029471124528184534607150
-0.340496432160600290004816662844128726070022445944982278091128,0.263668854728620580901810306185435865862672579609367692019985,-0.00372859919359416741026774799264443808150269440867759728667421,0.162471990954654465588240654628438908347200994700266155645218,0.159341076482767157520213989716325697688696329582665232769423,-0.0374873103918294502377465023055649101751853390576344084080416,0.171123643565226642519764125994640264698935153796573571924023,-0.00485156985353271186941391077938604197344075759412848647441323,-0.321517480871986330962800960048079089104966744005977371660753,0.291274583744211352632982264381774724740497124118622606525035,-0.0822946755310326599123232458376096764826099266556547534058073,-0.160493232436547743947420331737176089618547814470053436104588,-0.422270630723677141747273632370809950885107575245137900813191,-0.209245356423143260267512926279782570906335641183289172941414,-0.263441053778204768732400642090216162913416547974844752459049,-0.243519083823641631451415303312573386024936687037388753780807,0.0326756138104682888962823697774338526458917661690170917205915,-0.0740242904691039333918355109935479393048656269035822122091706,0.341188672472751605914931798495056152896498256763496878530689,0.153684514469385980100224140079499134427714430850723966683017,0.117934363166667907148162198619713583569449509874858718273492
-0.340496432160600290004816662844128726070022445944982278091128,-0.0452083517030652759033926782132779571996910043439483243695023,0.453212754414355914054549313691500804974821604677951264636155,0.130470694277613571696542193420219931018916760710414868161420,-0.0355747490586378475243334985588832047728416465929672126564045,-0.0240979093626333043506312046834661518309444714753801443770470,0.163446867343684442164195014290105613731899557615405597429923,-0.279425772284045289319279591522655336838724898924740437276839,-0.130951276440487415175871554131299977822398459135415900672343,-0.0391506470902468042422543218288100595069284770097515754156393,-0.180817125355800449007245289780359299576904365818766622247188,-0.159200385988671575101343908651772515363314751345626195951666,-0.0712228338974849564598034291907068158344983515742281937223168,-0.137303641058108375324493496346756327470098499313858647401332,0.319883086383870484164139317590108603661125711886402674679556,-0.0507917954684476241842250720347176435495140975950082069678449,0.519416306602864116791538445770437540415223031067143409994513,0.212007055384143780154953020845676946980712224800044213683475,-0.115187136460715217760063277542846121285580437253506707920656,-0.0543111965077206407535578234541589622283669376976118204052791,0.128239668233574162068528020740272611215543153767144868203171
-0.340496432160600290004816662844128726070022445944982278091128,0.0263599598279145749055580265166592952775992484446111534637683,0.260278291406115978121597814155445418370197140319461934807361,0.169687419924413863766811202278797944627433390692937351908132,0.198340775696524927693386773956454749364022311527448524731235,-0.351809060970810167626914323856890740425880904649106335490405,0.293140459837741830897090944449314632723051488464027730495565,-0.129219898599167137546285250384146923999298918899679532254488,0.369176256954667863833625262321327593185267271320014448172718,0.378828272999566975763523927941457441815137166321801129435884,0.212564721880229647677059050391621058464628180323928970368199,-0.153738778184782167700456739355871624313756811207469748173005,0.140282117294122783465425737004552181708288371543778527464687,0.166612910446002925230675477066107328255785733322508450313545,-0.107893345632868982935373795397443207220606039459967660646157,0.124632651586762847343277018779795775723677453698229678707186,-0.117810213507205220716124443922746575661387107258441870828510,0.255367231981730820563145163074595627227322938528796659118493,0.0852579149320881621013831004460826945175943586353376894751087,0.0910844913897534773673556508226642238809687278567978461586311,0.0565633998638854700273446395056001578014174988038920010525775
-0.340496432160600290004816662844128726070022445944982278091128,-0.425287860267140935235996597042737369494539543736103078341423,0.126873936927754257790994239230909785416332021388808708079749,0.181143461745406299382341797341127136430972328192661236701313,0.389598097628305594020117127493177371941312487243567264678482,-0.175771625445350155092396582275732903236555648775465320007788,0.177876160435194328262668500042529013976156281801282399758305,0.00315925265574121440640698954059308493993108584552759463325431,-0.126680204423352670232632600911628378003883720718090495874067,-0.133838303370927196861244308315754568305129475240118890414942,0.174009993726711090635058725157433727983428549006515429121217,0.277450861725380590311811470287369914740318282335774704386502,0.0572360514166815187656467086959373803553432334519397659805136,-0.259779088879123958566162832767164602191951651173872363557396,0.155945045015121871818803449381737778099996826964084863285441,-0.124131500209368473007005975404004301688612716755826071101378,-0.0353013547274401486555519151880022420171840504678672981029516,-0.0935580534140811338680483038656792672395948206131099738206127,0.350114725784138879267301368462810955187586027468898732687786,-0.148367688643545991830324786735256993143585073723935470690232,-0.183439298368059658171334415973645307130549606949949604136089
-0.340496432160600290004816662844128726070022445944982278091128,-0.0530945494639113604488414567728726787776771843603964923061660,0.281864614533558733779556633517363154068322438181140463783522,0.0146311242116323912341467040185609398837568770532382030093348,-0.158863249544109398067487434707290426174715419214970153570140,0.133880169521147171816501648584625530237464320179222392873455,0.0577964562490109004984103158293184523244220851852714763350962,0.144423218348753048538399795342160309531060232766427287003891,0.00433144059081742909943449690733694249500033894161975202017745,-0.249619613126059287314259000972948717937966057020800315820452,-0.00596225233030795129159028946905141850633425839439869577301820,-0.160565402518778294180645468303425398251386181918386134466876,0.307447240787339875866972308846130771706454856654750625958102,-0.213261331810035230675363694547459379372756850741548715194102,-0.00171789475774712684863404798833412213975024251200534959446546,-0.292180758076562040628047113519581979061999562508820288370403,-0.233392236979576681759537601614171598989985582994443926218751,0.241695930466641894939177384672652903957551824622460954723016,0.259732946798719179938978305658961012572230456879347943800854,0.457490794448235844254063574511337431271554837177056323157552,0.176213910341698535467167305336994416476397961443235242299674
-0.340496432160600290004816662844128726070022445944982278091128,0.0825516851585178094533458967613192538863501775050403606304186,0.277200280664281019262198014424272888086514073456703362605122,-0.224860957940404890164792428376759015985149264002378562432109,0.542323506186039328535254061666528060665444342452232800567817,-0.127439305783885469337306523569398960553250014415934211222678,-0.172475433923346657461158563069622985604070135685222536196237,0.116352449886381610964257348609154533859282583151955752512232,0.172875178719895073671010993314466742535719743679978204476193,-0.0650268472845270081053246882715539505449360322831773928017998,0.0326244475292935519795818859320197888979147348158341679657166,-0.159188072076209342546560115525005494061301845404431116426010,-0.113187278094141621018893078729682478062826099363245538381663,-0.136618421257378612328352553664331555823450668326877169385754,0.0596735752843986142943006738967685585236033691096591257204493,-0.364002023255042438088733523979263063663219969918694111143815,-0.0862900648913960316638361776788007310277105244143669342272886,-0.147233945003417878235747593527007306296392348722228051044002,-0.340147555079362527622018613776042637435919013581834129614336,0.0435479832581411275469957086365864241267198826297283950331665,0.146387330322884208065813499102418531807170796078481586093675
-0.340496432160600290004816662844128726070022445944982278091128,-0.0723635908408337122165837766612036395578588797184841012483718,-0.355278318790215728496564410807457650757887875485963207308879,-0.0819247059369008669205626070995357086739579350930851299063789,0.0597727242394794313683180614415204013572216815478254651166116,-0.337320789662139770360278815832130003715510840587728585573658,0.0474665518944670910357599392008186007769104614707438273146879,-0.186669712425339013505810666730166486224313343792912249068840,0.342045688014095019799559748970319737734517871704126991728223,-0.295502760805494083363724543153947658410441625766899083544199,-0.0857225048992650228254587425329739365993271520785173698843075,-0.160586864751523272539640898459716979802632120353031837728597,-0.329633035682375162249867787153763523430587370169808902838038,-0.214455618913328764568274452925786845050359482940140557720584,0.120691073272260865972308859412201858943657413531512274197580,-0.0506137991283884555524622081262642533273219011480725935374053,0.104427002806920647464922511316529134943122793841273427726454,0.242546784490615870836642195829298250642077602258214619103114,0.126622776062168362077634239032334863295615131991808737856727,0.283842305148451803099913656351415763199328352675492126546577,-0.125976233260425097135072478806360188636962896687960375283025
-0.340496432160600290004816662844128726070022445944982278091128,0.0588628660905099751173734460574704532495238425535997730558290,0.240692642902601509609214430422157129940040885509947192752758,-0.0924893991456634059668851021589532194037778908751556684121976,0.119664350711172538127949306116931384087763115898185813356363,-0.0775343031476084505318340918943122965397433824619580200412379,-0.375180463777317003933074070229979000557847521326126159176347,0.0324032868837898960260492486299357062967231937697371945405629,-0.136360912433116558926886191893439649183952475946383976823184,-0.114352339136993607647496554059975538878241782376913150504371,0.217734452873900978793476539880889792041789507608646775721520,-0.159889051209956050918386585040982467458356919602603704972099,-0.259716173697335343523286182429052251342463760001841674703561,-0.175625096334436684497999066788320239244751590521194420305506,0.100582912313946209410900370937835922503507268360802985723671,0.423578717428138524661483316677252927033553904125666321312731,-0.176080690053846575547964974100731552459681242131328288406123,0.304065853494650595919228433749241242641346132853904945185392,0.271838190304636213772922818962156275415170504252971825276899,-0.142622447773144344664770099970250865807474369681666383143847,0.204438098146921300756717289741104270420389315596998834085683
-0.340496432160600290004816662844128726070022445944982278091128,-0.269799149939044616442305337560471366750352324240765197550933,0.192190807096029926530579903793278212147334370609111741879402,-0.298872512334428271189590654789185064794611804900481775825535,-0.346781236859170568416382842043261928176309235577862118966241,-0.365481559308921561435305758718690816752607912481822258951841,0.0436126548778641256704285989912961826988040165146473379944486,0.00136638125808891065385452961204864975188097401835731382376529,-0.140550175223382589701802711395838223050777943406031314671589,0.0243965864901560792703964110933967662022743231654805219988518,0.317234873928362328519461085367713444331640195687680773770270,-0.160563877798731169879943528798504638209847343169477697177532,-0.112202205353052866248132907265019549101110814826900592140924,-0.213176487259607935525902058598142263700931050539613654442285,-0.355325359926151270444601738939379306247939785997658341444508,-0.214713335833137654027165283272601607825425043304940906976517,0.0544192263695880899951438857719738018496060702371993516638823,0.0753361612141917885476547416542451682510200627318683348693984,-0.113472787302496684494010723286304435877672781681578765241744,-0.135991495319140952655154388703139196082040648525906141937975,-0.110018588443445819276731962506135361661758856868896098847077
-0.340496432160600290004816662844128726070022445944982278091128,-0.184703379416147104361418712002254631192450713560404216138409,0.189371464549919366891624780609588375213474517767987803225077,-0.101229945298013123044682750167913712721186526503892178093570,0.0522507948274827195823511284710377372774208757622150280670001,-0.0123479709616626406348176251291212204483778168196310385182930,-0.359935662669266247829596352299093864734324469566577817591662,0.252765314117212154546928297552158935713141924332295034369744,0.133645677767228896458282933000570389277723537248598120934884,0.422015248854712039343142018271488703677485054432407065826117,-0.174837345456756321698826686851880659591955249977916883697683,0.279787241077590727087416771660947885058332191913136777424827,-0.0983647269417579272539671315886988208128171962995085871762637,-0.129768956107698691207782679763571021064217141742047604855929,-0.0242509840396957395322305398586553508488836752000951576533347,-0.0832922202026302759722344966208086098039005757595212359667127,0.237813705617047746229535629780191687148874853451134049065491,0.307269469425526562047116754553958627108672334324923949231668,0.112038469800427592093526029651107402602250967976470917376026,0.238590040824737822294257286874598642070726001742269188588233,-0.219579443995495843077243213128248105923357625013373904113854
-0.340496432160600290004816662844128726070022445944982278091128,0.178497828213460477946418282104664262391395526157967178059253,0.0747369205402787563116522746756158368679070351596291641618261,-0.333928008547168276927011358110839615527686925354250122087147,0.287832013352895889470673162377562139407905247977205963935966,0.137314324417179318671568619169477744263546403994311617643482,0.0855236135494545843881982306477071158444141597758282820740225,0.0364512770122170483854298197820764311457283472517159531817643,-0.122421722211577512355920522907077782517660968211431948138474,-0.160022780990624797834966964610167674633637721289281945405735,0.313327116049838022143741463383472960060909824880337603448491,-0.151094913623068630283293637823273712285410420600239488450279,0.0512096042847938095120503686907543997313981220821555189238140,0.313733360886932714397152213181985903201723283477903793964847,-0.0568139960930025918547193306772117812710173948600359128466493,-0.122088322505303794080767076561641933429074559257608099289846,0.351666063659001913577413271384627748889330661450114113186722,0.221872063185243983055487464685530756078590943925923317366873,0.268450682569268360419676104083965279794449100703196203790609,0.0774340559704828010771817214774636347401596327548035438186436,-0.304993959575248806995997665986739348984819581454882591529599
-0.340496432160600290004816662844128726070022445944982278091128,0.287113241026395863021115936831135235940336444760427458282028,0.285955439132366479438424574763713589785787157568639275558057,0.182433869930770929101095228856640429817711689858782263925738,-0.183132314308657783765661807033386663490998296007096945220670,-0.204549021016071053655739616187983508108340096097761847488896,-0.226134211778820208264370924953015562619294354078664033352137,-0.211659638890689862875031550621054719186165645358875253231578,0.136499235578684305265671102429078754573895115585395960244448,-0.164064082975596635773265937676431541499705593807946838877867,0.0868841385413157630046532177621837532472866725429466758598605,0.286311462602240533928387498799217584090758544090546434665446,-0.224699997533034958533083850838662344429907124924559080784539,0.233277783646925926721698695235434411652208402271555844874609,0.0671467518461921853044739745830763724734415851004571327296619,-0.429713755645869687045080256811804078277123817055116404337654,-0.120989352991453550837171830294452174887712510261981132969443,0.0997720811466221848913707724731751814972337614583000997220015,0.195163233796022351333347536572615477606538444836386209777019,-0.120911910289050030569650676048539341462530006493266484811638,-0.0938970326951728936477168621400741822315464685423393165390109
